"","game_id","play_id","avg_play_efficiency","peak_frame_efficiency","final_frame_efficiency","total_frames_analyzed","nfl_id","player_name"
"1",2023091004,592,6.98696705958885,14.0911631568671,14.0911631568671,19,56056,"Trey Palmer"
"2",2023091004,695,25.8576198185535,77.6865717867121,69.7199970002129,28,56056,"Trey Palmer"
"3",2023091004,1839,15.7076088472774,26.1862789922577,26.1862789922577,32,56056,"Trey Palmer"
"4",2023091004,2177,12.6059394157515,24.3680663316464,24.3680663316464,33,56056,"Trey Palmer"
"5",2023091004,2505,11.0615057377218,27.5465621201288,27.5465621201288,15,56056,"Trey Palmer"
"6",2023091004,2850,20.0330148253493,32.9289517215864,28.25472261284,35,56056,"Trey Palmer"
"7",2023091004,3849,13.8909806909173,21.5152084543006,21.1304820016977,22,56056,"Trey Palmer"
"8",2023091004,3874,12.1062868929101,23.2086256636865,20.7891146179617,17,56056,"Trey Palmer"
"9",2023091004,3922,12.114483676873,17.9795035345005,9.99097044218522,29,56056,"Trey Palmer"
"10",2023091004,4249,39.4738051723936,53.122779345791,53.122779345791,21,56056,"Trey Palmer"
"11",2023091706,237,31.782579857067,55.8339245232879,55.4144161318313,29,56056,"Trey Palmer"
"12",2023091706,676,33.4758676736225,98.3027429509424,98.3027429509424,31,56056,"Trey Palmer"
"13",2023091706,844,13.6373494751321,23.3445711138254,21.9562769495768,22,56056,"Trey Palmer"
"14",2023091706,1087,15.492755505535,27.7406161280281,19.2077281692122,51,56056,"Trey Palmer"
"15",2023091706,1361,10.9674595976843,16.0262324382033,15.6449275585405,27,56056,"Trey Palmer"
"16",2023091706,1703,9.59110545410076,17.7227237119733,17.7227237119733,20,56056,"Trey Palmer"
"17",2023091706,1750,34.8002115736312,120.399747088932,120.399747088932,26,56056,"Trey Palmer"
"18",2023091706,1852,10.4765030332071,21.270910060179,21.270910060179,20,56056,"Trey Palmer"
"19",2023091706,1882,30.2060445511187,118.08314170097,118.08314170097,28,56056,"Trey Palmer"
"20",2023091706,2465,28.6002867471244,93.8531327744817,93.8531327744817,40,56056,"Trey Palmer"
"21",2023091706,2583,32.1817425116092,80.9596057187524,80.9596057187524,27,56056,"Trey Palmer"
"22",2023091706,2962,28.5797258413355,112.729589470032,112.729589470032,27,56056,"Trey Palmer"
"23",2023091706,3751,20.0219928789918,30.040836147974,30.040836147974,26,56056,"Trey Palmer"
"24",2023092500,100,7.12338225648443,14.8496000595732,14.8496000595732,18,56056,"Trey Palmer"
"25",2023092500,180,9.10602406495425,24.9182847105702,24.9182847105702,29,56056,"Trey Palmer"
"26",2023092500,418,4.3467331805722,10.4657658230143,5.34333813263816,28,56056,"Trey Palmer"
"27",2023092500,450,-0.105276872419557,0,-0.136457537028444,16,56056,"Trey Palmer"
"28",2023092500,861,24.4002109907291,60.715399895123,60.715399895123,29,56056,"Trey Palmer"
"29",2023092500,1081,1.98893380749844,15.2866668061234,15.2866668061234,16,56056,"Trey Palmer"
"30",2023092500,1155,4.81047586446645,15.6015356150184,15.6015356150184,15,56056,"Trey Palmer"
"31",2023092500,1180,15.4095227381541,44.3822863282739,39.4073861281604,32,56056,"Trey Palmer"
"32",2023092500,1384,18.408095284427,28.4920511254827,28.4920511254827,26,56056,"Trey Palmer"
"33",2023092500,2007,31.1528078879345,53.8109574873049,34.1515052190475,35,56056,"Trey Palmer"
"34",2023092500,2658,14.010880691577,28.0420796257826,7.26222214526275,34,56056,"Trey Palmer"
"35",2023092500,2728,38.3254597035219,69.0985797533697,41.1115501326674,43,56056,"Trey Palmer"
"36",2023092500,3272,4.62322721043005,13.1093203089373,12.5538723552594,22,56056,"Trey Palmer"
"37",2023092500,3307,10.9559906274223,19.7935403766632,19.7935403766632,24,56056,"Trey Palmer"
"38",2023092500,3359,4.79710670541432,14.7084584800457,14.7084584800457,17,56056,"Trey Palmer"
"39",2023092500,3406,7.20527913780592,11.4394164055835,9.72886933930826,16,56056,"Trey Palmer"
"40",2023092500,3436,1.93098888239488,4.1312088195329,4.12198284472415,21,56056,"Trey Palmer"
"41",2023092500,3481,2.40975847374632,4.45701766398834,4.31969417674331,13,56056,"Trey Palmer"
"42",2023100107,455,6.20824380943232,11.0359187611451,9.91336878774155,28,56056,"Trey Palmer"
"43",2023100107,584,12.5033340634645,24.2059084296394,24.2059084296394,22,56056,"Trey Palmer"
"44",2023100107,808,-3.90468412689766,0.585743611635336,0.585743611635336,33,56056,"Trey Palmer"
"45",2023100107,831,12.3375219881531,17.8648299092172,16.7044258038417,35,56056,"Trey Palmer"
"46",2023100107,1195,5.13657072835605,11.8874809380123,11.8874809380123,28,56056,"Trey Palmer"
"47",2023100107,1220,7.05549399223495,10.8679934668775,8.1161627802671,20,56056,"Trey Palmer"
"48",2023100107,1374,22.3552623024577,95.7182836303508,47.264039900764,37,56056,"Trey Palmer"
"49",2023100107,1451,9.28795751087875,17.2476291175296,17.2476291175296,19,56056,"Trey Palmer"
"50",2023100107,1564,20.2427587958967,28.0392235429612,24.5913853768461,23,56056,"Trey Palmer"
"51",2023100107,1634,10.4807643915299,19.3502073883826,10.5060797012863,39,56056,"Trey Palmer"
"52",2023100107,1936,12.3123343838257,20.7441053510214,20.7441053510214,18,56056,"Trey Palmer"
"53",2023100107,1968,5.21241049211414,10.8373196978754,10.8373196978754,24,56056,"Trey Palmer"
"54",2023100107,2020,53.9499817207142,129.131821214456,89.6687859959087,41,56056,"Trey Palmer"
"55",2023100107,2097,8.58541759680806,12.8464112996721,8.26034480327004,22,56056,"Trey Palmer"
"56",2023100107,2127,18.2791012698342,35.2479131743945,35.2479131743945,23,56056,"Trey Palmer"
"57",2023100107,2214,8.00663415308536,16.1611670609914,16.1611670609914,14,56056,"Trey Palmer"
"58",2023100107,3178,28.3459607170362,136.608693104768,136.608693104768,32,56056,"Trey Palmer"
"59",2023100107,3843,10.7187006336766,25.0232380590055,24.8720168252843,23,56056,"Trey Palmer"
"60",2023100107,3894,8.1249591578008,16.3982376776737,16.3982376776737,23,56056,"Trey Palmer"
"61",2023100107,3919,0.678780352764311,3.76705781400359,3.76705781400359,21,56056,"Trey Palmer"
"62",2023100107,4000,16.0854511578402,57.3468649141358,37.3259739345454,39,56056,"Trey Palmer"
"63",2023100107,4063,7.15163706403409,15.0109543560004,15.0109543560004,14,56056,"Trey Palmer"
"64",2023100107,4093,11.7585887814218,21.5190085112621,7.03020103483521,77,56056,"Trey Palmer"
"65",2023101508,124,8.92339743301051,14.1949799406381,14.1949799406381,19,56056,"Trey Palmer"
"66",2023101508,147,31.8091163854895,111.312550922331,100.551984472046,28,56056,"Trey Palmer"
"67",2023101508,925,7.34625799435148,12.9855791823648,7.84341062172525,21,56056,"Trey Palmer"
"68",2023101508,1199,9.5129185833522,15.6610217118487,14.8220193147052,22,56056,"Trey Palmer"
"69",2023101508,1224,38.5987210846593,123.465899233126,116.467901199879,35,56056,"Trey Palmer"
"70",2023101508,1725,0,0,0,19,56056,"Trey Palmer"
"71",2023101508,1750,69.0479337443199,235.4821748006,235.4821748006,36,56056,"Trey Palmer"
"72",2023101508,2360,13.3915740195335,18.2072144406173,16.01938355736,28,56056,"Trey Palmer"
"73",2023101508,3205,92.4634928602853,209.595862521203,195.616796507543,44,56056,"Trey Palmer"
"74",2023101508,3230,19.0585040354414,103.890045012672,103.890045012672,27,56056,"Trey Palmer"
"75",2023101508,3650,6.17073881792207,20.890428491097,20.890428491097,23,56056,"Trey Palmer"
"76",2023101508,3673,6.96361544477626,16.241004826632,16.241004826632,21,56056,"Trey Palmer"
"77",2023101508,3729,10.6505219910451,27.8549803117775,27.8549803117775,17,56056,"Trey Palmer"
"78",2023101508,3754,35.9035830973356,81.0051647148313,76.2034138804159,42,56056,"Trey Palmer"
"79",2023101508,3809,28.1557523889418,64.280461889867,35.5793848750264,38,56056,"Trey Palmer"
"80",2023101508,3834,23.5009440977985,54.7958233865782,42.0704243757662,31,56056,"Trey Palmer"
"81",2023101508,3857,42.6534268664847,108.587349726076,98.1042327913777,39,56056,"Trey Palmer"
"82",2023101508,3880,27.9238129463733,48.3654853864047,48.3654853864047,35,56056,"Trey Palmer"
"83",2023101508,3903,20.4575665654604,66.6475465235082,66.6475465235082,29,56056,"Trey Palmer"
"84",2023102205,256,10.4367462810459,38.7165656875276,24.6447036091895,31,56056,"Trey Palmer"
"85",2023102205,279,10.3283581072118,15.3695855382496,8.0552046690181,41,56056,"Trey Palmer"
"86",2023102205,644,4.96872999344818,10.2369168004022,10.2369168004022,21,56056,"Trey Palmer"
"87",2023102205,715,3.89848754966872,8.63390996953864,8.28146787326527,20,56056,"Trey Palmer"
"88",2023102205,784,4.82170537034411,10.5931539696379,6.81328879275203,27,56056,"Trey Palmer"
"89",2023102205,968,9.59661460803093,16.8340461278066,12.7528689774798,29,56056,"Trey Palmer"
"90",2023102205,1057,11.6849101003558,14.96020063838,12.6303284948724,20,56056,"Trey Palmer"
"91",2023102205,1106,19.3459516758333,30.2867276729164,22.592450416075,26,56056,"Trey Palmer"
"92",2023102205,1432,9.77057293592318,18.4028345472717,18.4028345472717,31,56056,"Trey Palmer"
"93",2023102205,1457,19.8248109948102,66.663885428045,53.1655622504622,35,56056,"Trey Palmer"
"94",2023102205,1487,15.0791782208783,35.2801074002302,25.7031347672572,41,56056,"Trey Palmer"
"95",2023102205,1637,7.0057436556509,13.6675550740972,13.6675550740972,18,56056,"Trey Palmer"
"96",2023102205,1749,22.9724043223993,32.4358561789956,29.5701815831194,24,56056,"Trey Palmer"
"97",2023102205,1772,21.0537107991442,26.1316923613493,22.9390606102249,26,56056,"Trey Palmer"
"98",2023102205,2458,17.3275952408011,45.2660578539035,45.2660578539035,29,56056,"Trey Palmer"
"99",2023102205,3293,5.80727202089411,9.41312512003237,9.41312512003237,25,56056,"Trey Palmer"
"100",2023102205,3318,27.2593230137643,44.4337224681425,38.9422918382458,34,56056,"Trey Palmer"
"101",2023102205,3694,17.7243482583821,83.9353407979343,83.9353407979343,25,56056,"Trey Palmer"
"102",2023102205,3744,16.7903754770596,30.3469512925446,28.4821668587369,30,56056,"Trey Palmer"
"103",2023102205,3769,19.4130672190957,107.812680539684,107.812680539684,26,56056,"Trey Palmer"
"104",2023102205,3959,7.22829120091192,18.6497544926563,18.6497544926563,24,56056,"Trey Palmer"
"105",2023102205,3982,15.2792611275203,27.38052852093,19.0302332474335,30,56056,"Trey Palmer"
"106",2023102205,4063,12.0734593719805,21.8454194648303,21.8454194648303,26,56056,"Trey Palmer"
"107",2023102205,4149,19.2674461189037,24.8132013157539,24.118446699081,24,56056,"Trey Palmer"
"108",2023102600,109,8.42981741422847,14.8308114052637,14.8308114052637,24,56056,"Trey Palmer"
"109",2023102600,138,3.70350773139892,10.3500339788054,9.22978039170904,26,56056,"Trey Palmer"
"110",2023102600,210,20.2681931006571,48.7717381909131,48.7717381909131,18,56056,"Trey Palmer"
"111",2023102600,743,13.9025003143001,23.6539366548564,23.2945280187179,16,56056,"Trey Palmer"
"112",2023102600,1116,5.40138335715496,40.3193988134015,40.3193988134015,27,56056,"Trey Palmer"
"113",2023102600,1363,32.2947209461635,95.7707821324561,95.7707821324561,29,56056,"Trey Palmer"
"114",2023102600,1459,11.670605862921,22.6699391809519,22.6699391809519,20,56056,"Trey Palmer"
"115",2023102600,1482,21.9346360262844,26.9627869481038,25.0218064752447,20,56056,"Trey Palmer"
"116",2023102600,1997,7.82898789582632,12.8933455061462,12.8247456698176,20,56056,"Trey Palmer"
"117",2023102600,2055,13.7232051976173,32.8952657433964,32.8952657433964,19,56056,"Trey Palmer"
"118",2023102600,2080,9.77147826105233,13.1652022981871,9.15816579033131,21,56056,"Trey Palmer"
"119",2023102600,2163,29.55557504481,53.2420614539637,53.2420614539637,24,56056,"Trey Palmer"
"120",2023102600,2992,1.70497833584889,6.23096601465846,6.23096601465846,24,56056,"Trey Palmer"
"121",2023102600,3444,7.68199738274332,14.4208320078578,14.4208320078578,35,56056,"Trey Palmer"
"122",2023102600,3729,8.97806795977828,16.598506651257,16.3479706001134,22,56056,"Trey Palmer"
"123",2023102600,3752,24.1575229391388,45.2755508476003,43.4553369999121,34,56056,"Trey Palmer"
"124",2023102600,3843,27.3167259275229,50.3288626696715,19.4592040261732,37,56056,"Trey Palmer"
"125",2023102600,3868,17.0905146240099,34.4312669552156,12.9167785839931,31,56056,"Trey Palmer"
"126",2023102600,3928,3.5017789214625,12.8058482486691,12.8058482486691,19,56056,"Trey Palmer"
"127",2023102600,3953,9.00672875236274,15.9128827596769,14.9858924635567,20,56056,"Trey Palmer"
"128",2023102600,4052,34.9110542451607,91.7615285608612,91.7615285608612,31,56056,"Trey Palmer"
"129",2023102600,4096,12.0395966889689,31.2992106853665,15.5316207085868,39,56056,"Trey Palmer"
"130",2023102600,4175,20.4599004329515,38.885972424826,24.469110010348,30,56056,"Trey Palmer"
"131",2023102600,4198,18.5720806607023,30.6241265473993,30.6241265473993,15,56056,"Trey Palmer"
"132",2023102600,4260,22.6253672213337,48.435360385453,28.1725870842355,37,56056,"Trey Palmer"
"133",2023102600,4577,31.2273245696055,79.6798363393675,79.6798363393675,35,56056,"Trey Palmer"
"134",2023102600,4607,39.0767616898199,60.1718744332419,42.7166164208486,46,56056,"Trey Palmer"
"135",2023102600,4644,46.6144916484737,74.5049597881926,69.2840052126207,21,56056,"Trey Palmer"
"136",2023110505,145,0.48057245287889,0.560132331052184,0.560132331052184,22,56056,"Trey Palmer"
"137",2023110505,203,10.7346155699571,31.4972465384138,31.4972465384138,25,56056,"Trey Palmer"
"138",2023110505,226,26.6016836631314,36.1052434563978,34.9884143784987,46,56056,"Trey Palmer"
"139",2023110505,577,2.14291037225958,6.14967357417416,6.14967357417416,18,56056,"Trey Palmer"
"140",2023110505,709,6.73639200426662,10.3681759798463,9.09882745832163,19,56056,"Trey Palmer"
"141",2023110505,768,16.9705190600308,42.5678397232963,42.5678397232963,28,56056,"Trey Palmer"
"142",2023110505,837,6.06984344131144,12.3451080573209,12.3451080573209,34,56056,"Trey Palmer"
"143",2023110505,1111,42.9234085067303,93.371431732399,93.371431732399,40,56056,"Trey Palmer"
"144",2023110505,1386,23.6006831158764,34.2227128636304,28.0117207909177,28,56056,"Trey Palmer"
"145",2023110505,1768,13.3965749114918,19.5011117039298,18.5462847196032,25,56056,"Trey Palmer"
"146",2023110505,2138,10.642467577053,18.9474445378564,16.8411608049978,24,56056,"Trey Palmer"
"147",2023110505,2174,29.0433015432097,116.946661800801,116.946661800801,36,56056,"Trey Palmer"
"148",2023110505,2219,39.2721608759435,202.369485597636,202.369485597636,36,56056,"Trey Palmer"
"149",2023110505,2269,27.3605892207392,48.8430886279673,42.6787945625883,43,56056,"Trey Palmer"
"150",2023110505,2499,7.81629327425655,13.041140327662,9.21292217686472,21,56056,"Trey Palmer"
"151",2023110505,2853,-6.15507126211425,0,-5.55531327338822,34,56056,"Trey Palmer"
"152",2023110505,3257,7.82148769049555,24.4176988051862,20.6873706472034,37,56056,"Trey Palmer"
"153",2023110505,3725,15.8241732117928,30.8678018607256,21.0456676269568,31,56056,"Trey Palmer"
"154",2023110505,3955,18.2074423191512,23.4818960190081,22.307730730777,23,56056,"Trey Palmer"
"155",2023110505,4103,40.1307899711676,61.5880382960829,60.7632994436167,39,56056,"Trey Palmer"
"156",2023110505,4179,18.635805620352,54.8799810390127,54.0093091147821,33,56056,"Trey Palmer"
"157",2023110505,4222,14.3562574323278,18.2932414861976,17.9994206828318,23,56056,"Trey Palmer"
"158",2023111206,444,12.9776267500499,22.0659999472924,13.8895842165878,32,56056,"Trey Palmer"
"159",2023111206,511,37.2176797786903,65.8747376611991,61.7649821457882,35,56056,"Trey Palmer"
"160",2023111206,782,-1.30951548902943,-0.792850544243421,-1.31972634086794,22,56056,"Trey Palmer"
"161",2023111206,976,28.6539341739333,114.519932108156,114.519932108156,27,56056,"Trey Palmer"
"162",2023111206,1001,18.6846536404902,71.3477259438883,71.3477259438883,29,56056,"Trey Palmer"
"163",2023111206,1235,11.7831795271124,19.4016787702186,13.8379634950387,24,56056,"Trey Palmer"
"164",2023111206,1282,19.3735370622436,37.0654814312469,37.0654814312469,21,56056,"Trey Palmer"
"165",2023111206,1307,8.04926015387185,14.4456861138287,14.4456861138287,27,56056,"Trey Palmer"
"166",2023111206,1664,14.8539779834693,50.8577272917801,50.8577272917801,31,56056,"Trey Palmer"
"167",2023111206,1825,3.03194251019614,15.9064779123004,15.9064779123004,18,56056,"Trey Palmer"
"168",2023111206,1877,9.8114759821703,19.4506506233514,19.4506506233514,21,56056,"Trey Palmer"
"169",2023111206,1952,11.8547733513556,27.9551465039491,27.9551465039491,27,56056,"Trey Palmer"
"170",2023111206,1977,24.6231476997814,42.4954050337148,42.4954050337148,28,56056,"Trey Palmer"
"171",2023111206,2071,11.9326964197355,18.1028390639082,14.7732867719857,26,56056,"Trey Palmer"
"172",2023111206,2094,20.5404792023878,41.522106836943,41.522106836943,19,56056,"Trey Palmer"
"173",2023111206,2403,9.65067744149661,22.5890547912269,22.5890547912269,25,56056,"Trey Palmer"
"174",2023111206,2450,20.1074186800469,39.5151939864942,34.8112741070935,27,56056,"Trey Palmer"
"175",2023111206,2475,8.09449965731095,19.0230352084544,8.47474605463379,56,56056,"Trey Palmer"
"176",2023111206,2527,31.5252917950576,73.4080300908088,47.8240584582918,34,56056,"Trey Palmer"
"177",2023111206,3005,16.1352914899837,55.5322207436314,47.163610929791,30,56056,"Trey Palmer"
"178",2023111206,3308,10.9508585060151,28.4456349622993,28.4456349622993,25,56056,"Trey Palmer"
"179",2023111908,1369,24.2446398923365,112.149265969315,97.6407479510883,33,56056,"Trey Palmer"
"180",2023111908,1519,21.3895506513156,27.7272278352391,22.8418827158235,24,56056,"Trey Palmer"
"181",2023111908,1993,9.60503438462388,37.2767525053504,37.2767525053504,31,56056,"Trey Palmer"
"182",2023111908,2016,21.4470222370756,34.9855266053965,29.1915872656254,22,56056,"Trey Palmer"
"183",2023111908,2041,8.08825215197564,23.6428668146414,23.6428668146414,23,56056,"Trey Palmer"
"184",2023111908,2274,14.5374486093014,51.3728124389628,44.1457903392858,32,56056,"Trey Palmer"
"185",2023111908,2359,21.7519292724965,31.1298112486447,31.1298112486447,20,56056,"Trey Palmer"
"186",2023111908,2382,27.0746250410554,49.3528358726199,48.8273794955201,30,56056,"Trey Palmer"
"187",2023111908,2774,11.2954990302966,21.9447988208359,21.9447988208359,18,56056,"Trey Palmer"
"188",2023111908,2819,12.5980508254246,20.700127291247,20.061125692147,26,56056,"Trey Palmer"
"189",2023111908,3083,9.36810906190315,41.4044803817639,34.6134987905156,29,56056,"Trey Palmer"
"190",2023111908,3113,8.14773765660215,17.740198672777,17.3051373898541,28,56056,"Trey Palmer"
"191",2023111908,3143,3.60678815649871,14.4361210435125,14.4361210435125,22,56056,"Trey Palmer"
"192",2023111908,3190,6.90870811474912,16.1603254581392,5.57713937751847,33,56056,"Trey Palmer"
"193",2023111908,3215,8.11335475572648,14.5737073870984,14.5737073870984,24,56056,"Trey Palmer"
"194",2023111908,3240,13.5552663977911,19.6703691137075,15.3976796765017,24,56056,"Trey Palmer"
"195",2023111908,3265,15.9455128975335,65.1064462130527,65.1064462130527,28,56056,"Trey Palmer"
"196",2023111908,3290,11.7872353086806,22.3182219985725,9.94569173275838,23,56056,"Trey Palmer"
"197",2023111908,3315,8.00870141185989,22.243609940845,22.243609940845,23,56056,"Trey Palmer"
"198",2023111908,3391,29.5585288494624,83.5893717654607,83.5893717654607,30,56056,"Trey Palmer"
"199",2023111908,3416,-0.674587571790995,12.5778249014756,12.5778249014756,19,56056,"Trey Palmer"
"200",2023111908,3446,22.984119505134,41.6462294315109,41.6462294315109,23,56056,"Trey Palmer"
"201",2023111908,3476,11.4242480411064,22.2018374192201,22.2018374192201,25,56056,"Trey Palmer"
"202",2023111908,3631,5.8535202389224,13.6737351822702,13.6737351822702,30,56056,"Trey Palmer"
"203",2023111908,3659,12.7061505216669,31.4039403386152,31.4039403386152,21,56056,"Trey Palmer"
"204",2023111908,3903,6.04724675279446,16.9974764564253,16.9974764564253,20,56056,"Trey Palmer"
"205",2023111908,4016,25.1572009773976,43.690516130916,38.3633845435643,33,56056,"Trey Palmer"
"206",2023112603,219,8.11899948206285,15.6821274527091,9.42196630984522,23,56056,"Trey Palmer"
"207",2023112603,299,22.3893424746962,38.2803233477007,37.2074117842145,19,56056,"Trey Palmer"
"208",2023112603,444,9.80504513784189,12.819555044029,10.3836842298431,26,56056,"Trey Palmer"
"209",2023112603,813,4.86809969905645,18.722124541148,18.722124541148,20,56056,"Trey Palmer"
"210",2023112603,1521,17.8797792708363,86.7924918562464,86.7924918562464,25,56056,"Trey Palmer"
"211",2023112603,2058,22.3030050658455,39.5455030521745,32.6083884867368,20,56056,"Trey Palmer"
"212",2023112603,2717,13.3332530407841,19.9435585030772,19.6843087126255,21,56056,"Trey Palmer"
"213",2023112603,2740,42.5199050738721,63.0337697143088,49.8605195293655,20,56056,"Trey Palmer"
"214",2023112603,3164,10.6032984874206,20.3728433620622,20.3728433620622,23,56056,"Trey Palmer"
"215",2023112603,3199,24.3453181019038,37.016076569287,17.7831225763335,26,56056,"Trey Palmer"
"216",2023112603,3222,36.833711346019,69.2874789511242,69.2874789511242,31,56056,"Trey Palmer"
"217",2023112603,3668,19.9979213519363,83.10820217155,83.10820217155,26,56056,"Trey Palmer"
"218",2023112603,3725,28.1424110522104,62.1893375486183,62.1893375486183,38,56056,"Trey Palmer"
"219",2023112603,3750,6.9613264522235,17.5975624042903,16.1209125933032,26,56056,"Trey Palmer"
"220",2023112603,4004,21.0177129983218,33.3604654689908,29.5171751046663,33,56056,"Trey Palmer"
"221",2023120304,254,23.6454653935595,36.4261689305849,20.5912442751421,18,56056,"Trey Palmer"
"222",2023120304,490,10.1624203061422,16.3490907424597,10.4363331450246,22,56056,"Trey Palmer"
"223",2023120304,538,16.7769683580418,77.640740874325,77.640740874325,27,56056,"Trey Palmer"
"224",2023120304,565,32.320812516612,124.729593623054,124.729593623054,32,56056,"Trey Palmer"
"225",2023120304,1371,20.3581113904889,47.0347077270986,47.0347077270986,25,56056,"Trey Palmer"
"226",2023120304,1626,5.09007156185443,11.2533424448844,11.2533424448844,21,56056,"Trey Palmer"
"227",2023120304,1700,3.43264278061879,4.96777177359596,3.35242555479657,26,56056,"Trey Palmer"
"228",2023120304,1850,0.720816390215147,13.3544535490116,13.3544535490116,22,56056,"Trey Palmer"
"229",2023120304,1880,14.8488347488112,26.6965324538598,23.143640138208,18,56056,"Trey Palmer"
"230",2023120304,1905,19.791376302946,31.7815518596895,26.3049584761442,24,56056,"Trey Palmer"
"231",2023120304,2004,17.0181488350729,26.4871500194858,15.7317988331294,29,56056,"Trey Palmer"
"232",2023120304,2429,50.3032538157361,143.756406802717,143.756406802717,25,56056,"Trey Palmer"
"233",2023120304,2618,39.1914884611194,104.33729607761,77.3041821620224,31,56056,"Trey Palmer"
"234",2023120304,2894,6.33186621382616,13.1759077135895,11.7895184500081,25,56056,"Trey Palmer"
"235",2023120304,3166,21.6781141735377,39.7156786046561,34.4203618354193,31,56056,"Trey Palmer"
"236",2023120304,3367,69.072499558263,173.93536812102,154.625684330108,44,56056,"Trey Palmer"
"237",2023120304,3442,13.0968279237395,36.8146916766297,36.2591345670815,40,56056,"Trey Palmer"
"238",2023120304,3960,4.41246627229087,10.6276247017122,7.22549666886605,18,56056,"Trey Palmer"
"239",2023120304,4035,24.5477008748197,35.8450280479968,22.4783427455599,29,56056,"Trey Palmer"
"240",2023121000,77,5.3981985974058,10.0150512279998,10.0150512279998,26,56056,"Trey Palmer"
"241",2023121000,196,5.188448915354,9.7724660016706,9.68447077459588,24,56056,"Trey Palmer"
"242",2023121000,752,28.4923522478495,89.9679700123759,89.9679700123759,32,56056,"Trey Palmer"
"243",2023121000,1245,9.42788541341403,15.4255484004404,15.4255484004404,26,56056,"Trey Palmer"
"244",2023121000,1523,22.8281563787378,79.787235318014,79.787235318014,34,56056,"Trey Palmer"
"245",2023121000,2449,23.8361929791688,93.2405800789531,93.2405800789531,34,56056,"Trey Palmer"
"246",2023121000,2746,15.5771421576628,25.9338128364867,25.9338128364867,27,56056,"Trey Palmer"
"247",2023121000,2793,48.7777641311857,125.751290309955,98.5789035477338,39,56056,"Trey Palmer"
"248",2023121000,3158,7.53755731436619,11.67690178773,9.95343137760417,28,56056,"Trey Palmer"
"249",2023121000,3578,5.02735044882596,10.0357860395588,6.0201160531632,28,56056,"Trey Palmer"
"250",2023121000,3630,-4.42000244034278,-3.67371988563817,-5.88353854724344,34,56056,"Trey Palmer"
"251",2023121000,3675,38.4646106822186,80.4956215744708,40.9604526548271,60,56056,"Trey Palmer"
"252",2023121000,4119,6.34400168671728,20.5032965489869,20.5032965489869,27,56056,"Trey Palmer"
"253",2023121000,4142,10.3731199180653,23.8081244372925,23.8081244372925,20,56056,"Trey Palmer"
"254",2023121000,4165,26.4905030060016,121.40883131692,121.40883131692,30,56056,"Trey Palmer"
"255",2023121700,56,-0.837517087108256,-0.396789710954738,-1.44090034223088,18,56056,"Trey Palmer"
"256",2023121700,108,65.1553257084283,266.406288021073,266.406288021073,32,56056,"Trey Palmer"
"257",2023121700,182,9.96011056467144,16.9140526476572,16.9140526476572,20,56056,"Trey Palmer"
"258",2023121700,878,19.7886874482843,63.1222002035203,63.1222002035203,28,56056,"Trey Palmer"
"259",2023121700,1566,-0.0167601604737151,0,0,17,56056,"Trey Palmer"
"260",2023121700,1741,31.0631836270805,85.475900443291,85.475900443291,32,56056,"Trey Palmer"
"261",2023121700,2039,15.6255910878999,48.2984521790652,37.5625431836971,33,56056,"Trey Palmer"
"262",2023121700,2062,7.92490432907684,10.5764112149062,8.68190665852088,36,56056,"Trey Palmer"
"263",2023121700,2109,12.9062626706675,21.2280975115557,20.6455178212438,18,56056,"Trey Palmer"
"264",2023121700,2663,19.2083204773071,33.7171119403998,33.7171119403998,24,56056,"Trey Palmer"
"265",2023121700,2710,5.62054600395682,10.8008610030845,10.8008610030845,19,56056,"Trey Palmer"
"266",2023122408,100,22.5207729728707,27.6464364730786,17.4624288643824,23,56056,"Trey Palmer"
"267",2023122408,258,25.9107565290825,108.407812409552,107.632977783178,30,56056,"Trey Palmer"
"268",2023122408,644,8.07484543627072,13.5272071968027,13.2715809329916,21,56056,"Trey Palmer"
"269",2023122408,1220,5.54793265952391,8.68425500101581,5.9670811953491,27,56056,"Trey Palmer"
"270",2023122408,1252,29.1261268925569,95.9925475914058,94.7991934927398,29,56056,"Trey Palmer"
"271",2023122408,1327,11.063988042791,14.350296702633,13.9135871099427,20,56056,"Trey Palmer"
"272",2023122408,1428,33.4835781866463,83.871459604479,66.7948948234007,29,56056,"Trey Palmer"
"273",2023122408,1610,7.15436072731618,11.9169034903986,7.60163971005975,20,56056,"Trey Palmer"
"274",2023122408,1640,7.73360207686826,11.736681861194,11.4008720135925,17,56056,"Trey Palmer"
"275",2023122408,1670,13.7373775927376,56.9855928439923,56.9855928439923,27,56056,"Trey Palmer"
"276",2023122408,1724,13.1793270964503,26.6443140074469,26.6443140074469,22,56056,"Trey Palmer"
"277",2023122408,1747,17.8428951037928,31.0940711412603,26.3546389980158,22,56056,"Trey Palmer"
"278",2023122408,1777,0,0,0,18,56056,"Trey Palmer"
"279",2023122408,1802,24.7403466568612,107.102107049534,107.102107049534,27,56056,"Trey Palmer"
"280",2023122408,2173,18.6585082734247,24.3402752415041,14.7450502047354,25,56056,"Trey Palmer"
"281",2023122408,2536,50.7931043176332,187.974122968716,187.974122968716,35,56056,"Trey Palmer"
"282",2023122408,3352,22.2611799180078,25.7420547792906,18.7303365839419,20,56056,"Trey Palmer"
"283",2023122408,4169,20.539004459845,42.8062651160832,42.8062651160832,23,56056,"Trey Palmer"
"284",2023122408,4245,26.1022658048238,84.1273514890468,84.1273514890468,27,56056,"Trey Palmer"
"285",2023123109,460,49.6329794246595,170.164825024139,170.164825024139,37,56056,"Trey Palmer"
"286",2023123109,631,17.5451027362493,119.665609153023,119.665609153023,28,56056,"Trey Palmer"
"287",2023123109,766,25.3885590036793,96.3762423988899,96.3762423988899,31,56056,"Trey Palmer"
"288",2023123109,976,36.2622161077809,169.812625289065,169.812625289065,31,56056,"Trey Palmer"
"289",2023123109,1314,30.4577097670384,143.903463182347,143.903463182347,31,56056,"Trey Palmer"
"290",2023123109,1616,6.75032397504079,15.0825731212829,15.0825731212829,24,56056,"Trey Palmer"
"291",2023123109,1639,6.24662315636293,11.8643497857719,11.4109167299044,30,56056,"Trey Palmer"
"292",2023123109,2015,35.4361583752052,67.0502973421722,42.7294616449884,44,56056,"Trey Palmer"
"293",2023123109,2282,21.2972163485434,49.6833502653684,49.6833502653684,60,56056,"Trey Palmer"
"294",2023123109,2728,22.5434396589331,50.4627832445027,50.4627832445027,30,56056,"Trey Palmer"
"295",2023123109,2977,24.6760793200398,103.019643391357,103.019643391357,30,56056,"Trey Palmer"
"296",2023123109,3009,12.1074067709645,26.0451729141489,26.0451729141489,25,56056,"Trey Palmer"
"297",2023123109,3034,24.8996853320283,91.0578699335071,91.0578699335071,30,56056,"Trey Palmer"
"298",2023123109,3057,13.9554291826151,22.775512786477,22.6894922935524,28,56056,"Trey Palmer"
"299",2023123109,3087,2.20159603245437,10.5949717370812,10.3439707041555,23,56056,"Trey Palmer"
"300",2023123109,3210,14.7189762415898,52.0119725124581,45.6150061461413,30,56056,"Trey Palmer"
"301",2023123109,3240,63.6444838407021,186.513358437934,186.513358437934,42,56056,"Trey Palmer"
"302",2023123109,3364,23.2976491227127,40.8678789307661,38.7448361829234,23,56056,"Trey Palmer"
"303",2023123109,3389,14.5149304446542,53.0689944147603,53.0689944147603,24,56056,"Trey Palmer"
"304",2023123109,3741,17.3925108049834,137.92975721948,137.92975721948,29,56056,"Trey Palmer"
"305",2023123109,3883,41.6936688084526,76.2989776949331,74.7226005045594,29,56056,"Trey Palmer"
"306",2023123109,3920,44.8962874786796,76.0264208118634,66.9699584998974,46,56056,"Trey Palmer"
"307",2024010705,55,1.47432656521587,8.57077404694445,8.57077404694445,19,56056,"Trey Palmer"
"308",2024010705,130,15.1036449743331,28.0465857889867,28.0465857889867,29,56056,"Trey Palmer"
"309",2024010705,153,26.2526701564709,96.1168401545966,96.1168401545966,27,56056,"Trey Palmer"
"310",2024010705,200,23.1065808766841,91.8419684680467,91.8419684680467,25,56056,"Trey Palmer"
"311",2024010705,519,37.7056495755456,116.940790728062,116.940790728062,33,56056,"Trey Palmer"
"312",2024010705,789,10.9658623778859,32.6795045415492,32.6795045415492,25,56056,"Trey Palmer"
"313",2024010705,812,18.1581503829962,34.8033128823108,27.5601664275817,25,56056,"Trey Palmer"
"314",2024010705,1115,-1.44971025370015,1.85515062800911,-0.71221970678256,27,56056,"Trey Palmer"
"315",2024010705,1462,31.5411660427181,68.4200517940665,58.4166561447435,30,56056,"Trey Palmer"
"316",2024010705,1683,2.91808436889593,11.6654092484696,11.6654092484696,22,56056,"Trey Palmer"
"317",2024010705,1715,21.6168636128144,25.1533205232585,20.7016854871847,28,56056,"Trey Palmer"
"318",2024010705,1859,16.3112345121596,31.1796374975414,31.1796374975414,20,56056,"Trey Palmer"
"319",2024010705,1884,27.7401692597616,54.1805475220747,49.2417184192916,31,56056,"Trey Palmer"
"320",2024010705,1936,0,0,0,17,56056,"Trey Palmer"
"321",2024010705,1973,17.8203577135786,23.1730003044513,16.0323825583675,33,56056,"Trey Palmer"
"322",2024010705,2027,15.8525613185095,23.8558263125612,23.8558263125612,19,56056,"Trey Palmer"
"323",2024010705,2440,4.6069970812851,10.4603378911307,10.4603378911307,19,56056,"Trey Palmer"
"324",2024010705,3000,8.88339083993266,22.6354531416439,22.6354531416439,32,56056,"Trey Palmer"
"325",2024010705,3462,16.2821359926365,27.2625704800328,26.5514499850967,19,56056,"Trey Palmer"
"326",2023091004,196,24.4305633752141,97.8957778953061,97.8957778953061,33,44896,"Chris Godwin"
"327",2023091004,219,14.4299368473982,22.1933647040696,16.1434819672732,33,44896,"Chris Godwin"
"328",2023091004,542,10.432856418722,20.2529725094606,19.8542362610132,18,44896,"Chris Godwin"
"329",2023091004,592,3.88608597614618,8.05309099830273,7.54495997702158,19,44896,"Chris Godwin"
"330",2023091004,695,9.02655431556119,13.7428240609829,12.4269775823154,28,44896,"Chris Godwin"
"331",2023091004,821,7.36675131314421,27.5063457619654,27.5063457619654,25,44896,"Chris Godwin"
"332",2023091004,1839,11.0806446868674,17.2523873132119,17.2523873132119,32,44896,"Chris Godwin"
"333",2023091004,2077,8.75481455582432,16.695214222907,15.1187882406338,21,44896,"Chris Godwin"
"334",2023091004,2102,13.3264998658644,42.7957283245804,39.7202124926738,31,44896,"Chris Godwin"
"335",2023091004,2154,17.6670998704577,29.1963475972789,29.1963475972789,25,44896,"Chris Godwin"
"336",2023091004,2177,22.3458248336351,66.6053044196321,54.7801548039699,33,44896,"Chris Godwin"
"337",2023091004,2505,13.5707538094866,29.5110321404642,29.5110321404642,15,44896,"Chris Godwin"
"338",2023091004,2701,1.99242696512155,23.1378684694916,23.1378684694916,15,44896,"Chris Godwin"
"339",2023091004,2724,8.02103408126863,12.6122590298845,12.5402432501076,29,44896,"Chris Godwin"
"340",2023091004,2749,27.4898841719825,60.4381501789504,60.3824642371355,39,44896,"Chris Godwin"
"341",2023091004,2827,6.21776403581647,11.1008478031183,9.33416067439467,24,44896,"Chris Godwin"
"342",2023091004,2850,15.0643259501283,21.4576761052171,21.4576761052171,35,44896,"Chris Godwin"
"343",2023091004,3429,4.22167242982755,8.23090690270728,-1.33621952201611,29,44896,"Chris Godwin"
"344",2023091004,3690,2.56104315300825,14.4911728146356,14.4911728146356,18,44896,"Chris Godwin"
"345",2023091004,3849,22.3196763412714,42.6756963177472,40.0337138958439,22,44896,"Chris Godwin"
"346",2023091004,3922,22.4080303580197,52.2425392577133,52.2425392577133,29,44896,"Chris Godwin"
"347",2023091004,4122,1.707997747652,4.57723435142725,4.57723435142725,9,44896,"Chris Godwin"
"348",2023091004,4249,31.8914239925025,47.2393249514027,22.689931966335,21,44896,"Chris Godwin"
"349",2023091706,77,5.69963856027318,8.05282397874295,5.29211784713385,25,44896,"Chris Godwin"
"350",2023091706,100,31.7275542344122,61.4682912934478,48.5635670703762,26,44896,"Chris Godwin"
"351",2023091706,329,19.2315223939225,28.0015290461556,9.95772598821889,29,44896,"Chris Godwin"
"352",2023091706,676,35.6715771708919,74.7062933758022,63.2341334452568,31,44896,"Chris Godwin"
"353",2023091706,844,11.9478146491378,19.1239483560381,16.2964750275967,22,44896,"Chris Godwin"
"354",2023091706,1028,14.3224015693019,37.9084857053397,33.2795285230916,36,44896,"Chris Godwin"
"355",2023091706,1087,15.1272596937201,34.5320457259324,29.773396353884,51,44896,"Chris Godwin"
"356",2023091706,1361,6.98682972992953,14.7649419446215,14.7649419446215,27,44896,"Chris Godwin"
"357",2023091706,1703,16.959285956986,26.6691167693906,26.6691167693906,20,44896,"Chris Godwin"
"358",2023091706,1750,24.9358338487684,44.1775271669653,44.1775271669653,26,44896,"Chris Godwin"
"359",2023091706,1797,10.1703479263744,17.846806082108,17.3587718491813,22,44896,"Chris Godwin"
"360",2023091706,1829,20.339986580506,30.2763510908146,29.9447170782007,21,44896,"Chris Godwin"
"361",2023091706,1852,7.64347599939705,13.1991132109398,12.7831336765065,20,44896,"Chris Godwin"
"362",2023091706,1882,22.856216126634,89.2565341118391,89.2565341118391,28,44896,"Chris Godwin"
"363",2023091706,2321,14.8138184695979,40.2227125602163,10.0628469734422,46,44896,"Chris Godwin"
"364",2023091706,2465,25.9693467732698,46.7353419688254,44.6661298377952,40,44896,"Chris Godwin"
"365",2023091706,2583,45.613505324183,144.377586286631,144.377586286631,27,44896,"Chris Godwin"
"366",2023091706,2962,8.04119712459436,15.5765918354697,15.5765918354697,27,44896,"Chris Godwin"
"367",2023091706,3033,13.9614158062324,19.7012980417954,18.1227733778049,23,44896,"Chris Godwin"
"368",2023091706,3266,27.9493199245257,76.5772356286281,76.5772356286281,41,44896,"Chris Godwin"
"369",2023091706,3751,22.7837733457081,37.460903309574,31.4707067340737,26,44896,"Chris Godwin"
"370",2023092500,100,9.32977844434581,25.4010530603137,25.4010530603137,18,44896,"Chris Godwin"
"371",2023092500,180,17.2491237941909,29.9007527634602,29.3739770019562,29,44896,"Chris Godwin"
"372",2023092500,418,0,0,0,28,44896,"Chris Godwin"
"373",2023092500,450,1.01725477272602,2.28003421006123,2.1435764979043,16,44896,"Chris Godwin"
"374",2023092500,861,18.458747214949,41.0879437063632,41.0879437063632,29,44896,"Chris Godwin"
"375",2023092500,1081,-0.980666034658554,2.37605947396494,2.37605947396494,16,44896,"Chris Godwin"
"376",2023092500,1155,4.97290953530597,12.5389960008289,12.5389960008289,15,44896,"Chris Godwin"
"377",2023092500,1235,8.49751388036072,21.5053377931701,21.5053377931701,17,44896,"Chris Godwin"
"378",2023092500,2007,51.9366150992889,144.721416774149,144.721416774149,35,44896,"Chris Godwin"
"379",2023092500,2658,15.6248147615923,30.8674086945803,6.52479968739826,34,44896,"Chris Godwin"
"380",2023092500,2705,9.16520131133827,18.8112286862496,15.3489270900112,34,44896,"Chris Godwin"
"381",2023092500,2728,33.2955219929341,68.1425621657576,65.3647387082008,43,44896,"Chris Godwin"
"382",2023092500,3272,4.08308080030578,15.1220995419432,14.8455291400714,22,44896,"Chris Godwin"
"383",2023092500,3307,11.7851287832866,20.4434946478632,14.7848290985429,24,44896,"Chris Godwin"
"384",2023092500,3359,1.58798151681148,8.99372135468592,8.79541657453264,17,44896,"Chris Godwin"
"385",2023092500,3406,14.4491180660186,24.302614338505,22.9602723447262,16,44896,"Chris Godwin"
"386",2023092500,3436,6.47362314652989,15.2952802587409,15.2952802587409,21,44896,"Chris Godwin"
"387",2023092500,3481,2.39421057639194,5.77855351938179,5.73966400685199,13,44896,"Chris Godwin"
"388",2023100107,408,8.47555056299787,32.3493651182678,27.2256875489988,33,44896,"Chris Godwin"
"389",2023100107,455,5.61925193564072,12.2111851461879,12.0604413791602,28,44896,"Chris Godwin"
"390",2023100107,609,33.7512470959214,100.597644772875,100.597644772875,34,44896,"Chris Godwin"
"391",2023100107,808,5.06340946832162,12.7941439659115,12.7941439659115,33,44896,"Chris Godwin"
"392",2023100107,831,9.51841755761835,15.3547940940006,13.1025922079513,35,44896,"Chris Godwin"
"393",2023100107,1195,0.580682492508103,4.10806920522786,-0.539000147290356,28,44896,"Chris Godwin"
"394",2023100107,1220,6.51134531977011,10.9312110270876,9.57171176536456,20,44896,"Chris Godwin"
"395",2023100107,1289,2.65934578657331,8.80145720222585,8.80145720222585,28,44896,"Chris Godwin"
"396",2023100107,1319,17.9536497647335,115.493303999388,115.493303999388,30,44896,"Chris Godwin"
"397",2023100107,1451,3.13665153241223,6.25272890514699,6.25272890514699,19,44896,"Chris Godwin"
"398",2023100107,1564,11.9383905625693,18.5339468499155,11.9717878165867,23,44896,"Chris Godwin"
"399",2023100107,1634,24.3236465059529,68.0803084855628,45.0979401170398,39,44896,"Chris Godwin"
"400",2023100107,1936,8.22369699739727,15.1047900396794,15.1047900396794,18,44896,"Chris Godwin"
"401",2023100107,1968,7.09592584264542,10.3092112499872,10.3092112499872,24,44896,"Chris Godwin"
"402",2023100107,2020,11.4242786792084,19.4299823021401,13.143599938186,41,44896,"Chris Godwin"
"403",2023100107,2097,11.6746244521771,16.6453462194807,14.5200214946701,22,44896,"Chris Godwin"
"404",2023100107,2127,8.29878958618253,13.5975904943149,12.668415302032,23,44896,"Chris Godwin"
"405",2023100107,3178,7.42752216702131,37.528433309805,37.528433309805,32,44896,"Chris Godwin"
"406",2023100107,3843,3.97807012463478,11.0767160115805,11.0767160115805,23,44896,"Chris Godwin"
"407",2023100107,3894,8.58723488422791,10.2378372665895,9.96421285482981,23,44896,"Chris Godwin"
"408",2023100107,3919,3.68430185408747,11.8245328399672,11.8245328399672,21,44896,"Chris Godwin"
"409",2023100107,4000,17.5727360210228,44.0765923179548,34.0843632190503,39,44896,"Chris Godwin"
"410",2023100107,4063,11.9972497847045,19.1154724289781,19.1154724289781,14,44896,"Chris Godwin"
"411",2023100107,4093,12.5294318368659,24.0245112924146,21.0107103741324,77,44896,"Chris Godwin"
"412",2023101508,77,22.7257656904081,55.6161053742458,55.6161053742458,32,44896,"Chris Godwin"
"413",2023101508,147,11.13672524045,23.6661840573322,23.6661840573322,28,44896,"Chris Godwin"
"414",2023101508,596,-1.96248956265767,0.851770509106743,0.851770509106743,53,44896,"Chris Godwin"
"415",2023101508,925,18.7462189070804,35.9997409771898,25.7305871018825,21,44896,"Chris Godwin"
"416",2023101508,1014,23.3332484688526,44.5415141719821,44.5415141719821,32,44896,"Chris Godwin"
"417",2023101508,1199,4.89117412443775,8.497246222804,6.66881076691865,22,44896,"Chris Godwin"
"418",2023101508,1224,30.8171740271013,85.1681896887079,85.1681896887079,35,44896,"Chris Godwin"
"419",2023101508,1357,6.41874278969245,20.2957949046656,20.2957949046656,30,44896,"Chris Godwin"
"420",2023101508,1380,9.12090460009704,14.609347770478,13.1325425244878,23,44896,"Chris Godwin"
"421",2023101508,1725,8.69149214733084,16.0614661439571,16.0614661439571,19,44896,"Chris Godwin"
"422",2023101508,1750,18.9573069994392,50.6474137000996,19.6454060095075,36,44896,"Chris Godwin"
"423",2023101508,2222,15.1422568088914,36.6075907009515,36.6075907009515,16,44896,"Chris Godwin"
"424",2023101508,2254,12.0250270033332,31.240306995719,21.0318652935634,30,44896,"Chris Godwin"
"425",2023101508,2360,14.5426308984418,45.7890425220676,45.7890425220676,28,44896,"Chris Godwin"
"426",2023101508,3180,7.73098104028133,19.3344335749617,19.3344335749617,21,44896,"Chris Godwin"
"427",2023101508,3205,7.8791297125594,14.9627087307551,7.16540970507672,44,44896,"Chris Godwin"
"428",2023101508,3230,7.80346581534151,16.8375384664655,14.352067989532,27,44896,"Chris Godwin"
"429",2023101508,3600,2.85181197802713,6.4744336474662,6.14486047694784,23,44896,"Chris Godwin"
"430",2023101508,3625,6.39392791086764,16.0760465612727,16.0760465612727,22,44896,"Chris Godwin"
"431",2023101508,3650,-2.69286984643265,8.8170556597371,8.8170556597371,23,44896,"Chris Godwin"
"432",2023101508,3673,7.50640073035106,17.7362465373823,17.7362465373823,21,44896,"Chris Godwin"
"433",2023101508,3729,10.572796962455,18.5076585713167,15.3112574590511,17,44896,"Chris Godwin"
"434",2023101508,3754,19.4804522627365,45.2578413930189,36.1191664898898,42,44896,"Chris Godwin"
"435",2023101508,3809,16.9438151831235,38.6311680936669,28.215842012239,38,44896,"Chris Godwin"
"436",2023101508,3834,23.96434244892,35.3706330181206,22.8785613357528,31,44896,"Chris Godwin"
"437",2023101508,3857,9.00297015144685,12.5292785730558,10.5394231696836,39,44896,"Chris Godwin"
"438",2023101508,3880,48.6387373084439,149.672992743663,149.672992743663,35,44896,"Chris Godwin"
"439",2023101508,3903,15.1203265041481,40.4615232782134,40.4615232782134,29,44896,"Chris Godwin"
"440",2023102205,55,-2.95778708421043,-0.459305022042152,-7.07635980689113,23,44896,"Chris Godwin"
"441",2023102205,80,3.76899516297817,5.80454190878516,4.39098200796555,21,44896,"Chris Godwin"
"442",2023102205,256,3.12576731166083,15.1427846859028,15.1427846859028,31,44896,"Chris Godwin"
"443",2023102205,610,14.1506652848143,45.7353554081932,45.7353554081932,40,44896,"Chris Godwin"
"444",2023102205,715,6.95158610703444,17.9446121162144,17.9446121162144,20,44896,"Chris Godwin"
"445",2023102205,784,10.8711802691057,66.0633972759536,66.0633972759536,27,44896,"Chris Godwin"
"446",2023102205,1057,10.6646588089593,19.1664508365738,14.913546276317,20,44896,"Chris Godwin"
"447",2023102205,1106,25.7524084591518,42.1135744113698,34.9891263494094,26,44896,"Chris Godwin"
"448",2023102205,1432,9.22874373659183,23.587572516801,23.587572516801,31,44896,"Chris Godwin"
"449",2023102205,1457,11.4903623505917,22.3376596645881,22.3376596645881,35,44896,"Chris Godwin"
"450",2023102205,1510,11.9624946550999,23.3046020264236,21.8169100032003,34,44896,"Chris Godwin"
"451",2023102205,1590,8.31382559625019,11.9116342201496,11.8336118675985,23,44896,"Chris Godwin"
"452",2023102205,1689,13.5272742635712,24.0725275635187,18.7503190992588,33,44896,"Chris Godwin"
"453",2023102205,1772,9.60715608570683,12.6016393252881,11.233978314152,26,44896,"Chris Godwin"
"454",2023102205,2406,18.1802474068265,53.670508954165,35.3193979029409,33,44896,"Chris Godwin"
"455",2023102205,2458,11.5190437105882,26.126507934417,26.126507934417,29,44896,"Chris Godwin"
"456",2023102205,2846,1.29821140538529,2.98682652759245,2.12504288643011,22,44896,"Chris Godwin"
"457",2023102205,3147,12.8718505351553,35.2140668190922,31.899632020177,35,44896,"Chris Godwin"
"458",2023102205,3293,5.76565450500911,12.6362871524053,12.6362871524053,25,44896,"Chris Godwin"
"459",2023102205,3318,16.4040716065924,22.9177254081975,18.6498513236374,34,44896,"Chris Godwin"
"460",2023102205,3671,4.92037229012989,12.2281431280264,12.2281431280264,21,44896,"Chris Godwin"
"461",2023102205,3694,7.45011237106208,15.4322205490162,15.3875810898495,25,44896,"Chris Godwin"
"462",2023102205,3744,23.6747997143144,80.1975698125366,80.1975698125366,30,44896,"Chris Godwin"
"463",2023102205,3769,10.4169323557081,14.3612922090405,13.2452130254475,26,44896,"Chris Godwin"
"464",2023102205,3821,10.8192436226992,42.0493250395268,42.0493250395268,33,44896,"Chris Godwin"
"465",2023102205,3959,1.29089622103583,12.9520476623643,12.6059729870486,24,44896,"Chris Godwin"
"466",2023102205,3982,20.1470000173933,67.4987966727275,66.9938079557951,30,44896,"Chris Godwin"
"467",2023102205,4063,8.30453141878022,13.9645730808944,13.9044678978676,26,44896,"Chris Godwin"
"468",2023102205,4149,9.33422028110102,12.545325466478,11.8591786075806,24,44896,"Chris Godwin"
"469",2023102600,109,5.22599165992144,13.6024721759788,13.6024721759788,24,44896,"Chris Godwin"
"470",2023102600,138,-0.133867587108392,5.69321027218004,0.701467295405973,26,44896,"Chris Godwin"
"471",2023102600,210,15.1864506311493,17.7150928741074,17.7150928741074,18,44896,"Chris Godwin"
"472",2023102600,743,13.2299338021871,17.6919500841213,17.6222831138684,16,44896,"Chris Godwin"
"473",2023102600,1093,14.4674599449557,32.7130298596203,21.0770145275488,48,44896,"Chris Godwin"
"474",2023102600,1116,9.7642143520347,72.453967423615,72.4369233686354,27,44896,"Chris Godwin"
"475",2023102600,1363,22.0239385610294,78.1212060919885,78.1212060919885,29,44896,"Chris Godwin"
"476",2023102600,1482,13.7161932368839,21.2957657075084,15.1760082499623,20,44896,"Chris Godwin"
"477",2023102600,1644,6.91016738597491,13.0335233170707,9.41640634658508,22,44896,"Chris Godwin"
"478",2023102600,1997,9.02273183053071,12.9650412996118,6.6464186145566,20,44896,"Chris Godwin"
"479",2023102600,2055,11.4934673353719,16.2560324836374,16.2560324836374,19,44896,"Chris Godwin"
"480",2023102600,2080,13.6179971216547,19.3386263508739,18.3497926996128,21,44896,"Chris Godwin"
"481",2023102600,2163,23.8220700014526,26.4207751233684,18.3350852084435,24,44896,"Chris Godwin"
"482",2023102600,2992,3.23355357383972,9.76083527979178,5.99094991456072,24,44896,"Chris Godwin"
"483",2023102600,3444,7.17667902820018,13.5867360732755,8.96243232934222,35,44896,"Chris Godwin"
"484",2023102600,3729,6.32800958158061,11.2247301271506,10.0871151482874,22,44896,"Chris Godwin"
"485",2023102600,3752,17.9823623854398,81.3869449264267,81.3869449264267,34,44896,"Chris Godwin"
"486",2023102600,3843,17.0744753355506,29.3756872362028,28.3512864688,37,44896,"Chris Godwin"
"487",2023102600,3868,19.0415568979069,30.2561395778771,30.2561395778771,31,44896,"Chris Godwin"
"488",2023102600,3953,10.0731798402329,19.5947383899684,19.5947383899684,20,44896,"Chris Godwin"
"489",2023102600,4096,30.7786691667466,102.888390547934,102.888390547934,39,44896,"Chris Godwin"
"490",2023102600,4175,27.655299076684,77.7261918808873,77.7261918808873,30,44896,"Chris Godwin"
"491",2023102600,4198,20.0257920812917,37.0059293686385,37.0059293686385,15,44896,"Chris Godwin"
"492",2023102600,4260,16.3056316440177,36.8312700538564,22.9717742483123,37,44896,"Chris Godwin"
"493",2023102600,4577,24.8959388550865,45.4512943397844,44.6905634252072,35,44896,"Chris Godwin"
"494",2023102600,4607,43.4329792061814,87.0617918705448,87.0617918705448,46,44896,"Chris Godwin"
"495",2023102600,4644,54.7569049805421,72.2329780055827,63.643601867184,21,44896,"Chris Godwin"
"496",2023110505,145,7.26039759600266,9.44504683320054,7.35002956039031,22,44896,"Chris Godwin"
"497",2023110505,203,5.62007947364382,8.75799868169014,8.07612326857903,25,44896,"Chris Godwin"
"498",2023110505,226,33.1201238503399,61.9146588981876,25.5617061325088,46,44896,"Chris Godwin"
"499",2023110505,508,7.73451747151974,15.3095894317955,14.7758198882656,32,44896,"Chris Godwin"
"500",2023110505,577,3.55988355325112,7.9613995430587,7.9613995430587,18,44896,"Chris Godwin"
"501",2023110505,709,0.547796551607589,1.38817408586445,1.38817408586445,19,44896,"Chris Godwin"
"502",2023110505,768,28.4180497643498,48.5842239577174,48.5842239577174,28,44896,"Chris Godwin"
"503",2023110505,837,4.2930344369313,5.26879119207862,4.91965454628682,34,44896,"Chris Godwin"
"504",2023110505,1111,29.3150850074466,46.8068155455372,35.2066679699998,40,44896,"Chris Godwin"
"505",2023110505,1282,5.73952053253693,14.6106466510808,14.6106466510808,30,44896,"Chris Godwin"
"506",2023110505,1386,18.2720279708544,23.1905082687083,14.5882772991644,28,44896,"Chris Godwin"
"507",2023110505,1768,4.45715766116202,7.98829520827896,3.8404224147638,25,44896,"Chris Godwin"
"508",2023110505,2138,9.93736753599105,18.155491210201,15.7210111956179,24,44896,"Chris Godwin"
"509",2023110505,2174,10.4921897088134,54.8497489325823,54.8497489325823,36,44896,"Chris Godwin"
"510",2023110505,2269,31.1203242658786,66.0291279805388,31.2106464662217,43,44896,"Chris Godwin"
"511",2023110505,2853,14.753514421361,61.0531028589013,61.0531028589013,34,44896,"Chris Godwin"
"512",2023110505,3257,20.5092970004669,49.629531244539,49.629531244539,37,44896,"Chris Godwin"
"513",2023110505,3355,6.34821400270066,12.454208674339,12.454208674339,14,44896,"Chris Godwin"
"514",2023110505,3725,14.2178864376367,24.9569989080025,22.5108805665099,31,44896,"Chris Godwin"
"515",2023110505,3955,11.1107483900588,19.6760506757162,19.6760506757162,23,44896,"Chris Godwin"
"516",2023110505,4103,57.6603843362285,107.573737402767,47.9537163723005,39,44896,"Chris Godwin"
"517",2023110505,4179,12.7008229841729,21.4342207500904,9.68868790431528,33,44896,"Chris Godwin"
"518",2023110505,4222,11.7083361974043,19.4559308235477,19.4559308235477,23,44896,"Chris Godwin"
"519",2023111206,397,6.01688958556333,19.0733077858376,19.0733077858376,24,44896,"Chris Godwin"
"520",2023111206,511,23.638608127836,50.744167856927,33.0142924274389,35,44896,"Chris Godwin"
"521",2023111206,782,5.83831010373103,17.2487735595173,16.4510017420806,22,44896,"Chris Godwin"
"522",2023111206,976,21.4250497328945,35.7962576303042,14.9455841316807,27,44896,"Chris Godwin"
"523",2023111206,1001,11.8694017017261,28.6018091228244,28.3528917593146,29,44896,"Chris Godwin"
"524",2023111206,1235,7.90109887021859,11.5009738584384,9.5989096182004,24,44896,"Chris Godwin"
"525",2023111206,1307,10.0182015653286,17.2811340446942,13.1231130851753,27,44896,"Chris Godwin"
"526",2023111206,1522,20.1162924585245,40.7131576203281,24.678398912194,32,44896,"Chris Godwin"
"527",2023111206,1664,14.8507359082598,20.042240117313,16.4552861282775,31,44896,"Chris Godwin"
"528",2023111206,1825,1.23663490315284,4.8118457272479,4.80670370209102,18,44896,"Chris Godwin"
"529",2023111206,1877,6.77299816108367,9.51527666383117,9.05630271795058,21,44896,"Chris Godwin"
"530",2023111206,1952,11.270664047338,19.4415973736093,13.4223196203629,27,44896,"Chris Godwin"
"531",2023111206,1977,30.6663354695758,90.2429384946915,90.2429384946915,28,44896,"Chris Godwin"
"532",2023111206,2071,10.1010066239985,13.7199936687339,12.5693545931198,26,44896,"Chris Godwin"
"533",2023111206,2094,17.6253084648044,28.434862503177,28.434862503177,19,44896,"Chris Godwin"
"534",2023111206,2403,6.60932875583307,11.1206070555277,7.27839993521797,25,44896,"Chris Godwin"
"535",2023111206,2450,24.5926718093225,78.5929716143985,78.4611608961548,27,44896,"Chris Godwin"
"536",2023111206,2475,30.5017724870021,109.484672272436,89.3986113291205,56,44896,"Chris Godwin"
"537",2023111206,2527,10.1960704072939,17.4584942428395,17.4584942428395,34,44896,"Chris Godwin"
"538",2023111206,3308,15.0302498641653,32.8428219551393,32.8428219551393,25,44896,"Chris Godwin"
"539",2023111908,207,6.5521140113796,20.7974858846216,16.5842758893586,32,44896,"Chris Godwin"
"540",2023111908,259,20.6355773478789,32.8980915401032,27.3482746786234,31,44896,"Chris Godwin"
"541",2023111908,1322,3.68006968213693,10.3374216625939,2.87714279504267,36,44896,"Chris Godwin"
"542",2023111908,1369,14.8125975206909,39.5316297591438,39.5316297591438,33,44896,"Chris Godwin"
"543",2023111908,1993,8.1498836863175,35.2465329314681,34.8042890368914,31,44896,"Chris Godwin"
"544",2023111908,2016,16.9871741447183,29.8391548489606,24.3053462585166,22,44896,"Chris Godwin"
"545",2023111908,2041,9.17705379010344,16.2412967406918,16.2412967406918,23,44896,"Chris Godwin"
"546",2023111908,2274,12.8762885046803,77.8712682426087,77.8712682426087,32,44896,"Chris Godwin"
"547",2023111908,2359,11.03668684506,22.0339007987455,22.0339007987455,20,44896,"Chris Godwin"
"548",2023111908,2382,24.8358075564301,50.6882868377639,45.6848079887683,30,44896,"Chris Godwin"
"549",2023111908,2727,-0.243915816029017,4.74333752684444,4.74333752684444,19,44896,"Chris Godwin"
"550",2023111908,2774,9.52032745437337,18.4283267238823,10.5832307973627,18,44896,"Chris Godwin"
"551",2023111908,3083,2.3174480910255,9.01085763354548,2.99460958862488,29,44896,"Chris Godwin"
"552",2023111908,3113,13.2781486828695,28.5775397306542,27.494075305061,28,44896,"Chris Godwin"
"553",2023111908,3143,3.89986514959426,18.4346896952457,18.4346896952457,22,44896,"Chris Godwin"
"554",2023111908,3190,11.769162420935,20.2378506254572,13.6563982455923,33,44896,"Chris Godwin"
"555",2023111908,3215,10.1696303779724,16.9496904435283,11.0604703045163,24,44896,"Chris Godwin"
"556",2023111908,3240,10.9838777498084,16.3327996625565,14.9639856559932,24,44896,"Chris Godwin"
"557",2023111908,3290,19.1900103251669,24.4144561519555,22.6298046820838,23,44896,"Chris Godwin"
"558",2023111908,3315,5.47998460115484,14.8438199133201,14.8438199133201,23,44896,"Chris Godwin"
"559",2023111908,3391,15.5677570420095,22.6404043246804,20.1603534492224,30,44896,"Chris Godwin"
"560",2023111908,3416,0.354653841054361,15.3744458723944,15.3744458723944,19,44896,"Chris Godwin"
"561",2023111908,3476,13.5056622058273,24.1964814414952,24.1964814414952,25,44896,"Chris Godwin"
"562",2023111908,3631,12.2482146826729,28.2808641562838,27.8328987479221,30,44896,"Chris Godwin"
"563",2023111908,3659,6.19304344725394,9.32213680013053,9.32213680013053,21,44896,"Chris Godwin"
"564",2023111908,3903,7.00771069309033,13.0457892058702,12.3568993893563,20,44896,"Chris Godwin"
"565",2023111908,4016,31.1117449422394,57.0455215224538,57.0455215224538,33,44896,"Chris Godwin"
"566",2023112603,80,9.93459229704466,30.3333543751562,28.7173157858104,24,44896,"Chris Godwin"
"567",2023112603,105,6.27962381638833,13.9114522675667,13.9114522675667,28,44896,"Chris Godwin"
"568",2023112603,174,20.2178466013332,62.0914302403327,51.633993747905,32,44896,"Chris Godwin"
"569",2023112603,219,11.7362093889826,24.7876793130989,24.7876793130989,23,44896,"Chris Godwin"
"570",2023112603,299,24.1072935290863,34.6428601043413,33.5554950933609,19,44896,"Chris Godwin"
"571",2023112603,444,10.2429179180168,14.6840471301665,14.0455452773827,26,44896,"Chris Godwin"
"572",2023112603,813,2.44793915685501,10.9781068947859,10.9781068947859,20,44896,"Chris Godwin"
"573",2023112603,876,11.5040091490837,25.1223773702954,17.0934914951665,35,44896,"Chris Godwin"
"574",2023112603,1521,14.380855980127,26.9932043552244,26.4427244411355,25,44896,"Chris Godwin"
"575",2023112603,1667,20.5301182393604,89.6769985730828,89.6769985730828,48,44896,"Chris Godwin"
"576",2023112603,1692,8.2485211451572,14.557571156127,14.2731919405388,21,44896,"Chris Godwin"
"577",2023112603,2058,18.4223271779543,33.0554639050017,27.8498571958129,20,44896,"Chris Godwin"
"578",2023112603,2628,14.2400887131229,28.7194907500413,22.6923772216931,33,44896,"Chris Godwin"
"579",2023112603,2717,16.3525302374525,29.7820446255055,29.7820446255055,21,44896,"Chris Godwin"
"580",2023112603,2740,21.8848416169088,40.0734071838807,31.3848272400356,20,44896,"Chris Godwin"
"581",2023112603,3164,14.1562946686485,28.9871120300028,26.2995681404447,23,44896,"Chris Godwin"
"582",2023112603,3199,21.3445134944778,41.9584716291548,41.9584716291548,26,44896,"Chris Godwin"
"583",2023112603,3222,38.2711616179969,58.9833899276877,58.9833899276877,31,44896,"Chris Godwin"
"584",2023112603,3668,6.81946018650077,21.2457490685154,21.2457490685154,26,44896,"Chris Godwin"
"585",2023112603,3725,22.7300058557427,48.7101466429948,28.3917798024337,38,44896,"Chris Godwin"
"586",2023112603,3750,5.73418757746405,20.2786615157869,20.2786615157869,26,44896,"Chris Godwin"
"587",2023112603,4004,25.8488155923268,51.2752669653116,49.4565772019278,33,44896,"Chris Godwin"
"588",2023120304,77,3.25533883055502,15.1428935244057,15.1428935244057,18,44896,"Chris Godwin"
"589",2023120304,254,27.6556049528882,37.380174636893,31.1481907796968,18,44896,"Chris Godwin"
"590",2023120304,443,1.25875314218939,4.10594102598331,4.10594102598331,18,44896,"Chris Godwin"
"591",2023120304,490,7.01993562919966,14.6835162742812,14.6835162742812,22,44896,"Chris Godwin"
"592",2023120304,538,18.0911152445097,77.489028212359,77.489028212359,27,44896,"Chris Godwin"
"593",2023120304,565,15.3379958203106,25.2726664361136,24.1132819051175,32,44896,"Chris Godwin"
"594",2023120304,1371,23.6280484835102,32.8764228073675,31.269517135151,25,44896,"Chris Godwin"
"595",2023120304,1626,1.45706567492773,8.22653009707822,8.22653009707822,21,44896,"Chris Godwin"
"596",2023120304,1700,0,0,0,26,44896,"Chris Godwin"
"597",2023120304,1850,1.47694051759575,9.08942625594828,9.08942625594828,22,44896,"Chris Godwin"
"598",2023120304,1880,7.04185661621655,16.2667299817981,12.5599875765713,18,44896,"Chris Godwin"
"599",2023120304,1905,11.6817741528101,20.3624331173435,20.3624331173435,24,44896,"Chris Godwin"
"600",2023120304,2004,21.3721030106476,34.103598277481,15.1282103800194,29,44896,"Chris Godwin"
"601",2023120304,2429,16.9602624457788,25.1531370056367,25.1531370056367,25,44896,"Chris Godwin"
"602",2023120304,2588,12.7195792711608,39.2869456078405,34.7959359908843,37,44896,"Chris Godwin"
"603",2023120304,2894,3.50819216332886,13.12660479727,13.12660479727,25,44896,"Chris Godwin"
"604",2023120304,3166,20.8921801320012,43.8280437058579,43.6733180949558,31,44896,"Chris Godwin"
"605",2023120304,3367,19.2571477227368,52.568350685236,49.0432209069071,44,44896,"Chris Godwin"
"606",2023120304,3442,1.18844132963907,9.44058201953634,-2.17982592796309,40,44896,"Chris Godwin"
"607",2023120304,3960,4.83791281923739,12.5922979154354,12.5922979154354,18,44896,"Chris Godwin"
"608",2023120304,4035,23.8352999820734,75.5248469695369,75.5248469695369,29,44896,"Chris Godwin"
"609",2023121000,77,6.3606259349251,13.8511378260408,13.8511378260408,26,44896,"Chris Godwin"
"610",2023121000,124,19.7861253366578,59.2166119756784,59.2166119756784,42,44896,"Chris Godwin"
"611",2023121000,149,7.51329581946505,23.2840036929681,23.2840036929681,35,44896,"Chris Godwin"
"612",2023121000,196,5.18088016906092,9.0110678077815,6.17316926903813,24,44896,"Chris Godwin"
"613",2023121000,707,0.893801529408879,2.70651596683733,2.70651596683733,18,44896,"Chris Godwin"
"614",2023121000,752,13.0627668322993,31.4299727815127,30.7824734446471,32,44896,"Chris Godwin"
"615",2023121000,1176,8.15453425332657,15.4802704830601,14.6190205627914,27,44896,"Chris Godwin"
"616",2023121000,1245,11.6216142263909,22.687941343554,22.687941343554,26,44896,"Chris Godwin"
"617",2023121000,1322,11.9972352289453,22.8315517701996,18.5360654903478,35,44896,"Chris Godwin"
"618",2023121000,1523,31.4761544069377,109.527967431148,105.48027992493,34,44896,"Chris Godwin"
"619",2023121000,1724,12.2180048499333,25.2620352691374,19.2086661104389,70,44896,"Chris Godwin"
"620",2023121000,2193,6.82782926121017,13.3304107212243,6.23537400898728,35,44896,"Chris Godwin"
"621",2023121000,2449,4.8972531873602,9.79165555684282,8.76897666078356,34,44896,"Chris Godwin"
"622",2023121000,2746,13.9348950092259,17.2378671148441,17.2190002728948,27,44896,"Chris Godwin"
"623",2023121000,3158,12.7819605860048,21.0925104840088,20.1423807759988,28,44896,"Chris Godwin"
"624",2023121000,3578,1.01073889843346,5.63321021394926,5.63321021394926,28,44896,"Chris Godwin"
"625",2023121000,3630,11.6539749426591,47.1897115823375,38.8309258307633,34,44896,"Chris Godwin"
"626",2023121000,3675,27.8429569694593,71.6991284949514,26.3136170902786,60,44896,"Chris Godwin"
"627",2023121000,4142,12.0989560146281,19.422097314768,19.0782418647907,20,44896,"Chris Godwin"
"628",2023121000,4165,11.1204911762733,17.6777529510058,16.0930086517626,30,44896,"Chris Godwin"
"629",2023121700,56,5.49860338774664,19.451778691126,19.451778691126,18,44896,"Chris Godwin"
"630",2023121700,108,8.67844902319124,12.4517406617193,10.2171853755041,32,44896,"Chris Godwin"
"631",2023121700,182,22.7432744820124,38.737989004987,31.2302807354214,20,44896,"Chris Godwin"
"632",2023121700,781,14.0782884967579,21.1356917921236,19.2970859505843,20,44896,"Chris Godwin"
"633",2023121700,806,12.0443099712528,34.053600009515,34.053600009515,32,44896,"Chris Godwin"
"634",2023121700,878,13.4708765190709,15.46259281711,14.1502894670272,28,44896,"Chris Godwin"
"635",2023121700,1566,1.83562563197246,3.06174079485318,3.06174079485318,17,44896,"Chris Godwin"
"636",2023121700,1598,7.59656269755664,13.0330544353351,11.9176619604785,21,44896,"Chris Godwin"
"637",2023121700,1623,10.2873853597902,32.0491497870862,32.0491497870862,26,44896,"Chris Godwin"
"638",2023121700,1648,13.8214627106167,21.7765826660707,21.7765826660707,26,44896,"Chris Godwin"
"639",2023121700,1741,20.8216519740734,48.6195062556901,48.6195062556901,32,44896,"Chris Godwin"
"640",2023121700,2039,5.0218165248645,12.1594756612816,11.8902118785913,33,44896,"Chris Godwin"
"641",2023121700,2062,10.4362416420089,20.8819953983567,20.8819953983567,36,44896,"Chris Godwin"
"642",2023121700,2109,13.419250574211,23.1776448406438,23.1776448406438,18,44896,"Chris Godwin"
"643",2023121700,2618,6.24354661931463,19.2852526736244,19.2852526736244,18,44896,"Chris Godwin"
"644",2023121700,2663,19.8675192131397,27.2557061838364,24.9688877849908,24,44896,"Chris Godwin"
"645",2023121700,2789,30.3171132604646,72.6447519746123,72.6447519746123,28,44896,"Chris Godwin"
"646",2023121700,2814,3.56347073122548,5.37239256369008,5.04649412201865,23,44896,"Chris Godwin"
"647",2023121700,2846,3.4639420141772,9.84897573121506,9.84897573121506,23,44896,"Chris Godwin"
"648",2023121700,3261,13.5301379570681,18.4839783988494,15.7357224326482,29,44896,"Chris Godwin"
"649",2023121700,3330,7.36500383126438,10.3770538817727,7.7585809291298,19,44896,"Chris Godwin"
"650",2023122408,100,22.3786492064376,28.467660120431,21.7986588601347,23,44896,"Chris Godwin"
"651",2023122408,258,10.3962560046311,45.4623422719346,45.4623422719346,30,44896,"Chris Godwin"
"652",2023122408,327,15.9518672697685,25.6550101482082,25.6550101482082,24,44896,"Chris Godwin"
"653",2023122408,644,7.0823926555959,10.4440377722698,10.3456648061292,21,44896,"Chris Godwin"
"654",2023122408,669,18.6002814751078,52.2167808513749,52.2167808513749,34,44896,"Chris Godwin"
"655",2023122408,837,7.96478356373272,17.5050665034252,17.5050665034252,27,44896,"Chris Godwin"
"656",2023122408,882,5.25890551290024,9.71864152684651,5.4551940391045,27,44896,"Chris Godwin"
"657",2023122408,1220,7.3328012220779,18.1026197956229,18.1026197956229,27,44896,"Chris Godwin"
"658",2023122408,1252,12.4288957063136,34.7309643278084,34.7309643278084,29,44896,"Chris Godwin"
"659",2023122408,1327,15.6752166123807,24.259155927437,20.4407860594593,20,44896,"Chris Godwin"
"660",2023122408,1428,20.95959266387,57.8444823995669,57.722207257925,29,44896,"Chris Godwin"
"661",2023122408,1610,8.90857096238367,12.7463010085543,11.5207040142975,20,44896,"Chris Godwin"
"662",2023122408,1640,11.1661244703274,13.5026183283871,11.372582953046,17,44896,"Chris Godwin"
"663",2023122408,1670,9.6512624170143,41.5262237947775,41.5262237947775,27,44896,"Chris Godwin"
"664",2023122408,1724,7.73030592087674,12.597784725647,12.597784725647,22,44896,"Chris Godwin"
"665",2023122408,1747,12.1134391705387,26.1730247280436,26.1730247280436,22,44896,"Chris Godwin"
"666",2023122408,1777,7.98854063828887,12.5415657174044,11.4739771970348,18,44896,"Chris Godwin"
"667",2023122408,1802,14.181037101073,22.9288764764853,21.5405252472557,27,44896,"Chris Godwin"
"668",2023122408,2150,4.12144795213916,12.501148902962,12.501148902962,31,44896,"Chris Godwin"
"669",2023122408,2173,11.6333565121702,18.6892849828145,7.72292496490996,25,44896,"Chris Godwin"
"670",2023122408,2198,-0.097408938229454,0,-0.571871365300277,30,44896,"Chris Godwin"
"671",2023122408,2536,20.3048910210803,42.0039618603919,36.9060623471011,35,44896,"Chris Godwin"
"672",2023122408,2605,4.74619030406704,9.97163150870661,9.97163150870661,24,44896,"Chris Godwin"
"673",2023122408,3139,12.5951702616673,18.2879434618298,15.3903077866169,22,44896,"Chris Godwin"
"674",2023122408,3352,21.2340158503327,30.2383001717318,26.4029075243824,20,44896,"Chris Godwin"
"675",2023122408,3377,50.1913812673848,157.564490795385,57.3943901255977,57,44896,"Chris Godwin"
"676",2023122408,4169,17.8825665202279,42.67785676542,42.67785676542,23,44896,"Chris Godwin"
"677",2023122408,4245,15.2307576021495,24.4841010863536,23.9523519292241,27,44896,"Chris Godwin"
"678",2023123109,460,19.3100581944627,42.8566089777015,41.0459519242993,37,44896,"Chris Godwin"
"679",2023123109,631,1.75348453340295,6.77676714520196,-1.16086417437501,28,44896,"Chris Godwin"
"680",2023123109,766,19.1452388577216,50.3725118985024,48.9415650824108,31,44896,"Chris Godwin"
"681",2023123109,1234,17.6576995827138,58.7207570916304,54.0419607219868,32,44896,"Chris Godwin"
"682",2023123109,1314,16.3717710072167,36.8588385504361,32.8660950862298,31,44896,"Chris Godwin"
"683",2023123109,1616,9.5294480978934,21.3584486908246,21.3584486908246,24,44896,"Chris Godwin"
"684",2023123109,1639,13.244131640709,45.9901650939227,38.9732285005912,30,44896,"Chris Godwin"
"685",2023123109,1970,0.971163056232863,5.21089783634943,5.21089783634943,22,44896,"Chris Godwin"
"686",2023123109,2015,10.1364895767982,20.5831724474406,20.5831724474406,44,44896,"Chris Godwin"
"687",2023123109,2235,12.1071528585445,25.1630562328557,25.1630562328557,21,44896,"Chris Godwin"
"688",2023123109,2282,46.7234934082921,107.103989654157,74.6208575702604,60,44896,"Chris Godwin"
"689",2023123109,2653,13.3617402491643,21.041430654005,16.9162477125824,21,44896,"Chris Godwin"
"690",2023123109,2678,9.60342198402663,17.9394752146773,15.0518908390652,45,44896,"Chris Godwin"
"691",2023123109,2728,22.1386974228543,41.6948071963978,12.4709367177249,30,44896,"Chris Godwin"
"692",2023123109,2977,16.2815952458378,49.4119383474766,47.9530670991102,30,44896,"Chris Godwin"
"693",2023123109,3009,8.98022167060415,16.6698424816625,14.2106745604164,25,44896,"Chris Godwin"
"694",2023123109,3034,10.9956140177693,17.060641403334,13.0429978641548,30,44896,"Chris Godwin"
"695",2023123109,3057,15.4252251731691,68.926834224178,68.926834224178,28,44896,"Chris Godwin"
"696",2023123109,3210,19.0811091263788,76.8280640773632,71.9231515944887,30,44896,"Chris Godwin"
"697",2023123109,3240,39.006318657226,110.484246744526,110.484246744526,42,44896,"Chris Godwin"
"698",2023123109,3364,23.459081472722,30.1908822616934,25.1617160410841,23,44896,"Chris Godwin"
"699",2023123109,3389,9.59725151216908,22.4041214177881,21.9655602347427,24,44896,"Chris Godwin"
"700",2023123109,3741,12.8965434831129,35.5857376118797,35.4404709350948,29,44896,"Chris Godwin"
"701",2023123109,3883,29.3984300782812,77.5545608256877,77.5545608256877,29,44896,"Chris Godwin"
"702",2023123109,3920,57.2663120320387,195.883538025859,192.040034603573,46,44896,"Chris Godwin"
"703",2024010705,55,4.38184118052418,15.147860059828,15.147860059828,19,44896,"Chris Godwin"
"704",2024010705,80,2.30515147741714,5.46144001193387,5.46144001193387,16,44896,"Chris Godwin"
"705",2024010705,130,10.2166766067111,15.0194272978028,15.0194272978028,29,44896,"Chris Godwin"
"706",2024010705,153,13.3788529811278,29.4750124389611,29.117317300659,27,44896,"Chris Godwin"
"707",2024010705,200,11.7914851275897,21.7521598313763,21.3335197098912,25,44896,"Chris Godwin"
"708",2024010705,223,17.2794562757061,27.306659535033,15.6067939984188,26,44896,"Chris Godwin"
"709",2024010705,418,9.12795381058186,18.8138938280582,18.8138938280582,23,44896,"Chris Godwin"
"710",2024010705,494,15.4814048980221,34.528701067932,34.528701067932,26,44896,"Chris Godwin"
"711",2024010705,519,15.2762736112692,21.3934206059252,21.0265902447812,33,44896,"Chris Godwin"
"712",2024010705,812,17.0173078124179,67.2366574865234,67.2366574865234,25,44896,"Chris Godwin"
"713",2024010705,1115,-0.596550459525178,4.28657580981493,2.54219188149754,27,44896,"Chris Godwin"
"714",2024010705,1385,8.02110263752543,21.2584329240345,20.0217781767905,26,44896,"Chris Godwin"
"715",2024010705,1462,11.3295318397952,19.8343987022855,19.810022291122,30,44896,"Chris Godwin"
"716",2024010705,1683,7.12289212320348,14.2940538120735,13.7287795424612,22,44896,"Chris Godwin"
"717",2024010705,1715,19.8354087356117,57.0253120539557,56.7812819993633,28,44896,"Chris Godwin"
"718",2024010705,1859,13.9301108604521,23.9466794700546,12.1259146885604,20,44896,"Chris Godwin"
"719",2024010705,2027,18.6573912702776,25.481614683754,19.2552671811964,19,44896,"Chris Godwin"
"720",2024010705,2440,4.36712624395604,7.98212615008522,5.85665358895279,19,44896,"Chris Godwin"
"721",2024010705,2874,9.3899668120042,20.0361767413352,20.0361767413352,20,44896,"Chris Godwin"
"722",2024010705,3000,6.44253238463498,12.8862480158791,8.00028369707066,32,44896,"Chris Godwin"
"723",2024010705,3462,12.8035268739819,24.2162006643912,22.6342657384904,19,44896,"Chris Godwin"
"724",2023091011,55,3.98323524249154,15.4923404429958,15.4923404429958,28,53439,"Devonta Smith"
"725",2023091011,140,8.16997450052623,15.4191289614375,15.2170611221798,30,53439,"Devonta Smith"
"726",2023091011,209,3.58200579262048,8.04803874714652,8.04803874714652,20,53439,"Devonta Smith"
"727",2023091011,766,10.0794807333394,31.2614070233865,31.2614070233865,23,53439,"Devonta Smith"
"728",2023091011,849,8.00404294396008,17.7440666316927,17.5066460396612,29,53439,"Devonta Smith"
"729",2023091011,1034,0.359368526159563,9.44640460674633,9.44640460674633,22,53439,"Devonta Smith"
"730",2023091011,1101,34.9314325919242,150.005725489023,150.005725489023,25,53439,"Devonta Smith"
"731",2023091011,1964,19.2848279568121,28.5775171608612,17.4644547347937,25,53439,"Devonta Smith"
"732",2023091011,1989,33.2903998771566,114.322219099333,114.322219099333,25,53439,"Devonta Smith"
"733",2023091011,2449,9.35076890484257,14.8461354816423,11.0136038971895,28,53439,"Devonta Smith"
"734",2023091011,2508,5.5169297275509,15.5190675948086,15.5190675948086,26,53439,"Devonta Smith"
"735",2023091011,2555,12.1520357230902,46.0989296599986,46.0989296599986,31,53439,"Devonta Smith"
"736",2023091011,2580,13.5144811107872,49.2864848752741,49.2864848752741,31,53439,"Devonta Smith"
"737",2023091011,2643,6.75607787251622,18.172461410533,18.172461410533,28,53439,"Devonta Smith"
"738",2023091011,3108,2.47109053594585,13.2584431497572,13.2584431497572,25,53439,"Devonta Smith"
"739",2023091011,3140,7.30936856582695,12.5539798453693,12.4473499580973,26,53439,"Devonta Smith"
"740",2023091011,3187,12.5466145928646,33.7132426437391,33.5062226614445,26,53439,"Devonta Smith"
"741",2023091011,3217,4.49913522378872,6.31642997582547,5.79531409585473,34,53439,"Devonta Smith"
"742",2023091011,3285,17.7679810335582,31.1715720524059,20.6328457407171,23,53439,"Devonta Smith"
"743",2023091011,3355,10.993065853611,15.5488945276425,14.8631314350758,30,53439,"Devonta Smith"
"744",2023091011,3683,85.6288312134601,187.721274666696,79.3181388464712,63,53439,"Devonta Smith"
"745",2023091011,3772,20.5821292483017,36.2355668783897,30.0966736906511,49,53439,"Devonta Smith"
"746",2023091011,3797,11.6191504819577,18.4472186817569,18.4472186817569,24,53439,"Devonta Smith"
"747",2023091011,3915,45.4992996972823,57.4830766744008,47.1644874557014,21,53439,"Devonta Smith"
"748",2023091011,4427,28.3275878891984,36.8279257988671,31.1115560593124,19,53439,"Devonta Smith"
"749",2023091400,56,6.13953362649835,17.6654864758405,13.7878964525215,20,53439,"Devonta Smith"
"750",2023091400,151,40.7960405105381,150.035222305035,150.035222305035,33,53439,"Devonta Smith"
"751",2023091400,431,3.79610875313421,12.068618033572,11.5075029138115,25,53439,"Devonta Smith"
"752",2023091400,461,8.4981450815254,19.6878045901217,19.6878045901217,18,53439,"Devonta Smith"
"753",2023091400,685,38.8040243634541,58.1556474928811,49.0092717780591,37,53439,"Devonta Smith"
"754",2023091400,779,25.8547066212116,80.264155799273,80.264155799273,26,53439,"Devonta Smith"
"755",2023091400,1213,30.9280270509588,125.968234624462,125.968234624462,30,53439,"Devonta Smith"
"756",2023091400,1420,25.4546672983863,41.4878046016984,41.4878046016984,22,53439,"Devonta Smith"
"757",2023091400,1962,26.6058011242999,62.4176872726165,62.4176872726165,28,53439,"Devonta Smith"
"758",2023091400,2364,64.7601094453732,273.117638956006,273.117638956006,28,53439,"Devonta Smith"
"759",2023091400,2587,7.72914637918996,22.3110404522336,22.3110404522336,23,53439,"Devonta Smith"
"760",2023091400,2645,7.46345302408395,24.494443734001,24.494443734001,23,53439,"Devonta Smith"
"761",2023091400,2694,28.2403443109503,71.4643308253667,71.4643308253667,35,53439,"Devonta Smith"
"762",2023091400,2885,3.49772620395135,18.7896827919211,18.7896827919211,24,53439,"Devonta Smith"
"763",2023091400,2976,19.0709828037749,54.4809361875713,42.8315215189303,33,53439,"Devonta Smith"
"764",2023091400,3072,11.3644059844693,33.6587501948487,33.6587501948487,22,53439,"Devonta Smith"
"765",2023091400,3117,12.3001140555422,16.7161085027451,16.25197019562,27,53439,"Devonta Smith"
"766",2023091400,3668,15.07901187173,24.8029326216231,24.8029326216231,24,53439,"Devonta Smith"
"767",2023092500,258,10.8023697052811,22.127731221509,21.5569708780403,28,53439,"Devonta Smith"
"768",2023092500,288,19.2621462377308,87.8151741779864,87.8151741779864,35,53439,"Devonta Smith"
"769",2023092500,373,11.9960797721887,32.9266721807877,32.9266721807877,36,53439,"Devonta Smith"
"770",2023092500,651,5.92450902630666,15.191423098159,15.191423098159,23,53439,"Devonta Smith"
"771",2023092500,730,33.7526510589124,42.7108231675343,35.3280497036135,21,53439,"Devonta Smith"
"772",2023092500,943,33.708509936724,84.897145648259,45.3131226329024,39,53439,"Devonta Smith"
"773",2023092500,1463,19.1094526647997,76.0726663816584,76.0726663816584,35,53439,"Devonta Smith"
"774",2023092500,1488,18.3285897209568,50.2243807162346,4.79479065328805,57,53439,"Devonta Smith"
"775",2023092500,1511,16.9131732080814,30.117191156169,27.4554425006896,21,53439,"Devonta Smith"
"776",2023092500,1558,69.4640888234651,183.206204930163,99.4433655646245,54,53439,"Devonta Smith"
"777",2023092500,1605,21.9617495262556,73.4731520045419,69.2783432188598,26,53439,"Devonta Smith"
"778",2023092500,1654,31.4487354295828,56.7612116423421,34.106709383951,56,53439,"Devonta Smith"
"779",2023092500,1943,11.1306543608392,22.1751181267119,22.1751181267119,25,53439,"Devonta Smith"
"780",2023092500,2077,25.3252339329697,30.4656860270201,30.4656860270201,21,53439,"Devonta Smith"
"781",2023092500,2285,14.3410002671908,29.2620855429106,29.2620855429106,21,53439,"Devonta Smith"
"782",2023092500,2381,8.27234473810744,15.8688549287941,15.8688549287941,20,53439,"Devonta Smith"
"783",2023092500,2407,9.29328163449058,31.242997751462,30.5966991885328,40,53439,"Devonta Smith"
"784",2023092500,2530,0.815857664837812,1.89663155345693,1.89663155345693,16,53439,"Devonta Smith"
"785",2023092500,2844,60.1629267117026,190.227063608249,165.820798615598,48,53439,"Devonta Smith"
"786",2023092500,2896,63.1786428959279,187.402024838946,187.402024838946,42,53439,"Devonta Smith"
"787",2023092500,3064,10.0019441562322,18.2405617394298,18.2405617394298,20,53439,"Devonta Smith"
"788",2023092500,3094,2.15651383350251,6.24406191252526,4.54849324048145,28,53439,"Devonta Smith"
"789",2023092500,3119,0.20742249182166,8.61540201918041,8.61540201918041,23,53439,"Devonta Smith"
"790",2023092500,3164,8.83767087615625,25.5674421012876,25.5674421012876,27,53439,"Devonta Smith"
"791",2023092500,3576,13.0230732550303,26.4288617040845,23.9867403108508,17,53439,"Devonta Smith"
"792",2023092500,3696,8.70987676602165,17.7219867200913,17.7219867200913,26,53439,"Devonta Smith"
"793",2023092500,3719,2.5367989082287,7.18568884907655,7.18568884907655,18,53439,"Devonta Smith"
"794",2023092500,3793,0,0,0,12,53439,"Devonta Smith"
"795",2023092500,3891,12.9415355198879,23.2073304388939,23.2073304388939,17,53439,"Devonta Smith"
"796",2023100108,461,86.9992930448062,222.398195502761,220.354203113676,43,53439,"Devonta Smith"
"797",2023100108,486,9.14797453870606,19.1175039762315,18.255950939087,21,53439,"Devonta Smith"
"798",2023100108,557,23.217298313249,34.3147270294864,18.2201376348341,24,53439,"Devonta Smith"
"799",2023100108,582,32.870503298684,85.1107133979065,85.1107133979065,22,53439,"Devonta Smith"
"800",2023100108,724,8.19630888041251,14.1062786384143,14.1062786384143,20,53439,"Devonta Smith"
"801",2023100108,1155,0.671940587046714,3.91685708120482,3.91685708120482,22,53439,"Devonta Smith"
"802",2023100108,1180,7.85070802260583,13.2337694195123,6.76547496138793,23,53439,"Devonta Smith"
"803",2023100108,1451,40.9263382686516,134.499660092213,134.499660092213,37,53439,"Devonta Smith"
"804",2023100108,1902,19.2983256021503,33.5417390953605,31.2878479726272,26,53439,"Devonta Smith"
"805",2023100108,1925,15.2128106598113,23.5009477341675,20.0085584088838,21,53439,"Devonta Smith"
"806",2023100108,1972,28.207315680468,88.852652599199,88.852652599199,31,53439,"Devonta Smith"
"807",2023100108,1997,21.2727215430517,75.3908234980668,75.3908234980668,29,53439,"Devonta Smith"
"808",2023100108,2213,7.09562279116803,12.9275309994537,12.9275309994537,27,53439,"Devonta Smith"
"809",2023100108,2587,7.53187074173233,19.9169277897572,19.9169277897572,21,53439,"Devonta Smith"
"810",2023100108,2612,16.5813592844927,72.3908308436134,72.3908308436134,26,53439,"Devonta Smith"
"811",2023100108,2940,58.4290265687657,202.149950716452,202.149950716452,35,53439,"Devonta Smith"
"812",2023100108,3078,-3.13297379507152,-1.44666907654846,-2.09606180070081,24,53439,"Devonta Smith"
"813",2023100108,3103,8.09935687034592,29.0927888822151,29.0927888822151,19,53439,"Devonta Smith"
"814",2023100108,3681,20.777495870329,80.5010768162813,69.4462087896924,29,53439,"Devonta Smith"
"815",2023100108,3704,75.5301138176892,204.360467001896,165.258477203442,52,53439,"Devonta Smith"
"816",2023100108,3973,15.0166670475344,24.8505955167627,10.2022679826757,36,53439,"Devonta Smith"
"817",2023100108,3996,32.5611156160491,76.3602690555403,58.481470182333,28,53439,"Devonta Smith"
"818",2023100108,4079,16.0496315644528,25.8517713828917,23.3904459504995,22,53439,"Devonta Smith"
"819",2023100108,4131,15.301332609425,21.4716920587866,10.7048167458453,27,53439,"Devonta Smith"
"820",2023100108,4666,23.5221386942575,44.2956285241874,42.0580383250674,22,53439,"Devonta Smith"
"821",2023100108,4696,17.9928941218346,76.9866659834357,69.3167157814275,28,53439,"Devonta Smith"
"822",2023100108,4793,20.962825011604,25.8728208916527,25.8728208916527,23,53439,"Devonta Smith"
"823",2023100108,4879,33.7175610325213,52.92631133572,37.0612773885575,19,53439,"Devonta Smith"
"824",2023100808,80,21.5160220745212,89.4788040509472,89.4788040509472,26,53439,"Devonta Smith"
"825",2023100808,157,30.918964934588,81.9780179745905,79.1124075444154,31,53439,"Devonta Smith"
"826",2023100808,182,25.1300733481104,61.0592755896814,38.9748462891476,41,53439,"Devonta Smith"
"827",2023100808,328,12.3064104234291,16.549444550332,11.0355739839736,22,53439,"Devonta Smith"
"828",2023100808,801,16.7326102693741,23.7694872300963,23.1157067569407,23,53439,"Devonta Smith"
"829",2023100808,826,11.5547435092529,17.3445633078581,13.0805748878946,19,53439,"Devonta Smith"
"830",2023100808,893,15.8156472020089,21.5902705779889,12.1449163716096,21,53439,"Devonta Smith"
"831",2023100808,938,47.3821896255207,106.976454576913,97.6555745444563,40,53439,"Devonta Smith"
"832",2023100808,984,31.1339394142436,55.8960752684845,53.4655634384133,35,53439,"Devonta Smith"
"833",2023100808,1229,10.0722976454899,17.6398365918356,14.3464959372159,29,53439,"Devonta Smith"
"834",2023100808,1252,34.341098638404,126.218412264361,28.126419102883,61,53439,"Devonta Smith"
"835",2023100808,1304,39.7978797032152,108.170201262156,86.7639754583367,29,53439,"Devonta Smith"
"836",2023100808,1354,24.376560573842,51.0622541177064,51.0622541177064,28,53439,"Devonta Smith"
"837",2023100808,1401,8.61449429450787,24.1380639853017,24.1380639853017,30,53439,"Devonta Smith"
"838",2023100808,1867,26.6750450743563,57.3668780674393,57.3668780674393,26,53439,"Devonta Smith"
"839",2023100808,2303,4.99143785074861,17.0486056163373,17.0486056163373,21,53439,"Devonta Smith"
"840",2023100808,2333,8.72683856031739,17.7138403096849,15.2688644325459,30,53439,"Devonta Smith"
"841",2023100808,2370,16.9216030359741,50.5008453733213,30.4350714538425,36,53439,"Devonta Smith"
"842",2023100808,2417,11.2472842662453,17.3331045532449,11.6633693704192,37,53439,"Devonta Smith"
"843",2023100808,2442,2.48053019062473,14.888009148005,14.3781294202495,21,53439,"Devonta Smith"
"844",2023100808,2805,16.4598426083402,30.9086291312918,19.5166157850352,22,53439,"Devonta Smith"
"845",2023100808,2919,0.0265526351657533,0.0634917707676413,0,14,53439,"Devonta Smith"
"846",2023100808,2942,18.3542409589651,29.895599967201,11.6591897508682,41,53439,"Devonta Smith"
"847",2023100808,3015,4.85646909175327,15.6222992846898,15.6222992846898,23,53439,"Devonta Smith"
"848",2023100808,3107,20.1799627910428,34.6014786682207,22.6433994364435,62,53439,"Devonta Smith"
"849",2023100808,3368,19.1659800421021,36.4133234135328,33.4894020606539,43,53439,"Devonta Smith"
"850",2023100808,3425,33.4907132183988,49.214423164861,47.2401963874812,23,53439,"Devonta Smith"
"851",2023101511,230,1.58251441518662,11.6403813010297,11.6403813010297,20,53439,"Devonta Smith"
"852",2023101511,283,-1.27407650341242,7.94623192973628,7.94623192973628,27,53439,"Devonta Smith"
"853",2023101511,336,7.00044471285968,9.80961138048588,8.95474466227386,22,53439,"Devonta Smith"
"854",2023101511,366,62.8103010932794,142.525545980216,43.5230089986504,60,53439,"Devonta Smith"
"855",2023101511,396,9.42940068774651,18.1750943577457,18.1750943577457,20,53439,"Devonta Smith"
"856",2023101511,533,8.8254397048853,24.8789246009597,24.8789246009597,28,53439,"Devonta Smith"
"857",2023101511,558,3.70159566886253,5.83171316120312,5.77086281129563,22,53439,"Devonta Smith"
"858",2023101511,708,20.662671702646,36.3688678406683,36.3688678406683,57,53439,"Devonta Smith"
"859",2023101511,1288,17.5269721059977,57.87797161042,57.85961632617,31,53439,"Devonta Smith"
"860",2023101511,1313,29.600978529712,72.5773352533559,29.662312917636,62,53439,"Devonta Smith"
"861",2023101511,1343,9.19757699713676,18.483512180044,18.0078776434429,23,53439,"Devonta Smith"
"862",2023101511,1366,9.19175716982234,14.9886657306471,13.7670736527727,22,53439,"Devonta Smith"
"863",2023101511,1391,3.76377369115779,15.8868154911204,13.2749094914141,23,53439,"Devonta Smith"
"864",2023101511,1614,19.5161835754542,43.9236255824173,43.9236255824173,41,53439,"Devonta Smith"
"865",2023101511,1637,7.62820379830685,15.4185089809519,15.4185089809519,22,53439,"Devonta Smith"
"866",2023101511,1689,10.901299294506,17.9449345514324,17.9449345514324,24,53439,"Devonta Smith"
"867",2023101511,1741,16.5299269568874,20.4056108931158,16.2850110184804,25,53439,"Devonta Smith"
"868",2023101511,2108,13.8162283628093,24.2904336338879,24.2904336338879,25,53439,"Devonta Smith"
"869",2023101511,2514,18.254635527701,65.9439359438728,65.9439359438728,29,53439,"Devonta Smith"
"870",2023101511,2591,43.5077102214185,93.9081930666771,93.9081930666771,49,53439,"Devonta Smith"
"871",2023101511,2635,64.4799265972604,143.393438298975,31.6752276344481,51,53439,"Devonta Smith"
"872",2023101511,3009,4.7003266807189,9.62382307271086,9.62382307271086,27,53439,"Devonta Smith"
"873",2023101511,3339,40.4750417358515,95.9489002116949,66.5962439994855,66,53439,"Devonta Smith"
"874",2023101511,3660,10.2439627304479,21.9880667715227,21.9880667715227,25,53439,"Devonta Smith"
"875",2023101511,3785,5.57560416879754,22.245886187722,22.245886187722,25,53439,"Devonta Smith"
"876",2023101511,4033,17.8193397282389,80.1418536832073,80.1418536832073,30,53439,"Devonta Smith"
"877",2023101511,4085,21.1424649673148,55.6222331046997,55.6222331046997,38,53439,"Devonta Smith"
"878",2023101511,4132,17.0705451695395,29.7316470478793,14.8339618600455,27,53439,"Devonta Smith"
"879",2023101511,4227,37.2232731998355,99.8715259811548,99.8715259811548,27,53439,"Devonta Smith"
"880",2023101511,4317,26.1986917198561,59.2051026961086,57.9800154252406,28,53439,"Devonta Smith"
"881",2023101511,4340,24.6909209888644,63.1103489040454,29.4412520479284,50,53439,"Devonta Smith"
"882",2023101511,4363,27.0119261827866,45.8760956361642,28.8852411565989,35,53439,"Devonta Smith"
"883",2023101511,4388,58.1309942317565,120.885834664567,119.35228291222,41,53439,"Devonta Smith"
"884",2023102210,196,37.5708910896653,111.066065400835,59.8064239312888,36,53439,"Devonta Smith"
"885",2023102210,219,13.3136932961066,32.5568760735361,32.5568760735361,27,53439,"Devonta Smith"
"886",2023102210,244,12.5573940938779,39.7907638995312,39.7907638995312,31,53439,"Devonta Smith"
"887",2023102210,274,6.41585410159094,10.6719812553134,10.6719812553134,35,53439,"Devonta Smith"
"888",2023102210,932,11.1121539998642,23.056585404617,22.8922616703727,18,53439,"Devonta Smith"
"889",2023102210,1011,12.844326274764,18.6666430047768,18.6666430047768,21,53439,"Devonta Smith"
"890",2023102210,1125,18.6115745781428,78.6281426485433,52.803097402082,32,53439,"Devonta Smith"
"891",2023102210,1401,9.54808297750496,22.5666384304767,22.5666384304767,19,53439,"Devonta Smith"
"892",2023102210,1448,10.9876446743307,18.9458977876265,18.9458977876265,20,53439,"Devonta Smith"
"893",2023102210,1536,28.7460444677923,89.3558573736412,69.4156375996166,29,53439,"Devonta Smith"
"894",2023102210,1583,13.9045393243007,23.8993698996226,22.5358803335816,31,53439,"Devonta Smith"
"895",2023102210,2391,8.59598302214058,18.1771248869046,18.1771248869046,20,53439,"Devonta Smith"
"896",2023102210,2506,11.4521508074868,17.9407881379949,17.3408157458484,20,53439,"Devonta Smith"
"897",2023102210,2800,33.7040001965184,79.2259647162638,73.2591269318751,44,53439,"Devonta Smith"
"898",2023102210,2832,4.40333399804483,12.7667505758132,12.7667505758132,32,53439,"Devonta Smith"
"899",2023102210,2879,14.4641949685431,75.0676918871386,75.0676918871386,27,53439,"Devonta Smith"
"900",2023102210,2904,14.3850522894438,22.6878338052529,19.2797562048455,21,53439,"Devonta Smith"
"901",2023102210,2927,12.2705444395187,45.0876859507673,44.6012087528953,27,53439,"Devonta Smith"
"902",2023102210,2952,8.36384771473014,18.5829814610814,13.1636552622486,19,53439,"Devonta Smith"
"903",2023102210,3338,14.0234536274721,20.1915710470363,15.1070924842712,21,53439,"Devonta Smith"
"904",2023102210,3418,24.321253609157,62.8205683989574,59.8086280063528,30,53439,"Devonta Smith"
"905",2023102210,3441,16.4988160327962,20.4204325470858,20.4204325470858,21,53439,"Devonta Smith"
"906",2023102210,3510,12.7069240769808,21.2657301114544,21.2657301114544,19,53439,"Devonta Smith"
"907",2023102210,3568,22.1836765866859,67.5040372089177,48.3363564582164,36,53439,"Devonta Smith"
"908",2023102908,357,40.8257735232376,90.0313084154238,65.8872693525196,35,53439,"Devonta Smith"
"909",2023102908,382,5.9810464904025,7.8865964976303,7.73768826967009,20,53439,"Devonta Smith"
"910",2023102908,596,32.787927935251,126.479606232136,111.046391145114,31,53439,"Devonta Smith"
"911",2023102908,621,1.8702708735461,6.09095864709822,6.09095864709822,31,53439,"Devonta Smith"
"912",2023102908,696,-1.07222882344133,-0.799050683878202,-1.33296439707414,20,53439,"Devonta Smith"
"913",2023102908,721,28.4902218755578,85.2740600063086,85.2740600063086,27,53439,"Devonta Smith"
"914",2023102908,746,0.1280977974072,0.241988931307048,0.233260180402114,22,53439,"Devonta Smith"
"915",2023102908,771,35.7293795093678,107.903339056408,49.8057602672853,31,53439,"Devonta Smith"
"916",2023102908,794,38.3737947770609,88.071642835426,79.753029635091,36,53439,"Devonta Smith"
"917",2023102908,1235,2.56660446210265,8.69138525410519,8.69138525410519,23,53439,"Devonta Smith"
"918",2023102908,1258,15.1079080674649,37.4253830748493,37.4253830748493,25,53439,"Devonta Smith"
"919",2023102908,1283,27.7673805634066,80.9950509517878,80.9950509517878,31,53439,"Devonta Smith"
"920",2023102908,1313,0,0,0,19,53439,"Devonta Smith"
"921",2023102908,1365,0.0713093436850563,0.465578180441592,0.465578180441592,54,53439,"Devonta Smith"
"922",2023102908,1410,11.5646772509598,17.9295421270072,17.9295421270072,32,53439,"Devonta Smith"
"923",2023102908,1435,18.7526341744644,46.8464016089485,34.1895061441924,34,53439,"Devonta Smith"
"924",2023102908,1741,21.4073707500147,62.8319043176316,31.1819975159572,34,53439,"Devonta Smith"
"925",2023102908,1781,10.9948648085194,21.8330042675319,21.8330042675319,22,53439,"Devonta Smith"
"926",2023102908,1818,10.2050805488507,18.516619733614,18.516619733614,20,53439,"Devonta Smith"
"927",2023102908,1848,14.7569655548971,48.7653604251092,48.7653604251092,32,53439,"Devonta Smith"
"928",2023102908,1878,20.2846170474713,47.8377624155951,44.2174575447665,35,53439,"Devonta Smith"
"929",2023102908,1908,22.5476332829353,65.3906887374593,54.8511718447617,28,53439,"Devonta Smith"
"930",2023102908,1933,5.48682876098241,12.2656078732548,12.2488159840568,21,53439,"Devonta Smith"
"931",2023102908,2338,31.8269398237164,134.192485521337,134.192485521337,27,53439,"Devonta Smith"
"932",2023102908,2793,53.1033422824692,131.158261122188,84.586310888242,46,53439,"Devonta Smith"
"933",2023102908,2863,16.3266978106429,22.5091665919478,18.8440397790158,27,53439,"Devonta Smith"
"934",2023102908,3409,33.2020330123442,69.2404411464788,43.3340659448891,28,53439,"Devonta Smith"
"935",2023102908,3478,6.93600284173688,12.0726254730239,11.7623738525699,24,53439,"Devonta Smith"
"936",2023102908,3531,41.7482458190252,267.665518705826,267.665518705826,28,53439,"Devonta Smith"
"937",2023102908,3725,25.44083931008,35.7825329970095,32.9946600850323,24,53439,"Devonta Smith"
"938",2023102908,3979,11.3596557754799,19.1470543357059,19.0652125783618,34,53439,"Devonta Smith"
"939",2023110510,148,10.3530996120381,33.9113464227962,33.9113464227962,23,53439,"Devonta Smith"
"940",2023110510,239,32.5208693713559,77.2678545853071,29.1607663662931,35,53439,"Devonta Smith"
"941",2023110510,289,12.8727765290053,22.7677962147503,22.7677962147503,26,53439,"Devonta Smith"
"942",2023110510,314,17.7525775567263,54.1567576616175,26.1344549265426,32,53439,"Devonta Smith"
"943",2023110510,393,11.9191102593896,15.8937157487955,13.3726547414611,21,53439,"Devonta Smith"
"944",2023110510,418,26.079446730868,44.8967821089839,44.8967821089839,17,53439,"Devonta Smith"
"945",2023110510,443,15.6262460518076,24.3829968841992,24.3829968841992,28,53439,"Devonta Smith"
"946",2023110510,1417,20.692307068937,49.227011131996,40.843066941566,38,53439,"Devonta Smith"
"947",2023110510,2026,28.8856624932137,50.3494885069191,50.3494885069191,22,53439,"Devonta Smith"
"948",2023110510,2075,15.9359565099077,24.3652867164013,21.0394275485999,23,53439,"Devonta Smith"
"949",2023110510,2371,6.25127627459518,18.7251295478396,18.7251295478396,49,53439,"Devonta Smith"
"950",2023110510,2396,11.0741075717824,77.9114123745241,77.9114123745241,32,53439,"Devonta Smith"
"951",2023110510,2709,16.4846628046254,30.1226821846678,27.2974488336176,20,53439,"Devonta Smith"
"952",2023110510,2898,18.9027925380689,61.7238813045504,60.6305507596736,43,53439,"Devonta Smith"
"953",2023110510,2921,3.97018484641955,8.97039089678124,8.97039089678124,25,53439,"Devonta Smith"
"954",2023110510,3016,6.09061758022926,12.0397210576417,12.0397210576417,24,53439,"Devonta Smith"
"955",2023110510,3522,1.04262508637896,5.13869956254136,5.13869956254136,19,53439,"Devonta Smith"
"956",2023110510,3913,29.4915745151748,96.0565166770446,96.0565166770446,27,53439,"Devonta Smith"
"957",2023112000,544,27.2053451814087,97.1363603744184,97.1363603744184,50,53439,"Devonta Smith"
"958",2023112000,705,13.4297760471283,22.9189953267496,18.7922779747119,26,53439,"Devonta Smith"
"959",2023112000,969,9.48564247042785,18.9301037089947,16.6250889774434,22,53439,"Devonta Smith"
"960",2023112000,1045,5.40542199333273,15.088011647217,15.088011647217,25,53439,"Devonta Smith"
"961",2023112000,1369,12.5732668958983,19.5684798358679,19.5684798358679,27,53439,"Devonta Smith"
"962",2023112000,1727,6.87083898970575,17.5653161073245,17.5653161073245,21,53439,"Devonta Smith"
"963",2023112000,2544,3.76782887079469,9.06652410201916,8.24584283800387,25,53439,"Devonta Smith"
"964",2023112000,2574,17.3448524529064,27.749980186895,19.5957000133928,20,53439,"Devonta Smith"
"965",2023112000,2643,-2.51937577460924,0.832735994556482,0.832735994556482,19,53439,"Devonta Smith"
"966",2023112000,2666,2.36847299948813,9.79046091054138,9.79046091054138,22,53439,"Devonta Smith"
"967",2023112000,3533,39.1911703068163,116.140255900385,79.51673520957,46,53439,"Devonta Smith"
"968",2023112000,3556,9.38969794223245,19.6360895183276,19.6360895183276,33,53439,"Devonta Smith"
"969",2023112000,3581,14.389300787271,75.7707854545934,75.7707854545934,31,53439,"Devonta Smith"
"970",2023112609,687,22.5639019493923,43.7484330146633,40.1714765147682,21,53439,"Devonta Smith"
"971",2023112609,1348,27.5921445349619,66.0348441400353,66.0348441400353,44,53439,"Devonta Smith"
"972",2023112609,1599,13.8088557021269,30.1937357676879,28.4551537518129,32,53439,"Devonta Smith"
"973",2023112609,1946,14.4942910662599,17.0119104600282,15.1316055193885,22,53439,"Devonta Smith"
"974",2023112609,2283,11.2412888787185,23.8014776618104,23.8014776618104,22,53439,"Devonta Smith"
"975",2023112609,2649,25.5213582563162,71.8457983044517,71.8331078001474,31,53439,"Devonta Smith"
"976",2023112609,3008,4.82394972246977,8.25365063085077,8.25365063085077,24,53439,"Devonta Smith"
"977",2023112609,3060,4.71983383744713,9.69576317085788,8.36368870553347,27,53439,"Devonta Smith"
"978",2023112609,3406,22.1974481572533,54.4837668962765,54.4837668962765,39,53439,"Devonta Smith"
"979",2023112609,3545,12.7763242159913,32.8401089579724,32.8401089579724,29,53439,"Devonta Smith"
"980",2023112609,3968,43.0782912185009,90.5538547253126,83.5141413349946,36,53439,"Devonta Smith"
"981",2023112609,4311,21.7015303055403,60.9391306061263,23.5909939031115,39,53439,"Devonta Smith"
"982",2023112609,4336,5.44121498683947,9.885204225574,9.58842850715967,20,53439,"Devonta Smith"
"983",2023112609,4366,14.9204944844511,21.489990176951,16.8946656191328,25,53439,"Devonta Smith"
"984",2023112609,4391,11.7636664367779,15.9976720538067,15.4244196804218,23,53439,"Devonta Smith"
"985",2023112609,4421,20.2854135636955,35.2040523948337,34.8555786417178,20,53439,"Devonta Smith"
"986",2023112609,4586,30.5738842612145,81.4729000023905,81.4729000023905,34,53439,"Devonta Smith"
"987",2023112609,5135,21.6339761168452,69.897292721543,69.897292721543,28,53439,"Devonta Smith"
"988",2023112609,5160,13.3250310613976,25.5738362484796,25.5738362484796,22,53439,"Devonta Smith"
"989",2023112609,5183,28.4954906572916,65.436187826254,60.3937391999241,32,53439,"Devonta Smith"
"990",2023112609,5235,12.5281509977985,18.8654832517295,18.8654832517295,24,53439,"Devonta Smith"
"991",2023112609,5258,20.1827145045124,29.4606725823635,24.812572429384,18,53439,"Devonta Smith"
"992",2023120309,55,34.0029117156972,82.9108214422958,54.3631333318669,54,53439,"Devonta Smith"
"993",2023120309,100,15.8377136925816,26.2222425205298,26.2222425205298,25,53439,"Devonta Smith"
"994",2023120309,147,46.1074682772358,143.887200615048,143.887200615048,25,53439,"Devonta Smith"
"995",2023120309,292,14.8933842088813,38.8463526216871,37.7130330095595,25,53439,"Devonta Smith"
"996",2023120309,528,12.1987742673968,24.4060544418647,23.910847189524,21,53439,"Devonta Smith"
"997",2023120309,560,32.9411725522231,90.1791550112661,33.4013257584509,41,53439,"Devonta Smith"
"998",2023120309,637,20.9071587508575,35.9556451953105,30.7421722969046,22,53439,"Devonta Smith"
"999",2023120309,667,4.92294226135276,14.013908652044,14.013908652044,25,53439,"Devonta Smith"
"1000",2023120309,697,5.12372794629984,20.3044272118151,20.3044272118151,20,53439,"Devonta Smith"
"1001",2023120309,742,24.8510879366528,33.5685925629989,22.4915812144544,25,53439,"Devonta Smith"
"1002",2023120309,1524,27.1424411304518,91.2482302211199,87.2762172458453,28,53439,"Devonta Smith"
"1003",2023120309,1549,23.4765475809862,51.2214160323812,49.1165829546396,40,53439,"Devonta Smith"
"1004",2023120309,2317,26.1178192688244,57.3688889880667,42.2531035856393,63,53439,"Devonta Smith"
"1005",2023120309,2395,25.4228341107376,72.1713341404554,67.2509428311679,33,53439,"Devonta Smith"
"1006",2023120309,2425,19.1697294021291,35.6106205814642,28.7487611340138,23,53439,"Devonta Smith"
"1007",2023120309,2518,25.8216035159814,37.7407310829511,33.0166982653986,20,53439,"Devonta Smith"
"1008",2023120309,2853,22.5299825229817,73.7637658721381,36.3497124448835,38,53439,"Devonta Smith"
"1009",2023120309,3272,10.5679406916796,40.0553319470042,34.6964081275479,33,53439,"Devonta Smith"
"1010",2023120309,3331,8.77822282600896,22.7625609383053,22.7625609383053,25,53439,"Devonta Smith"
"1011",2023120309,3427,15.5137742999488,27.0284038399352,12.114564687222,22,53439,"Devonta Smith"
"1012",2023120309,3452,75.3061183390722,141.886304051598,128.566666806237,49,53439,"Devonta Smith"
"1013",2023120309,3477,28.3088449271993,72.767126831943,41.8274736038761,41,53439,"Devonta Smith"
"1014",2023120309,3507,18.6187361737176,34.7387542282909,33.6735063203226,49,53439,"Devonta Smith"
"1015",2023120309,3537,14.0767113210144,31.3491432875615,21.0124870247274,54,53439,"Devonta Smith"
"1016",2023120309,3623,5.86373826951548,9.57091091302713,9.57091091302713,21,53439,"Devonta Smith"
"1017",2023120309,3646,11.2822134955862,17.0058755513382,16.7421077477469,43,53439,"Devonta Smith"
"1018",2023120309,3832,7.41387448388335,21.4387853595271,21.4387853595271,25,53439,"Devonta Smith"
"1019",2023120309,3867,9.15278507986972,19.5982122204059,19.5982122204059,27,53439,"Devonta Smith"
"1020",2023120309,3892,40.6217527020913,69.423260240161,57.1916847324681,68,53439,"Devonta Smith"
"1021",2023120309,3963,51.001007391026,84.7900528999163,21.5212342628554,100,53439,"Devonta Smith"
"1022",2023120309,3993,42.3621445250445,96.7506439851551,70.6499888963694,38,53439,"Devonta Smith"
"1023",2023120309,4042,33.0544379323701,70.3287836361542,56.2240622723033,41,53439,"Devonta Smith"
"1024",2023120309,4090,52.1574927107651,110.276564488334,89.8333739720002,30,53439,"Devonta Smith"
"1025",2023121011,445,-1.96918662697693,2.14526650888983,2.14526650888983,26,53439,"Devonta Smith"
"1026",2023121011,468,11.5650525524734,17.9387848264072,11.6460224655998,26,53439,"Devonta Smith"
"1027",2023121011,539,14.1949493995705,25.6850619996108,14.9987770832616,22,53439,"Devonta Smith"
"1028",2023121011,598,32.4502111085322,80.466283039642,80.466283039642,43,53439,"Devonta Smith"
"1029",2023121011,1214,10.034789512161,17.3593496843703,16.8087807769805,35,53439,"Devonta Smith"
"1030",2023121011,1290,22.9246339611864,34.8896922977241,27.5967115576735,25,53439,"Devonta Smith"
"1031",2023121011,1315,13.012892872601,19.2742598351703,17.5573359026367,29,53439,"Devonta Smith"
"1032",2023121011,1788,22.9108592678878,73.3857116535465,60.2683438134649,29,53439,"Devonta Smith"
"1033",2023121011,1884,13.2768258566005,21.0178324090294,17.2714382411938,25,53439,"Devonta Smith"
"1034",2023121011,1909,4.04596950718875,8.81449702228538,8.81449702228538,26,53439,"Devonta Smith"
"1035",2023121011,2395,42.7253935012914,127.499777011717,120.357469569283,31,53439,"Devonta Smith"
"1036",2023121011,2658,4.59404315575334,11.1538956188489,11.1538956188489,18,53439,"Devonta Smith"
"1037",2023121011,2805,20.5753056306639,77.2404025543358,77.2404025543358,35,53439,"Devonta Smith"
"1038",2023121011,2857,25.8621035149146,33.0716317265334,19.1639746434166,20,53439,"Devonta Smith"
"1039",2023121011,3342,-0.701143823271946,4.02568455352565,4.02568455352565,21,53439,"Devonta Smith"
"1040",2023121011,3433,16.9081891901818,61.9141144007096,61.9141144007096,29,53439,"Devonta Smith"
"1041",2023121011,3480,32.4706303684118,107.140825708184,97.8446642817474,52,53439,"Devonta Smith"
"1042",2023121011,3503,13.5956457426707,22.8277734536925,17.9076179667204,23,53439,"Devonta Smith"
"1043",2023121011,3528,28.651377793184,46.699506805632,32.0290018616441,24,53439,"Devonta Smith"
"1044",2023121011,3918,4.13677931588277,21.3558588912141,21.3558588912141,21,53439,"Devonta Smith"
"1045",2023121011,3951,14.9047102884432,25.4767851285946,22.5726773613399,26,53439,"Devonta Smith"
"1046",2023121011,3976,17.282973934167,53.991345089435,23.9700386634057,37,53439,"Devonta Smith"
"1047",2023121011,4006,17.3574496428342,34.5481178772074,34.5481178772074,20,53439,"Devonta Smith"
"1048",2023121011,4111,15.0332341441556,25.7130151533694,23.4719527596741,22,53439,"Devonta Smith"
"1049",2023121801,129,17.5416142817735,27.6425913189315,17.5638423627571,28,53439,"Devonta Smith"
"1050",2023121801,209,10.690965358929,22.1807192557549,22.1797683478794,20,53439,"Devonta Smith"
"1051",2023121801,604,13.4477504791794,60.4063460076125,60.0675568179645,31,53439,"Devonta Smith"
"1052",2023121801,651,6.61073304803022,14.9128202103679,14.9128202103679,23,53439,"Devonta Smith"
"1053",2023121801,977,10.3630493821535,24.1587268598702,24.1587268598702,20,53439,"Devonta Smith"
"1054",2023121801,1095,14.0070121881297,21.9354841065982,16.0647228618709,25,53439,"Devonta Smith"
"1055",2023121801,1208,19.9595572633973,30.4202394555137,30.4202394555137,20,53439,"Devonta Smith"
"1056",2023121801,1732,24.6984613648948,91.101553064099,70.305092319522,29,53439,"Devonta Smith"
"1057",2023121801,1814,28.7653778703188,73.940337966461,61.5201589567876,30,53439,"Devonta Smith"
"1058",2023121801,1999,19.4420820585247,26.5177601013536,26.5177601013536,28,53439,"Devonta Smith"
"1059",2023121801,2386,4.84445596003074,22.654056958781,22.654056958781,20,53439,"Devonta Smith"
"1060",2023121801,2416,8.16871558339589,15.1357274224639,14.5224039204048,26,53439,"Devonta Smith"
"1061",2023121801,2546,24.1510091431557,76.4670647949996,76.4670647949996,26,53439,"Devonta Smith"
"1062",2023121801,2596,12.236565337198,21.3743066463405,21.1698987046901,25,53439,"Devonta Smith"
"1063",2023121801,2621,18.5157933778486,73.2322287073163,69.1770460321495,33,53439,"Devonta Smith"
"1064",2023121801,2908,22.4616706044361,46.1997605490475,46.1997605490475,33,53439,"Devonta Smith"
"1065",2023121801,3350,0.00778274688289922,2.43690049885344,2.43690049885344,22,53439,"Devonta Smith"
"1066",2023121801,3397,16.3450797231704,25.8136325911496,23.6516896114693,23,53439,"Devonta Smith"
"1067",2023121801,3422,17.9912961056317,36.7468650476159,24.5382483684352,39,53439,"Devonta Smith"
"1068",2023121801,4054,36.7075816627541,95.2657786518894,60.0497867980047,32,53439,"Devonta Smith"
"1069",2023121801,4106,58.2231127774385,132.113280451275,72.7332788900132,36,53439,"Devonta Smith"
"1070",2023122501,632,29.8677389798238,68.0760661790212,61.9329988008788,36,53439,"Devonta Smith"
"1071",2023122501,684,11.4177092100227,21.9240578031274,21.8509092093941,30,53439,"Devonta Smith"
"1072",2023122501,709,19.1216888426866,60.9578861373131,34.7754141459157,34,53439,"Devonta Smith"
"1073",2023122501,868,16.4292354906862,25.090455539773,21.4867276565491,21,53439,"Devonta Smith"
"1074",2023122501,893,7.59923085629121,65.5726233673383,65.5726233673383,25,53439,"Devonta Smith"
"1075",2023122501,918,1.727433157175,6.67940353616394,6.67940353616394,16,53439,"Devonta Smith"
"1076",2023122501,941,8.76455730323161,18.6455227230406,13.1650339616417,44,53439,"Devonta Smith"
"1077",2023122501,1078,19.6402035917456,28.7974134396029,23.8987801068321,19,53439,"Devonta Smith"
"1078",2023122501,1299,12.9753223085745,26.0888807185882,19.1772147922632,22,53439,"Devonta Smith"
"1079",2023122501,1322,10.2105482970773,19.0695037294719,19.0695037294719,26,53439,"Devonta Smith"
"1080",2023122501,1570,6.00274652823005,18.4480370434235,16.2044626239574,26,53439,"Devonta Smith"
"1081",2023122501,1958,41.2347144294114,83.6539481262578,46.0419972479345,53,53439,"Devonta Smith"
"1082",2023122501,1995,15.2978640635144,22.6011672573082,22.6011672573082,19,53439,"Devonta Smith"
"1083",2023122501,2151,22.563820171287,62.2662286726286,62.2662286726286,32,53439,"Devonta Smith"
"1084",2023122501,2439,4.73358833872782,9.60420910428651,5.33694726649975,19,53439,"Devonta Smith"
"1085",2023122501,2822,4.1662015519269,11.2488294799764,11.2488294799764,21,53439,"Devonta Smith"
"1086",2023122501,2973,20.2320471041385,47.0746439722615,36.0968819549253,39,53439,"Devonta Smith"
"1087",2023122501,3050,51.2200396042467,114.489606984615,62.4472741272232,46,53439,"Devonta Smith"
"1088",2023122501,3115,26.1290167095008,39.4356534919457,31.9089367762162,22,53439,"Devonta Smith"
"1089",2023122501,3176,14.0729586998368,24.6343220157539,23.8783425482398,23,53439,"Devonta Smith"
"1090",2023122501,3206,0.286825980767681,0.794171251771437,0,19,53439,"Devonta Smith"
"1091",2023122501,3275,10.2994256746335,45.4414482342485,45.4414482342485,24,53439,"Devonta Smith"
"1092",2023122501,3364,12.0002582926713,23.7662528077463,23.6640374419388,22,53439,"Devonta Smith"
"1093",2023122501,3436,58.9945174417617,122.379685113342,122.379685113342,46,53439,"Devonta Smith"
"1094",2023122501,3510,11.9480312804788,17.9679947974106,16.579089261595,20,53439,"Devonta Smith"
"1095",2023122501,3784,8.46822379066648,14.426714117961,14.426714117961,26,53439,"Devonta Smith"
"1096",2023123108,100,36.2862575435472,85.9317942005204,45.3234087764342,37,53439,"Devonta Smith"
"1097",2023123108,522,14.8255720484106,48.8217313937003,48.8217313937003,42,53439,"Devonta Smith"
"1098",2023123108,599,7.54415208548795,9.84043706855626,9.31257318550634,23,53439,"Devonta Smith"
"1099",2023123108,750,18.5887715959023,29.0321207491579,27.6962409445852,27,53439,"Devonta Smith"
"1100",2023123108,1626,2.78575104161332,14.3146768325876,14.3146768325876,25,53439,"Devonta Smith"
"1101",2023123108,1649,15.3405441174751,24.2122657676672,16.4148659255804,26,53439,"Devonta Smith"
"1102",2023123108,1674,14.7912267722546,22.81600773565,22.81600773565,20,53439,"Devonta Smith"
"1103",2023123108,1702,17.7582774678495,47.3593719207351,47.3593719207351,30,53439,"Devonta Smith"
"1104",2023123108,1734,23.2068560811222,69.6081408547415,24.4179850170919,33,53439,"Devonta Smith"
"1105",2023123108,1764,15.3654418748906,20.7833149596241,20.7833149596241,21,53439,"Devonta Smith"
"1106",2023123108,1789,40.4217618429185,118.276160178911,118.276160178911,35,53439,"Devonta Smith"
"1107",2023123108,1819,11.2842197633053,31.8867797286951,31.8867797286951,28,53439,"Devonta Smith"
"1108",2023123108,2307,10.3383525717266,16.5625260833571,14.9856662286546,30,53439,"Devonta Smith"
"1109",2023123108,2332,18.994809569673,26.7426331822188,26.7426331822188,22,53439,"Devonta Smith"
"1110",2023123108,2828,10.7724604656193,27.5614822763469,26.4023307140065,40,53439,"Devonta Smith"
"1111",2023123108,3381,18.6391995733505,29.9524334587186,16.7892381076484,22,53439,"Devonta Smith"
"1112",2023091004,124,8.03365841891373,18.5554850327856,18.3316764526591,28,52430,"Justin Jefferson"
"1113",2023091004,315,12.0660416899308,21.4586403937289,16.4993972124697,19,52430,"Justin Jefferson"
"1114",2023091004,340,12.0119771008029,21.7416049062038,21.7416049062038,30,52430,"Justin Jefferson"
"1115",2023091004,365,15.5527795421285,29.8926365406439,29.8926365406439,25,52430,"Justin Jefferson"
"1116",2023091004,390,5.48113886654022,11.0273149930141,9.79308764978532,20,52430,"Justin Jefferson"
"1117",2023091004,413,10.8844605730228,18.9218894319489,18.9218894319489,23,52430,"Justin Jefferson"
"1118",2023091004,438,35.2003112365455,71.9904179025416,65.5815603810982,35,52430,"Justin Jefferson"
"1119",2023091004,766,9.65716150085256,19.8985814222005,19.376941446165,27,52430,"Justin Jefferson"
"1120",2023091004,936,10.8618853531036,43.5010874393238,34.7087306003873,29,52430,"Justin Jefferson"
"1121",2023091004,983,13.0418988686366,17.2993368125981,11.2596201522067,20,52430,"Justin Jefferson"
"1122",2023091004,1190,5.64779663377429,22.8826515999813,21.3953051205147,26,52430,"Justin Jefferson"
"1123",2023091004,1300,7.06376895769575,13.123346893585,13.123346893585,17,52430,"Justin Jefferson"
"1124",2023091004,1326,18.8634761952629,43.5539660589137,43.5539660589137,33,52430,"Justin Jefferson"
"1125",2023091004,1540,18.9272391697401,68.5752448388518,68.5752448388518,39,52430,"Justin Jefferson"
"1126",2023091004,1594,0.777226482679214,2.15252148553199,0.109899061283133,11,52430,"Justin Jefferson"
"1127",2023091004,1641,12.4358316515929,20.5697548169003,13.1992612213563,26,52430,"Justin Jefferson"
"1128",2023091004,1676,5.74231322703969,14.00743157064,10.6641212768059,32,52430,"Justin Jefferson"
"1129",2023091004,1701,11.7364685362274,22.9715699669753,22.9715699669753,33,52430,"Justin Jefferson"
"1130",2023091004,1746,27.3684779614925,37.7734972030417,30.3250417347014,34,52430,"Justin Jefferson"
"1131",2023091004,1933,9.76837244698959,14.8997055100038,13.4642285637906,53,52430,"Justin Jefferson"
"1132",2023091004,1958,8.95156053858936,16.2955890944112,16.2955890944112,32,52430,"Justin Jefferson"
"1133",2023091004,2234,10.9859783599376,56.8090956693574,56.8090956693574,28,52430,"Justin Jefferson"
"1134",2023091004,2257,16.4758140714144,26.3326006728132,23.8427153563235,17,52430,"Justin Jefferson"
"1135",2023091004,2287,25.4351033546384,39.4999534078595,39.2618551316259,22,52430,"Justin Jefferson"
"1136",2023091004,2312,19.7822444514454,76.1172977593573,76.1172977593573,34,52430,"Justin Jefferson"
"1137",2023091004,2344,10.0451677513405,20.4884550733184,20.4884550733184,20,52430,"Justin Jefferson"
"1138",2023091004,2369,11.3631291181224,21.0911844392348,21.0911844392348,22,52430,"Justin Jefferson"
"1139",2023091004,2936,7.74523116451433,17.2447312662516,17.2447312662516,17,52430,"Justin Jefferson"
"1140",2023091004,2961,16.8400870676315,22.6769083013052,21.0433993756406,22,52430,"Justin Jefferson"
"1141",2023091004,3030,15.0702190851288,37.5226567146418,37.5226567146418,49,52430,"Justin Jefferson"
"1142",2023091004,3105,15.7277112147989,26.7649658760003,26.7649658760003,24,52430,"Justin Jefferson"
"1143",2023091004,3177,15.1678474101527,19.7582398455399,14.9759577376993,25,52430,"Justin Jefferson"
"1144",2023091004,3244,16.8849729035344,30.5611754445777,29.4938313060219,57,52430,"Justin Jefferson"
"1145",2023091004,3365,11.187469012534,16.0347367822341,13.7144143903773,21,52430,"Justin Jefferson"
"1146",2023091004,3584,3.66400028368048,20.6315992925372,19.8652553099112,25,52430,"Justin Jefferson"
"1147",2023091004,3616,11.3727037370957,14.2943813364797,11.7842958890138,41,52430,"Justin Jefferson"
"1148",2023091004,3641,39.0962127691227,135.202433478538,135.202433478538,41,52430,"Justin Jefferson"
"1149",2023091004,4015,15.4427018113192,22.6916831556582,16.1381003417414,19,52430,"Justin Jefferson"
"1150",2023091004,4040,15.2215070316619,21.2635453194887,21.2635453194887,24,52430,"Justin Jefferson"
"1151",2023091400,293,10.1458772310033,38.3675053723428,38.3675053723428,36,52430,"Justin Jefferson"
"1152",2023091400,318,0.338833696023644,0.401318781531879,0.15654738755659,11,52430,"Justin Jefferson"
"1153",2023091400,366,8.26553442819841,15.9280943020503,15.9280943020503,26,52430,"Justin Jefferson"
"1154",2023091400,928,11.880791119,16.006027310727,14.5988471734246,20,52430,"Justin Jefferson"
"1155",2023091400,953,7.05736874893505,12.3364482633523,8.2633768895907,22,52430,"Justin Jefferson"
"1156",2023091400,1000,8.87923088654015,18.7449801643337,18.7449801643337,19,52430,"Justin Jefferson"
"1157",2023091400,1025,17.6820523986264,22.0262751289438,18.8926534739816,26,52430,"Justin Jefferson"
"1158",2023091400,1072,-0.552563926211249,4.09713278424547,4.09713278424547,32,52430,"Justin Jefferson"
"1159",2023091400,1105,13.1206158732953,20.176387517425,11.030736915415,26,52430,"Justin Jefferson"
"1160",2023091400,1588,4.1169369060723,7.83936428157453,6.12426267221502,31,52430,"Justin Jefferson"
"1161",2023091400,1645,14.1380697522667,20.1265733019489,19.1033653529272,23,52430,"Justin Jefferson"
"1162",2023091400,1677,13.1269036182776,25.3016045125025,16.0208297206513,20,52430,"Justin Jefferson"
"1163",2023091400,1702,14.6864892745363,44.1846897966278,28.2985891939734,33,52430,"Justin Jefferson"
"1164",2023091400,1725,7.13184403479258,13.7437340995779,12.744936298979,23,52430,"Justin Jefferson"
"1165",2023091400,1767,13.1336877202242,19.351165174115,16.3516459980491,29,52430,"Justin Jefferson"
"1166",2023091400,2247,29.635599140076,71.7607935207847,71.7607935207847,30,52430,"Justin Jefferson"
"1167",2023091400,2450,14.9910946816552,48.8944931911722,48.8944931911722,27,52430,"Justin Jefferson"
"1168",2023091400,2475,15.6426012188045,73.6415117052441,73.6415117052441,26,52430,"Justin Jefferson"
"1169",2023091400,2500,12.3262241579362,19.1186061413494,19.0472361339544,21,52430,"Justin Jefferson"
"1170",2023091400,2523,6.48759137881775,18.2436179625393,0,39,52430,"Justin Jefferson"
"1171",2023091400,2768,7.04855515442568,12.3183177896802,10.2858480434669,49,52430,"Justin Jefferson"
"1172",2023091400,2793,11.1677824589914,17.4909363272697,16.960088447894,30,52430,"Justin Jefferson"
"1173",2023091400,3333,25.1801508283933,70.3964249300553,70.3964249300553,36,52430,"Justin Jefferson"
"1174",2023091400,3356,7.90565773074198,13.0528706952364,13.0528706952364,28,52430,"Justin Jefferson"
"1175",2023091400,3413,16.4031944048882,25.4843960598655,15.1097841178696,28,52430,"Justin Jefferson"
"1176",2023091400,3438,6.57561646851038,14.6044393213547,13.3300046550781,24,52430,"Justin Jefferson"
"1177",2023091400,3486,8.67296289232542,19.5245394889437,19.5245394889437,27,52430,"Justin Jefferson"
"1178",2023091400,3516,9.59698492368692,14.7419544322978,14.4361338558961,38,52430,"Justin Jefferson"
"1179",2023091400,3813,4.8289930701601,14.6176815369068,14.6176815369068,20,52430,"Justin Jefferson"
"1180",2023091400,3836,18.4021327320797,21.4011296188089,20.7584380076704,25,52430,"Justin Jefferson"
"1181",2023091400,3927,28.6895271933589,60.6626816310211,60.6626816310211,34,52430,"Justin Jefferson"
"1182",2023091400,3950,29.5275114368451,48.1529098486234,35.5675057108065,33,52430,"Justin Jefferson"
"1183",2023091400,3975,24.0592537031341,27.7631730932828,25.7295736439851,25,52430,"Justin Jefferson"
"1184",2023091400,4000,14.1434660324338,26.2667258270857,26.2667258270857,34,52430,"Justin Jefferson"
"1185",2023091400,4084,19.1266289690251,25.7745340004269,25.7745340004269,25,52430,"Justin Jefferson"
"1186",2023091400,4107,20.3206346660054,65.5738366219012,63.1017393116394,29,52430,"Justin Jefferson"
"1187",2023091400,4132,19.4159833900451,26.5296841258722,24.2297929173125,26,52430,"Justin Jefferson"
"1188",2023092406,295,8.83087715511328,13.4943046865741,11.542479628993,27,52430,"Justin Jefferson"
"1189",2023092406,320,17.3976708177928,23.2826754293521,20.0154496992323,26,52430,"Justin Jefferson"
"1190",2023092406,714,33.6721537540724,101.257505582573,101.257505582573,37,52430,"Justin Jefferson"
"1191",2023092406,817,11.3735091559677,27.6338497474514,26.2761889223886,43,52430,"Justin Jefferson"
"1192",2023092406,1183,3.90250831027857,8.76301432022849,8.40147760753306,26,52430,"Justin Jefferson"
"1193",2023092406,1215,15.2180150752792,80.6936856217786,80.6936856217786,39,52430,"Justin Jefferson"
"1194",2023092406,1240,26.2138256225577,69.3537193671813,69.3537193671813,40,52430,"Justin Jefferson"
"1195",2023092406,1323,8.27638150042064,13.0509621829578,6.99884169021719,29,52430,"Justin Jefferson"
"1196",2023092406,1537,7.74705129235187,15.8251855645356,14.0876658959098,40,52430,"Justin Jefferson"
"1197",2023092406,1663,36.6582454579098,83.5014000493707,71.1596497448001,31,52430,"Justin Jefferson"
"1198",2023092406,1693,13.4140981453525,31.8736755486462,31.8736755486462,39,52430,"Justin Jefferson"
"1199",2023092406,1740,12.8919450185868,30.2972408158074,30.2972408158074,31,52430,"Justin Jefferson"
"1200",2023092406,1863,4.20020077797406,6.69219614916874,4.93683492976861,34,52430,"Justin Jefferson"
"1201",2023092406,2301,21.7055706044638,50.3922731945372,50.3922731945372,34,52430,"Justin Jefferson"
"1202",2023092406,2331,32.8301729140513,55.9667582072724,55.9667582072724,34,52430,"Justin Jefferson"
"1203",2023092406,2356,30.5724347436925,42.1453241356692,42.1453241356692,32,52430,"Justin Jefferson"
"1204",2023092406,2489,14.2133883300738,40.8400977632396,25.6633518912604,36,52430,"Justin Jefferson"
"1205",2023092406,2512,19.3783554411926,128.198156447343,128.198156447343,32,52430,"Justin Jefferson"
"1206",2023092406,2830,37.4871103082638,87.937543785512,87.937543785512,34,52430,"Justin Jefferson"
"1207",2023092406,2855,19.6250990876852,29.5808512498655,17.6094977836293,18,52430,"Justin Jefferson"
"1208",2023092406,2904,11.3500696085245,17.9305435625141,17.9305435625141,25,52430,"Justin Jefferson"
"1209",2023092406,3112,5.70177929551919,14.1750215258808,14.1750215258808,23,52430,"Justin Jefferson"
"1210",2023092406,3167,11.4855776578003,21.1012315793427,21.1012315793427,21,52430,"Justin Jefferson"
"1211",2023092406,3225,19.6558602525813,63.4478115004653,63.4478115004653,35,52430,"Justin Jefferson"
"1212",2023092406,3250,0.471280931283436,3.97167516363079,3.85840614218485,44,52430,"Justin Jefferson"
"1213",2023092406,3273,15.4377935325788,48.5126520931987,48.5126520931987,28,52430,"Justin Jefferson"
"1214",2023092406,3307,21.8702697648833,49.2122769461726,49.2122769461726,35,52430,"Justin Jefferson"
"1215",2023092406,3617,6.16713990060592,14.4573395027434,14.4573395027434,19,52430,"Justin Jefferson"
"1216",2023092406,3642,10.490368845822,19.6426828119066,19.4598204519584,18,52430,"Justin Jefferson"
"1217",2023092406,3667,22.9014795603962,41.3865756824189,41.3865756824189,18,52430,"Justin Jefferson"
"1218",2023092406,3692,30.9550805470439,77.3100472813004,41.4008674275365,35,52430,"Justin Jefferson"
"1219",2023092406,3757,17.8287617501237,28.1097282179467,28.1097282179467,27,52430,"Justin Jefferson"
"1220",2023092406,4134,6.27619145224049,14.8507439244074,14.8507439244074,22,52430,"Justin Jefferson"
"1221",2023092406,4157,18.6141954227551,48.8216833646598,48.8216833646598,34,52430,"Justin Jefferson"
"1222",2023092406,4193,12.8378296573593,45.9713608114084,45.9713608114084,29,52430,"Justin Jefferson"
"1223",2023092406,4223,24.9597426222156,79.9647620480045,78.6372971446084,33,52430,"Justin Jefferson"
"1224",2023092406,4414,16.4771227775554,26.0939565483556,13.4773492051233,29,52430,"Justin Jefferson"
"1225",2023092406,4611,13.6472307109286,41.3230631418893,41.3230631418893,37,52430,"Justin Jefferson"
"1226",2023092406,4761,22.4920605711385,70.8450014382271,68.3004803637301,32,52430,"Justin Jefferson"
"1227",2023092406,4791,19.9300884745991,26.1163062280821,24.3598016391822,27,52430,"Justin Jefferson"
"1228",2023092406,4823,24.6933499464204,29.8998152548567,27.3072747455552,27,52430,"Justin Jefferson"
"1229",2023100102,313,11.5577815682448,16.6491703999646,16.1896397999608,24,52430,"Justin Jefferson"
"1230",2023100102,430,25.0424524787602,38.3276177540113,13.851407426477,28,52430,"Justin Jefferson"
"1231",2023100102,945,15.3430080852527,65.2188739252137,49.8845033870584,31,52430,"Justin Jefferson"
"1232",2023100102,992,6.43903725543989,13.0414198911941,13.0414198911941,23,52430,"Justin Jefferson"
"1233",2023100102,1015,30.801363532971,39.9317847547995,24.3974688610458,19,52430,"Justin Jefferson"
"1234",2023100102,1062,7.94546315674313,11.3052749431629,11.3052749431629,30,52430,"Justin Jefferson"
"1235",2023100102,1092,13.8324314684914,41.2174984554807,32.9342111229653,34,52430,"Justin Jefferson"
"1236",2023100102,1166,22.049287936181,34.3354146200237,33.994813955155,48,52430,"Justin Jefferson"
"1237",2023100102,1830,15.3591443422066,21.408697065246,21.408697065246,30,52430,"Justin Jefferson"
"1238",2023100102,1855,32.585337153279,81.1212256401857,69.1429135977097,36,52430,"Justin Jefferson"
"1239",2023100102,2260,20.5597122443337,42.738710209319,22.3792842417375,39,52430,"Justin Jefferson"
"1240",2023100102,2857,16.0462548714457,40.3345837107698,39.3979829112165,34,52430,"Justin Jefferson"
"1241",2023100102,2887,27.047067697265,104.91561324228,92.862371642093,31,52430,"Justin Jefferson"
"1242",2023100102,3330,5.10028463326424,19.1832594341558,19.1832594341558,21,52430,"Justin Jefferson"
"1243",2023100810,55,14.2095312717456,62.5756751307138,62.5756751307138,33,52430,"Justin Jefferson"
"1244",2023100810,411,8.2094927479076,13.7794967022114,12.0152666066769,19,52430,"Justin Jefferson"
"1245",2023100810,467,7.57639801870581,16.2095339201749,16.2095339201749,19,52430,"Justin Jefferson"
"1246",2023100810,539,9.28444800194078,17.0138214144247,12.2872233962088,22,52430,"Justin Jefferson"
"1247",2023100810,575,17.0278862423165,32.4141180684515,32.3327759745363,26,52430,"Justin Jefferson"
"1248",2023100810,678,15.8422880638208,22.5176987504633,18.3764483404629,24,52430,"Justin Jefferson"
"1249",2023100810,1076,12.5872948305035,25.5030308121415,21.9953784545379,27,52430,"Justin Jefferson"
"1250",2023100810,1192,19.4659380791233,51.1540202995437,28.3696068418516,35,52430,"Justin Jefferson"
"1251",2023100810,1343,10.2329399954454,18.2714672742014,16.63815702842,62,52430,"Justin Jefferson"
"1252",2023100810,1368,8.56522214544429,16.8379527006325,16.2066100195069,28,52430,"Justin Jefferson"
"1253",2023100810,1584,25.7428301921359,39.5645004345932,39.5221814711089,26,52430,"Justin Jefferson"
"1254",2023100810,1637,10.5343459226821,15.9140281237189,15.853021614865,31,52430,"Justin Jefferson"
"1255",2023100810,1753,13.7201051565786,28.320428048873,24.6084052023788,32,52430,"Justin Jefferson"
"1256",2023100810,1817,16.1041260222212,29.0993883463433,29.0993883463433,30,52430,"Justin Jefferson"
"1257",2023100810,2563,7.8797564491672,15.1484349059959,14.42512619446,22,52430,"Justin Jefferson"
"1258",2023100810,2608,10.8120964567691,16.8496682907164,16.8496682907164,23,52430,"Justin Jefferson"
"1259",2023100810,3121,21.3189004004359,77.8511835886699,77.8511835886699,38,52430,"Justin Jefferson"
"1260",2023100810,3146,12.484826550886,28.3666054979922,20.941240972564,29,52430,"Justin Jefferson"
"1261",2023100810,3171,11.8945402660381,37.641616918924,37.641616918924,34,52430,"Justin Jefferson"
"1262",2023100810,3283,0.107132253645509,0.579535828065097,0,39,52430,"Justin Jefferson"
"1263",2023100810,3330,9.73420047862246,41.898136102786,41.898136102786,31,52430,"Justin Jefferson"
"1264",2023100810,3353,11.111349250573,58.5469155421067,58.5469155421067,27,52430,"Justin Jefferson"
"1265",2023100810,3378,7.78378101536666,12.7490069360356,12.7490069360356,20,52430,"Justin Jefferson"
"1266",2023121007,401,8.34878268680406,17.5397131922964,15.7353719466835,18,52430,"Justin Jefferson"
"1267",2023121007,837,16.6514489898403,48.5120549136849,42.9391253531078,31,52430,"Justin Jefferson"
"1268",2023121007,1027,9.73865890234056,89.400220841642,81.619088180164,29,52430,"Justin Jefferson"
"1269",2023121007,1103,16.7948869015469,24.3552423636789,22.9076484918649,23,52430,"Justin Jefferson"
"1270",2023121600,439,14.4392126745367,54.9536309066856,46.303581090853,35,52430,"Justin Jefferson"
"1271",2023121600,508,4.38696624668844,8.74581073609694,7.75343039859594,24,52430,"Justin Jefferson"
"1272",2023121600,599,9.31255271664565,16.4698286075577,16.4698286075577,25,52430,"Justin Jefferson"
"1273",2023121600,821,29.4269955645115,59.6084189280772,20.8108613078124,53,52430,"Justin Jefferson"
"1274",2023121600,1148,8.19802341666419,16.986716693541,9.18531004414437,25,52430,"Justin Jefferson"
"1275",2023121600,1195,6.46544846350666,29.2826704317215,29.2826704317215,32,52430,"Justin Jefferson"
"1276",2023121600,1245,12.518644584232,32.2473864600101,32.2473864600101,34,52430,"Justin Jefferson"
"1277",2023121600,1280,16.2269024311585,76.4697656166772,76.0967456429251,34,52430,"Justin Jefferson"
"1278",2023121600,1327,9.13508447315815,20.4145427558145,20.4145427558145,30,52430,"Justin Jefferson"
"1279",2023121600,1397,12.0757392184424,19.7455462039562,18.602795352811,22,52430,"Justin Jefferson"
"1280",2023121600,1466,9.5859410487935,18.0310778526412,17.9169041156557,29,52430,"Justin Jefferson"
"1281",2023121600,1683,7.1423786609295,22.3677774873195,22.3677774873195,20,52430,"Justin Jefferson"
"1282",2023121600,1713,13.423713286391,19.5244290008569,16.6987264048765,31,52430,"Justin Jefferson"
"1283",2023121600,1783,11.8430446272918,21.9988773845642,17.7495415047359,18,52430,"Justin Jefferson"
"1284",2023121600,2136,13.9100393648242,50.1765512857517,43.7243203335536,35,52430,"Justin Jefferson"
"1285",2023121600,2188,-3.86958234907776,0,-12.15593590173,28,52430,"Justin Jefferson"
"1286",2023121600,2258,24.247687789804,68.5422255914902,68.5422255914902,33,52430,"Justin Jefferson"
"1287",2023121600,2477,6.51091344564746,33.5478994668051,31.1723575754843,35,52430,"Justin Jefferson"
"1288",2023121600,2527,6.05120277030972,12.138328419158,11.6974390125402,20,52430,"Justin Jefferson"
"1289",2023121600,2603,22.1464905599726,39.9927220196458,36.6863533252176,26,52430,"Justin Jefferson"
"1290",2023121600,2628,9.53123746435027,12.224798082644,12.224798082644,21,52430,"Justin Jefferson"
"1291",2023121600,2972,19.0884579573694,78.2105350095765,78.2105350095765,36,52430,"Justin Jefferson"
"1292",2023121600,3028,13.3604010469479,19.9033153501621,16.6679499869062,32,52430,"Justin Jefferson"
"1293",2023121600,3400,11.3066592543875,38.409943787266,38.2786705587052,33,52430,"Justin Jefferson"
"1294",2023121600,3508,5.86756061727615,9.3752202351442,9.30329796164667,25,52430,"Justin Jefferson"
"1295",2023121600,3582,4.46278401555103,11.7538917681819,11.7538917681819,68,52430,"Justin Jefferson"
"1296",2023121600,4217,13.8574718089792,50.6193528752711,46.7086879052355,36,52430,"Justin Jefferson"
"1297",2023121600,4264,16.6678155885968,48.9152496842204,46.535540274426,29,52430,"Justin Jefferson"
"1298",2023122405,475,17.8055959671903,38.3446456733486,32.6118720624136,28,52430,"Justin Jefferson"
"1299",2023122405,505,13.1779213670499,34.2398378325351,31.8084033882315,28,52430,"Justin Jefferson"
"1300",2023122405,535,6.02973513684821,15.3220213780558,10.9516593871521,20,52430,"Justin Jefferson"
"1301",2023122405,582,11.1756160479574,19.4042192041013,17.8939341557206,29,52430,"Justin Jefferson"
"1302",2023122405,686,7.86854944504464,12.9079884537402,11.2196095079002,57,52430,"Justin Jefferson"
"1303",2023122405,924,20.3688026800433,29.3041084688187,22.4793327218749,33,52430,"Justin Jefferson"
"1304",2023122405,949,20.7598126059277,44.2086101356403,44.2086101356403,31,52430,"Justin Jefferson"
"1305",2023122405,1122,8.06378143897274,19.7562928980514,19.7562928980514,17,52430,"Justin Jefferson"
"1306",2023122405,1835,14.8669450686434,42.5556389725586,42.5556389725586,23,52430,"Justin Jefferson"
"1307",2023122405,1865,17.2121320490261,48.0884506658495,38.4359836056043,33,52430,"Justin Jefferson"
"1308",2023122405,2045,7.54006511685582,19.0503000326297,19.0503000326297,23,52430,"Justin Jefferson"
"1309",2023122405,2070,10.1564232941491,47.2052514556663,47.2052514556663,31,52430,"Justin Jefferson"
"1310",2023122405,2095,14.6632342450791,78.0285017879852,78.0285017879852,31,52430,"Justin Jefferson"
"1311",2023122405,2138,20.2531222095256,58.7666409232434,58.7666409232434,30,52430,"Justin Jefferson"
"1312",2023122405,2211,27.6458093840847,73.1870894023291,66.738350207597,52,52430,"Justin Jefferson"
"1313",2023122405,2413,8.41828438889671,14.698504113667,14.6814325416488,29,52430,"Justin Jefferson"
"1314",2023122405,2460,7.13106921932712,14.346214826727,14.1789999419282,33,52430,"Justin Jefferson"
"1315",2023122405,2485,6.23668465550999,9.25363581797356,8.12880795971842,28,52430,"Justin Jefferson"
"1316",2023122405,2966,17.6933951489873,51.9958166371003,51.9958166371003,44,52430,"Justin Jefferson"
"1317",2023122405,2989,40.2722935954144,148.523885679628,148.523885679628,36,52430,"Justin Jefferson"
"1318",2023122405,3493,22.1691437290002,65.9898005373979,65.9898005373979,38,52430,"Justin Jefferson"
"1319",2023122405,3529,16.7581797294021,35.379251320998,35.379251320998,31,52430,"Justin Jefferson"
"1320",2023122405,3696,10.6982787155905,43.5489501138166,43.5489501138166,38,52430,"Justin Jefferson"
"1321",2023122405,3743,12.7913687219469,53.3064447590661,53.3064447590661,29,52430,"Justin Jefferson"
"1322",2023122405,3779,-5.38750619500474,-0.116068328108959,-10.6476821023002,41,52430,"Justin Jefferson"
"1323",2023122405,3809,19.6022490855994,43.2739811632832,42.8690679662087,35,52430,"Justin Jefferson"
"1324",2023122405,4249,8.63896576818891,43.7887640434233,43.7887640434233,34,52430,"Justin Jefferson"
"1325",2023122405,4272,2.50650261230814,20.109531772239,20.109531772239,26,52430,"Justin Jefferson"
"1326",2023122405,4357,23.0152201301128,38.4177773613634,38.4177773613634,34,52430,"Justin Jefferson"
"1327",2023122405,4405,13.776163114255,36.9338963171371,34.3351504068477,35,52430,"Justin Jefferson"
"1328",2023122405,4435,39.5321902883709,77.5904322223301,76.8453485685729,47,52430,"Justin Jefferson"
"1329",2023123114,199,5.7516121745079,11.9075093980809,11.9075093980809,39,52430,"Justin Jefferson"
"1330",2023123114,602,20.4096033424923,40.5534020144206,29.5882972916389,35,52430,"Justin Jefferson"
"1331",2023123114,815,7.23401937035491,22.2818411379556,22.2818411379556,21,52430,"Justin Jefferson"
"1332",2023123114,1139,17.9112577954786,67.4649250982485,50.4209885703388,33,52430,"Justin Jefferson"
"1333",2023123114,1174,13.4054045113282,36.5213538080364,24.0643039030669,38,52430,"Justin Jefferson"
"1334",2023123114,1249,35.3348193318282,94.2394551051124,94.2394551051124,37,52430,"Justin Jefferson"
"1335",2023123114,1634,4.50339614795347,17.2242042868737,15.4503110670597,34,52430,"Justin Jefferson"
"1336",2023123114,1734,45.248526059605,68.8056419675429,43.9230645206494,43,52430,"Justin Jefferson"
"1337",2023123114,1927,20.3738030609232,57.0856720690584,57.0856720690584,31,52430,"Justin Jefferson"
"1338",2023123114,2169,17.311552721319,62.1790529984579,30.7742592502373,33,52430,"Justin Jefferson"
"1339",2023123114,2340,19.0853550203396,36.7543620267552,22.4832958330821,31,52430,"Justin Jefferson"
"1340",2023123114,2368,27.3018762716444,52.9217958643746,52.9217958643746,25,52430,"Justin Jefferson"
"1341",2023123114,2400,9.02631474220542,20.9544231778313,15.2701796654188,34,52430,"Justin Jefferson"
"1342",2023123114,2445,16.434106295761,24.2199810074474,16.024078013042,43,52430,"Justin Jefferson"
"1343",2023123114,2922,8.05790391790687,12.4773806643542,12.318552612227,30,52430,"Justin Jefferson"
"1344",2023123114,3021,5.96471573993014,10.8967841573523,7.86226961446369,27,52430,"Justin Jefferson"
"1345",2023123114,3439,-0.235108704093874,13.3604675054547,13.3604675054547,19,52430,"Justin Jefferson"
"1346",2023123114,3464,11.7642564006644,25.5586060874797,25.0803582028281,30,52430,"Justin Jefferson"
"1347",2023123114,3487,12.5904991528505,19.907099292905,19.907099292905,24,52430,"Justin Jefferson"
"1348",2023123114,3545,18.1781686224211,51.4891492964463,43.9622820313762,35,52430,"Justin Jefferson"
"1349",2023123114,3570,17.8487346850468,31.8587353823326,31.2812602069323,31,52430,"Justin Jefferson"
"1350",2023123114,3595,11.9895053909936,37.6056581171482,32.0357779514374,33,52430,"Justin Jefferson"
"1351",2023123114,3618,9.94769768809233,21.9932308646088,21.9841951105491,23,52430,"Justin Jefferson"
"1352",2023123114,3648,24.313630447853,43.9469705563429,27.6131824094533,42,52430,"Justin Jefferson"
"1353",2023123114,3685,6.19413789479567,17.5210295332403,12.9961154799371,26,52430,"Justin Jefferson"
"1354",2023123114,3710,13.2941356452569,20.3356295504586,18.6853479483185,34,52430,"Justin Jefferson"
"1355",2023123114,3733,18.804422830838,25.653340471682,24.6858561383608,27,52430,"Justin Jefferson"
"1356",2023123114,3756,27.9184467368321,40.9629649471917,22.6109439634066,61,52430,"Justin Jefferson"
"1357",2024010703,147,4.53834491764455,16.481198592122,16.481198592122,21,52430,"Justin Jefferson"
"1358",2024010703,267,8.85409363765137,18.8448242166185,18.5802071815625,20,52430,"Justin Jefferson"
"1359",2024010703,544,20.8292743904863,54.6810200506191,27.4212463382301,35,52430,"Justin Jefferson"
"1360",2024010703,937,14.3088309032185,51.9703257504459,51.9703257504459,28,52430,"Justin Jefferson"
"1361",2024010703,1052,51.4167433754036,107.61795512909,107.61795512909,34,52430,"Justin Jefferson"
"1362",2024010703,1110,15.7376873844196,96.5345579141479,96.5345579141479,36,52430,"Justin Jefferson"
"1363",2024010703,1186,19.8113603657188,59.9479581373686,56.1696613870496,34,52430,"Justin Jefferson"
"1364",2024010703,1549,2.80192916171762,6.59614126784161,6.59614126784161,25,52430,"Justin Jefferson"
"1365",2024010703,1609,11.2620757986718,22.9840920708223,21.0954499839574,28,52430,"Justin Jefferson"
"1366",2024010703,1661,30.566684096811,76.1282389891278,64.5909955761982,40,52430,"Justin Jefferson"
"1367",2024010703,1684,25.3793000510355,37.5997993143183,29.6711773547205,25,52430,"Justin Jefferson"
"1368",2024010703,1958,22.3715422520204,103.765649672527,103.765649672527,33,52430,"Justin Jefferson"
"1369",2024010703,1988,22.2361466686251,34.6069100665139,28.0641854193419,24,52430,"Justin Jefferson"
"1370",2024010703,2013,7.61305835361279,14.0355380413204,14.0355380413204,23,52430,"Justin Jefferson"
"1371",2024010703,2063,15.5937218658981,57.8383761178524,57.8383761178524,35,52430,"Justin Jefferson"
"1372",2024010703,2093,38.59261990511,49.5528101029372,34.4858750344377,21,52430,"Justin Jefferson"
"1373",2024010703,2211,13.2478957019172,25.7128704363958,22.6859979094809,20,52430,"Justin Jefferson"
"1374",2024010703,2236,3.2596662745306,8.7457755620052,8.7457755620052,30,52430,"Justin Jefferson"
"1375",2024010703,2333,12.3844651655178,21.9517888855559,21.9517888855559,26,52430,"Justin Jefferson"
"1376",2024010703,2356,11.0482347682867,18.0739127258514,18.0739127258514,25,52430,"Justin Jefferson"
"1377",2024010703,2897,-0.0388682918267025,8.12054463430985,8.12054463430985,36,52430,"Justin Jefferson"
"1378",2024010703,2973,3.17058504415879,7.56379464086834,7.56379464086834,19,52430,"Justin Jefferson"
"1379",2024010703,2998,16.4657165300613,23.1285154975404,23.0131945696464,26,52430,"Justin Jefferson"
"1380",2024010703,3033,47.3555251154821,160.815486657475,160.815486657475,29,52430,"Justin Jefferson"
"1381",2024010703,3213,15.7444924934951,82.900766047338,82.900766047338,25,52430,"Justin Jefferson"
"1382",2024010703,3238,21.326563660248,45.2746139107634,29.8621288466279,36,52430,"Justin Jefferson"
"1383",2024010703,3664,15.801845506392,43.4303028684192,43.026829418974,37,52430,"Justin Jefferson"
"1384",2024010703,3733,19.9040095929263,44.9568486483526,44.9568486483526,44,52430,"Justin Jefferson"
"1385",2024010703,3778,26.6772846611866,52.4497714783294,52.4497714783294,27,52430,"Justin Jefferson"
"1386",2024010703,3868,9.61504254318106,13.7813243912359,13.7813243912359,31,52430,"Justin Jefferson"
"1387",2024010703,3893,11.2817602214233,33.4222214363729,33.4222214363729,26,52430,"Justin Jefferson"
"1388",2024010703,3916,8.78921533470149,18.1341190210191,18.1341190210191,26,52430,"Justin Jefferson"
"1389",2023091012,55,2.31901183619739,11.592729585776,11.592729585776,18,47847,"DK Metcalf"
"1390",2023091012,102,7.10407399621407,9.89247783211858,8.31997087324518,25,47847,"DK Metcalf"
"1391",2023091012,176,32.3147466156797,160.382689066704,128.368759620358,47,47847,"DK Metcalf"
"1392",2023091012,327,36.571654363866,63.421012006068,39.7149779790423,68,47847,"DK Metcalf"
"1393",2023091012,925,10.6049456360063,13.2005689311246,11.4008395358966,25,47847,"DK Metcalf"
"1394",2023091012,950,8.68826403818167,14.4960422746185,13.2772800101241,17,47847,"DK Metcalf"
"1395",2023091012,1090,7.31185936357134,9.17054765418315,9.17054765418315,25,47847,"DK Metcalf"
"1396",2023091012,1165,27.6390854632957,72.5816127016412,59.8766486253983,31,47847,"DK Metcalf"
"1397",2023091012,1212,23.3829183329761,42.8267360981145,42.8267360981145,22,47847,"DK Metcalf"
"1398",2023091012,1455,8.94510400184573,19.4744418431684,19.4744418431684,19,47847,"DK Metcalf"
"1399",2023091012,1831,11.3771863161256,17.4962368862398,17.1880061577292,21,47847,"DK Metcalf"
"1400",2023091012,2476,38.9251455337171,80.2071936676864,78.8520027118821,38,47847,"DK Metcalf"
"1401",2023091012,2791,22.076583124666,62.8177366702979,62.8177366702979,52,47847,"DK Metcalf"
"1402",2023091012,3382,-0.0993093046675295,6.87267033863507,6.87267033863507,21,47847,"DK Metcalf"
"1403",2023091012,3412,7.24274456212967,11.7157601131858,11.6984381744963,21,47847,"DK Metcalf"
"1404",2023091012,3729,15.0437071911115,27.0109728940916,26.7242109675693,17,47847,"DK Metcalf"
"1405",2023091703,104,7.15198150429987,16.9513497204398,16.9513497204398,23,47847,"DK Metcalf"
"1406",2023091703,180,14.7036587067217,22.2436968017032,21.4281156831401,27,47847,"DK Metcalf"
"1407",2023091703,210,26.9231181123933,79.9299877911593,73.0742714320127,34,47847,"DK Metcalf"
"1408",2023091703,281,11.3645683386954,19.7770790699218,19.7770790699218,23,47847,"DK Metcalf"
"1409",2023091703,306,33.3514534868392,53.0663549509874,51.8770061794519,25,47847,"DK Metcalf"
"1410",2023091703,736,9.57840206119837,36.2172708679569,36.2172708679569,28,47847,"DK Metcalf"
"1411",2023091703,1586,15.7212420702957,25.3220479007076,20.5332321079463,21,47847,"DK Metcalf"
"1412",2023091703,1611,5.83730855589994,16.5834571487123,16.5834571487123,47,47847,"DK Metcalf"
"1413",2023091703,1663,9.89524142423229,16.7864454248488,16.386087768419,32,47847,"DK Metcalf"
"1414",2023091703,1865,24.7790918134134,61.7579841738076,33.6326661183952,33,47847,"DK Metcalf"
"1415",2023091703,1890,25.7568100104702,46.0149540158667,44.3578669510077,25,47847,"DK Metcalf"
"1416",2023091703,1961,25.9189289165275,35.1194161135933,35.1194161135933,23,47847,"DK Metcalf"
"1417",2023091703,1986,26.9591713573124,41.646256850111,36.8425933094873,23,47847,"DK Metcalf"
"1418",2023091703,2182,-0.845701593378239,0.656436524686692,0.0324119748673383,35,47847,"DK Metcalf"
"1419",2023091703,2638,12.6321444252085,54.5174868321144,54.5174868321144,25,47847,"DK Metcalf"
"1420",2023091703,2754,10.8630284364481,38.1119522980724,36.1342157440383,30,47847,"DK Metcalf"
"1421",2023091703,2872,35.5943221114964,46.1960605947495,35.2323416794543,22,47847,"DK Metcalf"
"1422",2023091703,3135,20.0385416749569,59.5031886013743,52.3335761318746,34,47847,"DK Metcalf"
"1423",2023091703,3215,27.3388793369664,84.5575598542861,68.4877012221598,33,47847,"DK Metcalf"
"1424",2023091703,3361,21.4047151080254,35.2737499497411,32.2134900236437,27,47847,"DK Metcalf"
"1425",2023091703,4278,31.1870499485621,91.8534616151202,40.6800994937799,37,47847,"DK Metcalf"
"1426",2023091703,4326,12.8865506281554,16.7948892744393,16.7948892744393,27,47847,"DK Metcalf"
"1427",2023091703,4351,26.1821275078381,62.8747231436395,50.3673492618906,37,47847,"DK Metcalf"
"1428",2023091703,4448,17.7017673083478,26.1285101480578,24.5404695542624,21,47847,"DK Metcalf"
"1429",2023091703,4478,13.8610326555987,18.0965111653632,14.3554047670747,37,47847,"DK Metcalf"
"1430",2023092409,100,19.8498224737069,26.6570182731207,25.8363402437555,35,47847,"DK Metcalf"
"1431",2023092409,570,37.9642933179034,107.83131353819,67.9497497294052,34,47847,"DK Metcalf"
"1432",2023092409,595,8.75613431257621,30.5485763214454,30.5485763214454,46,47847,"DK Metcalf"
"1433",2023092409,697,12.3948925576223,52.8516049958272,50.9507858846242,28,47847,"DK Metcalf"
"1434",2023092409,752,21.9958155188794,42.7906381592117,26.1461679837283,56,47847,"DK Metcalf"
"1435",2023092409,930,6.62996903034217,13.411139674822,13.0970305687331,23,47847,"DK Metcalf"
"1436",2023092409,967,49.4352763821537,99.057137312094,94.5310361703612,76,47847,"DK Metcalf"
"1437",2023092409,1100,40.5773270426245,82.5195715742643,80.602135502134,42,47847,"DK Metcalf"
"1438",2023092409,1390,6.87189254290675,10.7038507277883,8.35910816039945,28,47847,"DK Metcalf"
"1439",2023092409,1413,17.4906214637657,35.2202741877793,35.2202741877793,21,47847,"DK Metcalf"
"1440",2023092409,1770,12.4072413748173,20.3714258569217,13.8450397473926,39,47847,"DK Metcalf"
"1441",2023092409,1824,28.6639666416855,47.0875450814559,46.1849738479303,18,47847,"DK Metcalf"
"1442",2023092409,2015,14.7469636692233,35.3907649575504,30.1720692049153,30,47847,"DK Metcalf"
"1443",2023092409,2659,12.4651314184253,18.2549745815419,15.3507795416726,23,47847,"DK Metcalf"
"1444",2023092409,2684,8.43163893824799,10.5866398612914,8.88481257603101,20,47847,"DK Metcalf"
"1445",2023092409,2714,36.6968717398416,83.5775259049934,70.1475275463601,49,47847,"DK Metcalf"
"1446",2023092409,2739,33.8838940074506,79.0309764353497,58.580042998182,32,47847,"DK Metcalf"
"1447",2023092409,3090,17.7796883991734,51.350191643382,45.0631546978474,30,47847,"DK Metcalf"
"1448",2023092409,3241,19.1890254975726,36.7774255917715,35.2040009656926,37,47847,"DK Metcalf"
"1449",2023092409,3745,15.1698499947609,30.9763746487367,30.9763746487367,45,47847,"DK Metcalf"
"1450",2023092409,3770,9.84719724138064,15.833401234984,15.833401234984,17,47847,"DK Metcalf"
"1451",2023100200,376,9.31416986886494,14.2553741763284,10.9905251941628,32,47847,"DK Metcalf"
"1452",2023100200,578,19.3948764372221,60.1153682402016,51.0210854117916,30,47847,"DK Metcalf"
"1453",2023100200,709,22.6803501071599,50.9001085372663,50.9001085372663,68,47847,"DK Metcalf"
"1454",2023100200,809,24.7830335395269,52.2396596441579,34.6521438006722,36,47847,"DK Metcalf"
"1455",2023100200,976,22.6506675625169,31.3226160898276,17.8338840695405,53,47847,"DK Metcalf"
"1456",2023100200,1236,17.5572853292795,58.8755849850163,49.1991262787031,29,47847,"DK Metcalf"
"1457",2023100200,1769,5.6055517306991,10.3732311479547,10.1682149198112,33,47847,"DK Metcalf"
"1458",2023100200,1818,16.2409057211385,33.0994058382428,33.0994058382428,16,47847,"DK Metcalf"
"1459",2023100200,1848,6.20418981519504,17.1002773054353,17.1002773054353,16,47847,"DK Metcalf"
"1460",2023100200,1878,12.2958674926277,17.2892349326355,12.9774662165099,33,47847,"DK Metcalf"
"1461",2023100200,1901,30.6980983560649,72.4385507471126,72.4385507471126,35,47847,"DK Metcalf"
"1462",2023100200,2436,15.7185266197003,27.0156079397007,26.6310751638014,26,47847,"DK Metcalf"
"1463",2023100200,2461,34.1167678277571,98.335716374888,98.335716374888,30,47847,"DK Metcalf"
"1464",2023100200,2568,8.64173547174045,12.8926465698069,7.86654648098178,25,47847,"DK Metcalf"
"1465",2023100200,2615,43.035066894925,72.1023634779123,50.4483471548678,30,47847,"DK Metcalf"
"1466",2023100200,3499,6.40313229896286,14.6953405064303,11.3981971229127,44,47847,"DK Metcalf"
"1467",2023100200,3536,10.0623847085272,15.7160175807089,13.4756730270459,36,47847,"DK Metcalf"
"1468",2023100200,3568,16.250856191477,23.5203116782843,21.032781383801,30,47847,"DK Metcalf"
"1469",2023101503,55,3.26750959307184,9.27397078867137,9.27397078867137,19,47847,"DK Metcalf"
"1470",2023101503,178,12.0769235791342,25.3628416748246,25.3628416748246,22,47847,"DK Metcalf"
"1471",2023101503,208,18.1827711575204,70.7292782661106,70.7292782661106,26,47847,"DK Metcalf"
"1472",2023101503,233,4.71243675501527,15.5359276649363,15.5359276649363,21,47847,"DK Metcalf"
"1473",2023101503,810,3.59430165638028,24.2578028613435,24.2578028613435,29,47847,"DK Metcalf"
"1474",2023101503,855,10.3559591308082,56.7699480516662,56.7699480516662,31,47847,"DK Metcalf"
"1475",2023101503,1219,14.2942136528595,62.0134501460894,62.0134501460894,25,47847,"DK Metcalf"
"1476",2023101503,1244,13.6565508850862,19.8682687045235,18.1387046763138,28,47847,"DK Metcalf"
"1477",2023101503,1269,53.1496919630699,126.69817767962,48.151186066894,68,47847,"DK Metcalf"
"1478",2023101503,1578,-4.98637460903791,-2.73373356282997,-6.62115243120879,33,47847,"DK Metcalf"
"1479",2023101503,1637,5.38768208001739,14.9362209753364,14.9362209753364,21,47847,"DK Metcalf"
"1480",2023101503,1696,8.85427531460872,13.4148289053753,13.3978595779756,31,47847,"DK Metcalf"
"1481",2023101503,1721,9.72910890998665,18.807209096205,17.5822623344431,26,47847,"DK Metcalf"
"1482",2023101503,2130,8.58153375140037,17.3439319939078,13.857367474774,25,47847,"DK Metcalf"
"1483",2023101503,2266,31.0218792718729,48.9226313344149,45.3992325193098,21,47847,"DK Metcalf"
"1484",2023101503,2347,21.7120327603804,31.3259410193978,21.4832031607864,24,47847,"DK Metcalf"
"1485",2023101503,2547,26.8201723931188,58.0435136876861,58.0435136876861,33,47847,"DK Metcalf"
"1486",2023101503,2969,21.0963626874028,55.5034846516867,51.2260273418209,30,47847,"DK Metcalf"
"1487",2023101503,3021,18.9918390866233,81.0827072978898,72.2741495572166,33,47847,"DK Metcalf"
"1488",2023101503,3194,52.6997436771954,160.318394127454,160.318394127454,42,47847,"DK Metcalf"
"1489",2023101503,3493,7.50864821603822,18.7072727562317,18.7072727562317,24,47847,"DK Metcalf"
"1490",2023101503,3590,31.9489499396606,60.6179892198734,51.3791036999141,17,47847,"DK Metcalf"
"1491",2023101503,3822,8.44676538345615,14.1178916416973,13.6586490181839,22,47847,"DK Metcalf"
"1492",2023101503,3871,28.1387684818535,73.9287134545121,35.2200366117483,38,47847,"DK Metcalf"
"1493",2023101503,3896,23.2110002394494,36.2333136755192,36.2333136755192,55,47847,"DK Metcalf"
"1494",2023101503,3941,20.7285461291096,28.3228440491179,14.373649606648,25,47847,"DK Metcalf"
"1495",2023102909,173,2.22471610790257,9.02076798408622,4.06567535695541,35,47847,"DK Metcalf"
"1496",2023102909,225,9.93900100469603,17.1079896687297,16.7383186315529,24,47847,"DK Metcalf"
"1497",2023102909,334,27.3837634959014,55.3196144032639,55.3196144032639,34,47847,"DK Metcalf"
"1498",2023102909,553,33.4532347672902,98.671539394486,19.398450348747,59,47847,"DK Metcalf"
"1499",2023102909,667,17.0812456095693,42.9335203754668,41.7584728399667,29,47847,"DK Metcalf"
"1500",2023102909,690,20.014760555513,36.2715087411619,7.72278348637729,55,47847,"DK Metcalf"
"1501",2023102909,958,30.3517539786958,125.68445407374,125.68445407374,30,47847,"DK Metcalf"
"1502",2023102909,983,6.26861682622211,11.1313553730821,10.9839858571029,20,47847,"DK Metcalf"
"1503",2023102909,1410,7.82954549592848,15.741636188949,15.741636188949,24,47847,"DK Metcalf"
"1504",2023102909,1817,5.89846061689941,11.0271494541364,9.96726696866412,19,47847,"DK Metcalf"
"1505",2023102909,2071,11.5723518330302,24.5925838924093,24.5925838924093,19,47847,"DK Metcalf"
"1506",2023102909,2118,10.68702112474,13.4110693843465,12.1646564361372,21,47847,"DK Metcalf"
"1507",2023102909,2148,16.358500618352,28.2582452165178,26.2541373608027,23,47847,"DK Metcalf"
"1508",2023102909,2200,16.4539456721762,34.336948245003,30.4296883042323,33,47847,"DK Metcalf"
"1509",2023102909,2225,23.143992217967,30.2631562970979,24.5298224069732,23,47847,"DK Metcalf"
"1510",2023102909,2743,1.50264207746805,8.08352169728177,7.76093378207623,20,47847,"DK Metcalf"
"1511",2023102909,2766,30.7807349979841,47.4459296630942,46.9476004583444,20,47847,"DK Metcalf"
"1512",2023102909,3040,0.355752256867889,0.476485511321429,0.26976649839983,11,47847,"DK Metcalf"
"1513",2023102909,3065,5.79701541739359,8.91096557414721,8.75369835598136,23,47847,"DK Metcalf"
"1514",2023102909,3435,0.322439734698001,9.54977611046994,7.84386036937588,22,47847,"DK Metcalf"
"1515",2023102909,3518,20.7552401385791,40.7698929102937,35.6286545574448,42,47847,"DK Metcalf"
"1516",2023102909,3619,17.3681998246612,23.3493209344673,18.4362387974961,19,47847,"DK Metcalf"
"1517",2023102909,3903,11.7056194019607,13.2770608287798,10.7496881552791,30,47847,"DK Metcalf"
"1518",2023102909,3928,23.8515807970001,36.5829865449405,30.9052752595977,20,47847,"DK Metcalf"
"1519",2023102909,3971,10.0377149127414,22.0061985210281,22.0061985210281,26,47847,"DK Metcalf"
"1520",2023110502,99,11.5975865522954,19.4994345492663,19.4994345492663,19,47847,"DK Metcalf"
"1521",2023110502,314,5.94421765365416,11.8312356396354,6.36260671377298,29,47847,"DK Metcalf"
"1522",2023110502,562,9.90916736871566,22.0611183555941,22.0611183555941,19,47847,"DK Metcalf"
"1523",2023110502,616,11.1096632588556,19.8263181236771,19.8263181236771,19,47847,"DK Metcalf"
"1524",2023110502,687,11.5402768231639,22.1079812278034,22.1079812278034,26,47847,"DK Metcalf"
"1525",2023110502,1176,14.1038728115647,27.4347000561409,27.4347000561409,24,47847,"DK Metcalf"
"1526",2023110502,1716,18.4506984563383,54.9264968589585,54.9264968589585,46,47847,"DK Metcalf"
"1527",2023110502,1746,17.6701245464147,51.6496835034544,48.0004266668409,29,47847,"DK Metcalf"
"1528",2023110502,1807,16.1912327044131,28.710035077658,28.710035077658,23,47847,"DK Metcalf"
"1529",2023110502,2482,32.7444803538275,63.415973385233,35.7519885813691,52,47847,"DK Metcalf"
"1530",2023110502,2920,1.3719072028274,17.8146659793005,17.8146659793005,19,47847,"DK Metcalf"
"1531",2023110502,3010,23.5164397062809,66.4702873274906,66.4702873274906,36,47847,"DK Metcalf"
"1532",2023110502,3208,14.2427181323009,28.2742004417247,28.2742004417247,25,47847,"DK Metcalf"
"1533",2023110502,3343,29.1969559298206,69.8631631793079,41.4763876324799,38,47847,"DK Metcalf"
"1534",2023110502,3373,9.54758339450059,12.866740597447,10.2072663733187,19,47847,"DK Metcalf"
"1535",2023110502,3405,44.3096685819037,84.8382315471948,64.2823931978656,45,47847,"DK Metcalf"
"1536",2023111210,266,16.7775856321286,24.861211933897,23.6309257978343,26,47847,"DK Metcalf"
"1537",2023111210,332,12.6342175335216,25.9274256050586,25.9274256050586,21,47847,"DK Metcalf"
"1538",2023111210,453,19.7860755002184,29.8297289451004,13.4698403520379,38,47847,"DK Metcalf"
"1539",2023111210,844,26.36607819127,85.0729800511498,82.3514903285723,39,47847,"DK Metcalf"
"1540",2023111210,1200,-0.27149905696314,0.326037633288276,0.0799357341077189,11,47847,"DK Metcalf"
"1541",2023111210,1248,48.4826304441834,123.533551131502,119.174809550818,44,47847,"DK Metcalf"
"1542",2023111210,1318,12.432607657551,20.2987107393168,14.9752134674901,19,47847,"DK Metcalf"
"1543",2023111210,1343,4.0860204723222,17.5270959464873,17.5270959464873,38,47847,"DK Metcalf"
"1544",2023111210,1391,12.804277952781,26.1681860546308,26.1681860546308,21,47847,"DK Metcalf"
"1545",2023111210,1563,25.1579052050909,52.9351172476828,39.2673844509573,35,47847,"DK Metcalf"
"1546",2023111210,1615,16.0851195033148,21.6649785765321,19.7537083509157,23,47847,"DK Metcalf"
"1547",2023111210,1872,18.9441935057784,38.6758321614263,37.7176716754727,35,47847,"DK Metcalf"
"1548",2023111210,1924,22.1102384246195,33.2802497348367,31.9848458080984,21,47847,"DK Metcalf"
"1549",2023111210,2005,13.7486020411597,21.6442962191582,12.4048255644143,25,47847,"DK Metcalf"
"1550",2023111210,2204,39.6507071897834,90.9266624326459,51.7244534130518,30,47847,"DK Metcalf"
"1551",2023111210,2267,6.08599501298604,26.1347412728095,25.8496660843545,123,47847,"DK Metcalf"
"1552",2023111210,2369,21.3636287617187,33.4030295658594,32.1787082727229,17,47847,"DK Metcalf"
"1553",2023111210,2733,23.5169233172767,71.1943077918738,48.0764784381541,38,47847,"DK Metcalf"
"1554",2023111210,2758,22.2138166364665,58.9602745307234,58.9602745307234,37,47847,"DK Metcalf"
"1555",2023111210,2915,8.01168753766748,31.5116310788048,31.5116310788048,40,47847,"DK Metcalf"
"1556",2023111210,3270,19.7551045919559,60.5441411249084,34.5250151576394,38,47847,"DK Metcalf"
"1557",2023111210,3386,9.58624703212134,19.4453938667618,19.4453938667618,26,47847,"DK Metcalf"
"1558",2023111210,3882,41.3779000117624,97.3354057391801,97.1327254935797,39,47847,"DK Metcalf"
"1559",2023111210,3951,13.4079938738296,17.1175921730454,17.0033835138262,23,47847,"DK Metcalf"
"1560",2023111210,4034,21.2713867718856,79.1332654262035,79.1332654262035,29,47847,"DK Metcalf"
"1561",2023111210,4130,4.2812055651437,10.3694322449558,2.73925866087211,24,47847,"DK Metcalf"
"1562",2023111210,4493,28.45547690462,68.3253064439342,19.698717565861,55,47847,"DK Metcalf"
"1563",2023111210,4525,17.2744274640117,22.2623079711964,22.2623079711964,23,47847,"DK Metcalf"
"1564",2023111210,4555,18.1607407912174,30.3637705248881,29.927498528513,21,47847,"DK Metcalf"
"1565",2023111210,4580,16.3725949224319,22.8922572263629,21.6656029854505,19,47847,"DK Metcalf"
"1566",2023111210,4610,17.9447426196667,25.4420020459451,25.4420020459451,25,47847,"DK Metcalf"
"1567",2023111910,164,7.0168111638221,22.2439184925196,22.2439184925196,19,47847,"DK Metcalf"
"1568",2023111910,194,14.2571421138818,22.0293743380713,21.7119207498399,37,47847,"DK Metcalf"
"1569",2023111910,321,4.17005267047016,12.7665866564277,9.38855242880405,24,47847,"DK Metcalf"
"1570",2023111910,390,20.601132093855,35.2268131670753,34.0047090037272,28,47847,"DK Metcalf"
"1571",2023111910,444,6.73641084126174,11.743597480824,10.7189667673729,32,47847,"DK Metcalf"
"1572",2023111910,469,1.97076736570152,7.9153260949276,7.9153260949276,27,47847,"DK Metcalf"
"1573",2023111910,521,14.4577701905504,24.3359102183275,22.7715860232005,18,47847,"DK Metcalf"
"1574",2023111910,942,10.8643208007265,24.1727410470603,17.6778053243845,24,47847,"DK Metcalf"
"1575",2023111910,1031,31.6029485189329,82.9416740445037,49.6252357373667,34,47847,"DK Metcalf"
"1576",2023111910,1054,12.2423910347953,25.3858351712338,24.9708003419448,39,47847,"DK Metcalf"
"1577",2023111910,1522,35.048933464612,138.116580636311,138.116580636311,31,47847,"DK Metcalf"
"1578",2023111910,2019,13.5362252196515,30.686033579817,27.7224634350724,39,47847,"DK Metcalf"
"1579",2023111910,2067,15.6976785666356,23.5774329059304,18.1673020458056,33,47847,"DK Metcalf"
"1580",2023111910,2320,24.9727062281908,55.6339162047206,52.5483264835112,37,47847,"DK Metcalf"
"1581",2023111910,2350,5.05129793667715,8.33234230136048,7.91961209810567,22,47847,"DK Metcalf"
"1582",2023111910,2375,5.05786337967417,28.0626623260307,28.0626623260307,25,47847,"DK Metcalf"
"1583",2023111910,2431,15.6411844075767,28.212765781155,23.5667214511078,19,47847,"DK Metcalf"
"1584",2023111910,2461,20.677559638508,61.9952809438122,61.9952809438122,30,47847,"DK Metcalf"
"1585",2023111910,2652,16.1695307732964,29.0328434366534,28.9224993244731,21,47847,"DK Metcalf"
"1586",2023111910,3061,24.7506356506024,37.3733587453191,37.3733587453191,24,47847,"DK Metcalf"
"1587",2023111910,3177,5.59650424396445,20.2457538425681,20.2457538425681,25,47847,"DK Metcalf"
"1588",2023111910,3231,6.58061727400379,17.2064289758552,17.2064289758552,29,47847,"DK Metcalf"
"1589",2023111910,3678,16.2483466557625,29.0320164555199,29.0320164555199,27,47847,"DK Metcalf"
"1590",2023111910,4155,12.8417507501546,25.2217625125869,25.2217625125869,26,47847,"DK Metcalf"
"1591",2023111910,4203,31.5594655262456,78.8330414032075,78.8330414032075,33,47847,"DK Metcalf"
"1592",2023111910,4286,15.6931335392091,21.3974073795701,20.871628799679,26,47847,"DK Metcalf"
"1593",2023112302,345,8.88465345817695,19.4990718275524,18.5021974481183,21,47847,"DK Metcalf"
"1594",2023112302,368,27.1692076411515,39.0580138523099,28.9175516145418,27,47847,"DK Metcalf"
"1595",2023112302,696,-23.5889072254329,-10.5129987951267,-10.5129987951267,22,47847,"DK Metcalf"
"1596",2023112302,1087,8.79362280108433,21.5021998694367,21.1339497887142,26,47847,"DK Metcalf"
"1597",2023112302,1271,-0.519825181032288,10.7959429230153,10.7959429230153,23,47847,"DK Metcalf"
"1598",2023112302,1958,12.5520542911062,20.938820103668,15.0609629812873,25,47847,"DK Metcalf"
"1599",2023112302,1983,29.5233809613496,35.8141419261405,22.4026928423813,22,47847,"DK Metcalf"
"1600",2023112302,2013,55.0602344445939,71.1891071512727,67.292844605855,22,47847,"DK Metcalf"
"1601",2023112302,2043,32.8623400404989,46.0710064871619,34.284099378514,19,47847,"DK Metcalf"
"1602",2023112302,2187,21.524648780172,27.5563878159859,24.4414051689177,22,47847,"DK Metcalf"
"1603",2023112302,2256,12.0119302653099,78.5744427415729,78.5744427415729,28,47847,"DK Metcalf"
"1604",2023112302,2625,13.0249568825293,21.2627584633489,14.26397722717,23,47847,"DK Metcalf"
"1605",2023112302,2648,3.88775063328655,22.3293199353123,22.3293199353123,28,47847,"DK Metcalf"
"1606",2023112302,2903,17.0868909986168,20.7882504873566,20.7882504873566,27,47847,"DK Metcalf"
"1607",2023112302,3194,21.4093837966575,86.5109134382964,59.327699604983,33,47847,"DK Metcalf"
"1608",2023112302,3302,14.1575435756988,18.6256338059151,17.1291627498821,26,47847,"DK Metcalf"
"1609",2023112302,3585,20.8202344528694,42.549782020432,29.6681841343251,36,47847,"DK Metcalf"
"1610",2023112302,3630,44.8087284354134,56.6287824914279,42.5924798789426,25,47847,"DK Metcalf"
"1611",2023112302,3707,14.7437717108228,22.3725562937594,22.3725562937594,23,47847,"DK Metcalf"
"1612",2023113000,501,25.0791620743212,30.1859181264897,26.2474760574467,27,47847,"DK Metcalf"
"1613",2023113000,757,8.93514401146936,15.1780049682884,13.8910451740951,26,47847,"DK Metcalf"
"1614",2023113000,823,15.9613407278788,26.4862473687277,24.3823417465556,25,47847,"DK Metcalf"
"1615",2023113000,892,11.7598399789283,28.4218257535965,28.4218257535965,28,47847,"DK Metcalf"
"1616",2023113000,1455,6.35154174383707,19.5940753185024,19.5940753185024,20,47847,"DK Metcalf"
"1617",2023113000,1507,19.0930424153728,24.2918334670703,19.6095305241786,16,47847,"DK Metcalf"
"1618",2023113000,1530,6.53872255080742,10.2688052779058,10.015404453514,28,47847,"DK Metcalf"
"1619",2023113000,1594,18.9343322479479,24.0604025133851,21.4860759057556,24,47847,"DK Metcalf"
"1620",2023113000,2222,11.8469965264429,22.5511854943849,22.1605437038154,24,47847,"DK Metcalf"
"1621",2023113000,2267,11.1681841921278,16.1009548796846,14.7312591906062,21,47847,"DK Metcalf"
"1622",2023113000,2343,32.3841167421597,79.3152327252091,79.3152327252091,31,47847,"DK Metcalf"
"1623",2023113000,2407,16.629788721952,23.516127985445,23.516127985445,23,47847,"DK Metcalf"
"1624",2023113000,2455,16.1669179614065,22.57918126976,22.2882391658126,20,47847,"DK Metcalf"
"1625",2023113000,2522,13.7934286168645,22.5852482333136,22.2161717370969,18,47847,"DK Metcalf"
"1626",2023113000,2765,13.9799929188373,27.4773031416609,25.0034412318122,21,47847,"DK Metcalf"
"1627",2023113000,2873,12.8057452528641,23.2258385824623,16.5677434352777,23,47847,"DK Metcalf"
"1628",2023113000,3537,15.1324265140028,34.9842814656566,34.9842814656566,24,47847,"DK Metcalf"
"1629",2023113000,3560,24.7034061987688,32.5557638294727,32.3554982894852,22,47847,"DK Metcalf"
"1630",2023113000,3692,38.279091645867,93.7509274058632,93.7509274058632,36,47847,"DK Metcalf"
"1631",2023113000,3822,7.3362277582927,11.7732437259926,9.41937812411048,31,47847,"DK Metcalf"
"1632",2023113000,4208,30.9201529840134,50.5621226253916,49.8999904716993,23,47847,"DK Metcalf"
"1633",2023113000,4233,16.3129493874791,52.5459428541279,52.5459428541279,30,47847,"DK Metcalf"
"1634",2023113000,4585,15.7514187401632,29.4580780778252,28.5272787562613,30,47847,"DK Metcalf"
"1635",2023113000,4655,27.4247372511703,35.0618622913245,28.8136393500871,21,47847,"DK Metcalf"
"1636",2023113000,4678,44.3220506474737,54.3182517216011,38.2451427604221,23,47847,"DK Metcalf"
"1637",2023113000,4885,7.73760343354615,24.9950819892715,24.9950819892715,33,47847,"DK Metcalf"
"1638",2023113000,4915,15.5222947886795,29.1751159155628,29.1751159155628,30,47847,"DK Metcalf"
"1639",2023113000,4940,16.3333382823617,50.1482195813293,50.1482195813293,28,47847,"DK Metcalf"
"1640",2023113000,4963,14.3239835164844,34.043146355318,30.4656493056991,30,47847,"DK Metcalf"
"1641",2023121008,204,11.1156075738944,19.1813091989524,16.6439461907271,19,47847,"DK Metcalf"
"1642",2023121008,326,12.1197375342408,22.0330779216378,22.0330779216378,24,47847,"DK Metcalf"
"1643",2023121008,356,10.6978166369687,59.3028945104222,58.2393007389504,33,47847,"DK Metcalf"
"1644",2023121008,826,42.2804925011972,85.5285821581469,62.088873443263,34,47847,"DK Metcalf"
"1645",2023121008,1134,13.1440706283362,17.4936912769495,17.297972740163,25,47847,"DK Metcalf"
"1646",2023121008,1237,20.9256229594312,34.383765731248,34.383765731248,24,47847,"DK Metcalf"
"1647",2023121008,1442,25.5265225563126,67.5422753716936,67.5422753716936,40,47847,"DK Metcalf"
"1648",2023121008,1467,6.11644583067923,7.92132889102011,5.82625019283199,19,47847,"DK Metcalf"
"1649",2023121008,1517,23.0160234908404,60.2803082883777,60.2803082883777,39,47847,"DK Metcalf"
"1650",2023121008,1954,12.3896675058689,21.0788264731929,8.88574222651594,28,47847,"DK Metcalf"
"1651",2023121008,1977,21.0733400315681,34.9686434737659,28.6231432339177,32,47847,"DK Metcalf"
"1652",2023121008,2278,44.3151385357013,135.175968955418,94.4686217783886,36,47847,"DK Metcalf"
"1653",2023121008,2655,17.6155430308218,45.9336309527839,36.4490805824104,34,47847,"DK Metcalf"
"1654",2023121008,2690,12.2202590210524,35.8058859502579,35.8058859502579,33,47847,"DK Metcalf"
"1655",2023121008,2904,16.606558071133,74.4993692985705,74.4993692985705,39,47847,"DK Metcalf"
"1656",2023121008,3027,5.29303249854835,7.0022896627035,6.40131340764917,29,47847,"DK Metcalf"
"1657",2023121008,3074,18.5540231796297,26.3481381098239,23.5692158349204,21,47847,"DK Metcalf"
"1658",2023121008,3356,3.53510401160568,9.38507877410501,9.38507877410501,20,47847,"DK Metcalf"
"1659",2023121008,3381,5.60987846258607,25.7246401725007,25.7246401725007,19,47847,"DK Metcalf"
"1660",2023121008,3495,5.35376243239262,10.9999435376906,10.9999435376906,16,47847,"DK Metcalf"
"1661",2023121008,3520,38.331697077963,86.0731411640329,56.8557958707048,29,47847,"DK Metcalf"
"1662",2023121801,483,10.2783037289847,17.9320330044241,17.9320330044241,31,47847,"DK Metcalf"
"1663",2023121801,530,7.74004394766379,19.8915375041478,19.8915375041478,21,47847,"DK Metcalf"
"1664",2023121801,723,15.2831189390421,22.8922726030388,22.8922726030388,19,47847,"DK Metcalf"
"1665",2023121801,748,36.0206127234171,102.69268575268,58.3365845551845,34,47847,"DK Metcalf"
"1666",2023121801,773,6.22592262526752,14.124969242546,11.9123030205606,31,47847,"DK Metcalf"
"1667",2023121801,849,8.65693336863264,12.8180274911199,9.40324083421425,23,47847,"DK Metcalf"
"1668",2023121801,1469,32.016577335458,85.6149936648856,85.6149936648856,29,47847,"DK Metcalf"
"1669",2023121801,1543,10.9323566803526,15.632858908678,15.632858908678,25,47847,"DK Metcalf"
"1670",2023121801,1566,16.2453197173227,29.5660702504734,29.5660702504734,27,47847,"DK Metcalf"
"1671",2023121801,1627,19.8007664602507,32.4783314981849,23.9651609853078,20,47847,"DK Metcalf"
"1672",2023121801,1650,13.7395675121088,18.728823156305,18.728823156305,18,47847,"DK Metcalf"
"1673",2023121801,1863,10.9086231542336,20.9481597546081,20.9481597546081,20,47847,"DK Metcalf"
"1674",2023121801,2196,8.87384163034711,13.4442665580582,13.3857322726901,28,47847,"DK Metcalf"
"1675",2023121801,2295,4.89466729776583,10.9279735628617,10.9279735628617,27,47847,"DK Metcalf"
"1676",2023121801,2733,15.1074984817107,62.5541872742627,62.5541872742627,34,47847,"DK Metcalf"
"1677",2023121801,3097,15.1128966211258,26.3303160244385,26.3303160244385,24,47847,"DK Metcalf"
"1678",2023121801,3501,14.3497442185048,21.2175505198545,16.6527141761925,25,47847,"DK Metcalf"
"1679",2023121801,3737,5.18779763599422,14.2238082815653,6.11216693223688,29,47847,"DK Metcalf"
"1680",2023121801,3760,8.78542416308131,21.6048688420266,21.6048688420266,27,47847,"DK Metcalf"
"1681",2023121801,3785,3.09094931718793,13.125097783635,13.125097783635,23,47847,"DK Metcalf"
"1682",2023121801,3815,11.0615288559863,16.4876480045514,16.4876480045514,20,47847,"DK Metcalf"
"1683",2023121801,3870,14.9686818882293,23.052612723621,23.052612723621,25,47847,"DK Metcalf"
"1684",2023121801,3893,21.8960276297527,51.7433014365325,48.090201334842,28,47847,"DK Metcalf"
"1685",2023121801,3916,24.3977623323348,36.7068429585568,36.7068429585568,24,47847,"DK Metcalf"
"1686",2023121801,3974,6.11306953964693,8.82447779320562,8.82447779320562,27,47847,"DK Metcalf"
"1687",2023121801,3997,7.69842147811137,12.2178277638427,8.29935956435645,25,47847,"DK Metcalf"
"1688",2023122407,206,16.3686851882887,24.9373105704339,17.7654659035409,20,47847,"DK Metcalf"
"1689",2023122407,294,10.5998002925716,24.9619410854254,24.9619410854254,23,47847,"DK Metcalf"
"1690",2023122407,406,16.663714822297,23.8038249795834,21.013617399196,28,47847,"DK Metcalf"
"1691",2023122407,1171,17.9047854138561,28.0395788194455,21.3419866608107,21,47847,"DK Metcalf"
"1692",2023122407,1722,32.0128838483395,47.7847845320015,41.7309913560588,19,47847,"DK Metcalf"
"1693",2023122407,1790,44.8546844385198,133.797378985069,104.675898247245,37,47847,"DK Metcalf"
"1694",2023122407,1813,49.0716563432343,144.833971661193,141.880648521113,35,47847,"DK Metcalf"
"1695",2023122407,1838,11.6477101436977,19.7880199066412,18.7736733052713,21,47847,"DK Metcalf"
"1696",2023122407,1861,30.3211473372465,50.6950961748209,48.1449327775974,30,47847,"DK Metcalf"
"1697",2023122407,2239,21.1743091793125,31.9301596010684,31.9301596010684,20,47847,"DK Metcalf"
"1698",2023122407,2286,15.4377018267515,39.2269226743048,35.3846343200103,33,47847,"DK Metcalf"
"1699",2023122407,2338,22.8845101531289,36.2709706358157,35.117343957096,31,47847,"DK Metcalf"
"1700",2023122407,2361,19.4600293241096,27.6690394451919,23.0271262203509,29,47847,"DK Metcalf"
"1701",2023122407,2698,13.4345560627648,54.1673994840986,52.548112079306,30,47847,"DK Metcalf"
"1702",2023122407,2867,32.4209292288166,95.1705175529087,72.8654366303611,34,47847,"DK Metcalf"
"1703",2023122407,2959,10.4044147454464,15.4192426507572,13.5217029460826,19,47847,"DK Metcalf"
"1704",2023122407,3006,29.0306656853468,37.9778425797533,30.9802194538312,26,47847,"DK Metcalf"
"1705",2023122407,3684,19.8286432891491,37.0211441673445,32.3996502820508,19,47847,"DK Metcalf"
"1706",2023122407,3707,7.13684280083678,9.95138181554753,9.09264179181883,23,47847,"DK Metcalf"
"1707",2023122407,3779,11.9189433294956,24.7289331524578,24.7289331524578,29,47847,"DK Metcalf"
"1708",2023122407,3845,26.3915111340072,77.6933183510533,29.0721247814576,38,47847,"DK Metcalf"
"1709",2023122407,3927,32.3277045140722,87.2258789938908,87.2258789938908,29,47847,"DK Metcalf"
"1710",2023122407,4090,8.75705471469144,13.6362737352665,13.3025082633092,23,47847,"DK Metcalf"
"1711",2023123111,321,30.4506606682335,67.8918585560408,54.3557709237188,38,47847,"DK Metcalf"
"1712",2023123111,787,30.8483347073595,93.4740272970402,64.7926525448582,35,47847,"DK Metcalf"
"1713",2023123111,810,20.2278964707128,64.1675209585061,62.803969024774,28,47847,"DK Metcalf"
"1714",2023123111,835,19.1359466115907,45.7151597305133,45.7151597305133,28,47847,"DK Metcalf"
"1715",2023123111,902,30.1532163778403,77.044322318697,77.044322318697,48,47847,"DK Metcalf"
"1716",2023123111,1215,25.6071739697738,74.3979315234285,74.3979315234285,34,47847,"DK Metcalf"
"1717",2023123111,1308,8.14283111839745,28.6899140201871,28.6899140201871,22,47847,"DK Metcalf"
"1718",2023123111,1333,9.21377722360677,17.7996054782912,17.7996054782912,27,47847,"DK Metcalf"
"1719",2023123111,1405,17.0612925907866,24.9481038242039,21.0298144345262,29,47847,"DK Metcalf"
"1720",2023123111,1802,27.4963714467091,72.5443931066427,72.5443931066427,37,47847,"DK Metcalf"
"1721",2023123111,1837,17.4823211216912,22.6471512389206,22.6471512389206,26,47847,"DK Metcalf"
"1722",2023123111,2012,13.2092205690329,27.6569962939988,27.6569962939988,26,47847,"DK Metcalf"
"1723",2023123111,2157,14.2555043274217,43.3636284910101,43.3636284910101,24,47847,"DK Metcalf"
"1724",2023123111,2182,5.63969289263305,10.5933956556688,6.94277981529084,22,47847,"DK Metcalf"
"1725",2023123111,2552,32.2298194163285,82.9755261713039,82.9755261713039,27,47847,"DK Metcalf"
"1726",2023123111,2769,19.5688773806746,76.413422563383,76.413422563383,28,47847,"DK Metcalf"
"1727",2023123111,2841,9.68238550425216,15.0624608454701,15.0624608454701,45,47847,"DK Metcalf"
"1728",2023123111,2886,24.3575314108641,65.7162600339429,65.7162600339429,38,47847,"DK Metcalf"
"1729",2023123111,3525,17.1961491200988,27.5596318688375,19.6689017071071,26,47847,"DK Metcalf"
"1730",2023123111,3550,20.1097250625808,25.9143884887243,21.2510535122517,25,47847,"DK Metcalf"
"1731",2023123111,3575,21.9270886962711,42.072415445545,33.4951298741422,28,47847,"DK Metcalf"
"1732",2023123111,3651,25.3730064389575,31.8999515534196,31.8999515534196,24,47847,"DK Metcalf"
"1733",2023123111,3676,19.0991094514671,24.6810581771518,24.6810581771518,23,47847,"DK Metcalf"
"1734",2023123111,3704,16.2115218573849,62.7988574400768,62.7988574400768,26,47847,"DK Metcalf"
"1735",2023123111,3729,9.26056519420336,14.2997845073954,11.2852098355832,21,47847,"DK Metcalf"
"1736",2024010712,345,11.1338641504432,17.5917563845413,14.4351416659558,21,47847,"DK Metcalf"
"1737",2024010712,402,12.6266419420815,18.8159934978807,18.5041587905886,25,47847,"DK Metcalf"
"1738",2024010712,471,14.8938334852804,60.630657523523,60.630657523523,35,47847,"DK Metcalf"
"1739",2024010712,545,18.7187745938042,33.8285714045868,32.5695982464164,20,47847,"DK Metcalf"
"1740",2024010712,763,11.9684420957787,19.0324063168721,17.9809027595757,19,47847,"DK Metcalf"
"1741",2024010712,834,25.667915610114,80.3425790837123,80.3425790837123,43,47847,"DK Metcalf"
"1742",2024010712,857,25.3320125182782,32.8885436866421,21.9271285003591,23,47847,"DK Metcalf"
"1743",2024010712,1271,41.1492643975124,118.646547969035,118.646547969035,38,47847,"DK Metcalf"
"1744",2024010712,1824,10.9878439878692,14.981953618481,14.0673434208893,25,47847,"DK Metcalf"
"1745",2024010712,1890,24.1828174307268,89.2799579133437,89.2799579133437,30,47847,"DK Metcalf"
"1746",2024010712,2140,16.6970959746353,52.5194612876593,52.5194612876593,31,47847,"DK Metcalf"
"1747",2024010712,2480,40.3740604183442,86.1933491174928,86.1933491174928,37,47847,"DK Metcalf"
"1748",2024010712,2707,6.33959303652865,13.3851197979482,12.5070939875577,20,47847,"DK Metcalf"
"1749",2024010712,3210,33.7868354591212,78.9242050101569,45.5478566291218,38,47847,"DK Metcalf"
"1750",2024010712,3629,69.9386520414384,180.720140126666,180.720140126666,42,47847,"DK Metcalf"
"1751",2024010712,3704,9.78158013413536,16.1106055397745,14.7412661659578,29,47847,"DK Metcalf"
"1752",2023091005,301,-2.27310766747639,5.95765980627866,5.95765980627866,20,54476,"Chris Olave"
"1753",2023091005,331,8.63810617931639,52.0255569087164,52.0255569087164,25,54476,"Chris Olave"
"1754",2023091005,383,10.605217552425,15.2485698119532,14.6060674427094,36,54476,"Chris Olave"
"1755",2023091005,1016,31.870751508342,140.675928495653,140.675928495653,30,54476,"Chris Olave"
"1756",2023091005,1217,7.70979890988972,16.2195479769226,14.1663886735241,25,54476,"Chris Olave"
"1757",2023091005,2166,27.1953096916228,63.7823683192256,60.2542767459672,25,54476,"Chris Olave"
"1758",2023091005,2251,14.5193938346461,23.8916220627372,23.8916220627372,20,54476,"Chris Olave"
"1759",2023091005,2283,20.9881428280484,32.0873168205846,32.0873168205846,25,54476,"Chris Olave"
"1760",2023091005,2518,14.7171236925089,203.608770764493,203.608770764493,38,54476,"Chris Olave"
"1761",2023091005,2964,11.7179616317567,19.8703004303995,19.8703004303995,25,54476,"Chris Olave"
"1762",2023091005,3128,8.39368713933075,14.0380844565405,14.0380844565405,19,54476,"Chris Olave"
"1763",2023091005,3208,27.5271802475113,41.6376058200227,33.1713259167169,26,54476,"Chris Olave"
"1764",2023091005,3698,5.01615951735496,19.6041387637196,19.6041387637196,21,54476,"Chris Olave"
"1765",2023091005,3774,25.1256291834486,55.7147890893766,49.6712500970536,36,54476,"Chris Olave"
"1766",2023091005,3875,36.1322626262032,104.719235413426,104.719235413426,36,54476,"Chris Olave"
"1767",2023091005,4270,20.6090620492841,55.510349090474,33.4491751287711,28,54476,"Chris Olave"
"1768",2023091800,101,4.31541540838375,11.6033855332358,11.0934323050179,19,54476,"Chris Olave"
"1769",2023091800,148,26.6076595356099,63.3546717670539,63.3546717670539,31,54476,"Chris Olave"
"1770",2023091800,646,5.40949816457814,14.9706432818561,14.9706432818561,20,54476,"Chris Olave"
"1771",2023091800,720,5.13936528780343,9.4693055763095,9.46616464830069,20,54476,"Chris Olave"
"1772",2023091800,743,13.3214999042754,21.7724661549661,18.2710610292345,30,54476,"Chris Olave"
"1773",2023091800,790,11.700110801212,17.8006897258131,16.4747803745477,22,54476,"Chris Olave"
"1774",2023091800,837,2.91945037872706,23.6583448816686,23.6583448816686,19,54476,"Chris Olave"
"1775",2023091800,881,15.1100464061585,31.9811521750254,26.7572044975332,39,54476,"Chris Olave"
"1776",2023091800,1236,11.0889690698022,16.35044626084,15.9512973920325,21,54476,"Chris Olave"
"1777",2023091800,1340,2.19664773840477,9.08565117612992,0,54,54476,"Chris Olave"
"1778",2023091800,1363,22.0166008044459,48.6741963655841,48.6741963655841,23,54476,"Chris Olave"
"1779",2023091800,1454,17.5583572645302,30.2350256359356,17.8169637743173,33,54476,"Chris Olave"
"1780",2023091800,1477,12.6214217142414,24.1725162300892,2.97529701170085,25,54476,"Chris Olave"
"1781",2023091800,1646,3.52682297568367,11.7553895188193,11.7553895188193,18,54476,"Chris Olave"
"1782",2023091800,1705,8.79518078945511,15.5767027973628,15.5691121842521,16,54476,"Chris Olave"
"1783",2023091800,1730,6.2449137948926,9.3339378911997,9.3339378911997,18,54476,"Chris Olave"
"1784",2023091800,1920,9.68150733716177,16.4427533745147,15.6522765115042,20,54476,"Chris Olave"
"1785",2023091800,1945,18.0084336138478,55.9667230477751,54.9616474061396,33,54476,"Chris Olave"
"1786",2023091800,2098,17.8382580817885,29.3220494235539,17.0358230293998,19,54476,"Chris Olave"
"1787",2023091800,2151,0.0323189508080644,0.369579359519697,0.179842804217398,17,54476,"Chris Olave"
"1788",2023091800,2196,37.7926368533963,100.159942807157,100.159942807157,31,54476,"Chris Olave"
"1789",2023091800,2839,5.93007498019349,11.8275901988782,5.37039893840649,20,54476,"Chris Olave"
"1790",2023091800,2943,22.4235837401906,90.1438126768912,90.1438126768912,28,54476,"Chris Olave"
"1791",2023091800,2968,4.50323846183279,7.17571417376202,4.15228670175845,22,54476,"Chris Olave"
"1792",2023091800,3042,3.5723092716796,11.616872394539,10.6280743368163,19,54476,"Chris Olave"
"1793",2023091800,3852,33.6580339750636,86.8892950359546,37.6422415257747,39,54476,"Chris Olave"
"1794",2023092403,393,13.3665783130984,19.9974735070057,16.936759416359,18,54476,"Chris Olave"
"1795",2023092403,474,12.9306488101523,18.0051321190039,13.7466316221301,27,54476,"Chris Olave"
"1796",2023092403,526,10.907476436332,25.7494189538051,25.7494189538051,29,54476,"Chris Olave"
"1797",2023092403,549,15.7158148118913,18.1423110812607,17.618157882126,21,54476,"Chris Olave"
"1798",2023092403,863,21.0111720377093,73.7890309092391,73.7890309092391,29,54476,"Chris Olave"
"1799",2023092403,893,4.90451945034327,7.84763452658237,6.61155244784325,24,54476,"Chris Olave"
"1800",2023092403,918,20.5782646710529,62.4610504997107,62.4610504997107,35,54476,"Chris Olave"
"1801",2023092403,1704,24.6187086975337,45.5717930572464,40.3312107935342,66,54476,"Chris Olave"
"1802",2023092403,1749,11.1195818931241,14.2683632250084,14.2477444079284,19,54476,"Chris Olave"
"1803",2023092403,1835,16.2918806798737,29.3401324924839,20.3753852967495,20,54476,"Chris Olave"
"1804",2023092403,1867,8.91461477556089,18.7382424751988,18.7382424751988,27,54476,"Chris Olave"
"1805",2023092403,1919,9.26103315767382,18.085425023846,18.085425023846,32,54476,"Chris Olave"
"1806",2023092403,1989,18.7712595923424,26.0563949047742,8.43052275461794,31,54476,"Chris Olave"
"1807",2023092403,2269,21.0690135325909,33.7806563125317,13.9333209683425,23,54476,"Chris Olave"
"1808",2023092403,2611,14.1016193619463,29.4414580327781,29.4414580327781,20,54476,"Chris Olave"
"1809",2023092403,3114,8.59479434746506,14.5586294623458,14.092792528816,18,54476,"Chris Olave"
"1810",2023092403,3383,6.79329528894521,21.2502059253365,21.2502059253365,20,54476,"Chris Olave"
"1811",2023092403,3466,14.1053752681874,18.2520317945498,18.2520317945498,20,54476,"Chris Olave"
"1812",2023092403,3491,12.2208217544813,17.6796149808219,17.6796149808219,25,54476,"Chris Olave"
"1813",2023092403,3824,-0.154493279780295,2.88772456773035,2.88772456773035,16,54476,"Chris Olave"
"1814",2023092403,3873,8.72241617385633,19.1946556049449,18.8945661592164,23,54476,"Chris Olave"
"1815",2023092403,4208,1.93691986631461,4.39474721751048,4.39474721751048,20,54476,"Chris Olave"
"1816",2023092403,4233,7.3271151296899,15.7818392918357,15.7818392918357,27,54476,"Chris Olave"
"1817",2023092403,4263,16.7337861963916,33.1413004364835,29.0160109262526,26,54476,"Chris Olave"
"1818",2023092403,4286,12.8930321791843,22.651644501782,22.651644501782,25,54476,"Chris Olave"
"1819",2023092403,4340,10.1584145658415,14.2010853951988,13.959391555116,25,54476,"Chris Olave"
"1820",2023092403,4363,9.16890140475069,17.1434123865026,17.1434123865026,20,54476,"Chris Olave"
"1821",2023100107,63,1.05089644512172,2.53269202297872,0,25,54476,"Chris Olave"
"1822",2023100107,192,2.10724429065019,4.55931351785988,3.24777245860093,26,54476,"Chris Olave"
"1823",2023100107,336,19.5362728227005,33.2609730034202,30.9531796221411,21,54476,"Chris Olave"
"1824",2023100107,653,11.1723215584742,58.1339056183631,58.1339056183631,24,54476,"Chris Olave"
"1825",2023100107,721,12.2552577951275,22.2343102067605,12.6437744500444,50,54476,"Chris Olave"
"1826",2023100107,874,2.66567261822178,7.90644439027969,7.90644439027969,23,54476,"Chris Olave"
"1827",2023100107,1045,6.98192144629932,11.9707664512618,10.9423642400012,16,54476,"Chris Olave"
"1828",2023100107,1075,5.20139870430165,6.50944450241057,6.18932734950408,14,54476,"Chris Olave"
"1829",2023100107,1120,65.6502176268537,173.423502362453,164.386697503639,43,54476,"Chris Olave"
"1830",2023100107,2587,11.204422724855,56.8568132958191,56.8568132958191,33,54476,"Chris Olave"
"1831",2023100107,2612,42.8376534284777,134.434255429326,134.434255429326,39,54476,"Chris Olave"
"1832",2023100107,2915,8.35115122057404,14.4356375565135,11.6847091757481,17,54476,"Chris Olave"
"1833",2023100107,3008,6.23750716119547,11.0198045043591,10.1975981096458,25,54476,"Chris Olave"
"1834",2023100107,3088,21.2320377819273,35.5765727264211,35.5765727264211,25,54476,"Chris Olave"
"1835",2023100107,3497,84.8552510433621,218.156346904515,218.156346904515,63,54476,"Chris Olave"
"1836",2023100107,3522,25.6193504973683,62.6317628827844,62.6317628827844,35,54476,"Chris Olave"
"1837",2023100107,3550,9.82825974353137,16.926960386086,16.6352131487912,26,54476,"Chris Olave"
"1838",2023100107,3575,16.0076966710288,22.5996682246391,22.3589095479895,25,54476,"Chris Olave"
"1839",2023100107,3605,16.3554121384255,30.164050812611,29.1619017166531,30,54476,"Chris Olave"
"1840",2023100107,3666,8.85695038505815,18.341568717929,18.341568717929,25,54476,"Chris Olave"
"1841",2023100107,3725,6.63189226723464,18.7783973803586,18.7783973803586,21,54476,"Chris Olave"
"1842",2023100107,3773,7.80394188481869,18.0206021896601,0,27,54476,"Chris Olave"
"1843",2023100107,4158,23.9332995666951,85.9618700492589,85.9618700492589,27,54476,"Chris Olave"
"1844",2023100107,4204,31.3861133465705,69.5150689613838,69.5150689613838,36,54476,"Chris Olave"
"1845",2023100107,4373,33.1512421735789,102.223090107202,98.0903213276546,36,54476,"Chris Olave"
"1846",2023100805,84,11.2767245656467,15.4589035982747,12.9404893008264,27,54476,"Chris Olave"
"1847",2023100805,109,4.55743399437751,8.28248134629542,8.28248134629542,24,54476,"Chris Olave"
"1848",2023100805,180,16.1620644479948,73.8629305033028,73.8629305033028,32,54476,"Chris Olave"
"1849",2023100805,247,18.7112748925628,71.3597037746884,70.9391678918911,29,54476,"Chris Olave"
"1850",2023100805,471,7.21045326746806,13.7728875079574,13.7728875079574,20,54476,"Chris Olave"
"1851",2023100805,525,23.8231968427071,69.8107674232246,69.8107674232246,25,54476,"Chris Olave"
"1852",2023100805,997,35.7353034612719,68.8955910407477,66.3110997673088,47,54476,"Chris Olave"
"1853",2023100805,1052,69.9564227486759,211.461887643982,145.857002050528,39,54476,"Chris Olave"
"1854",2023100805,1099,18.6948093114835,27.5321405289364,18.8324899603021,34,54476,"Chris Olave"
"1855",2023100805,1353,51.8293884746628,110.745185499472,110.745185499472,43,54476,"Chris Olave"
"1856",2023100805,1476,13.7249252219394,23.5605740834633,11.705238937751,32,54476,"Chris Olave"
"1857",2023100805,1845,13.5693913320254,45.8385613809521,45.8385613809521,24,54476,"Chris Olave"
"1858",2023100805,1948,12.237274278674,21.0825163280218,20.1725240068929,20,54476,"Chris Olave"
"1859",2023100805,2452,13.8115551606426,25.6170721776688,25.6170721776688,40,54476,"Chris Olave"
"1860",2023100805,2735,6.14296897501691,13.772372367575,13.772372367575,21,54476,"Chris Olave"
"1861",2023100805,3057,21.50615431217,30.2796563696828,30.2796563696828,19,54476,"Chris Olave"
"1862",2023100805,3179,24.131722322911,32.6787277807862,30.2335099069158,26,54476,"Chris Olave"
"1863",2023100805,3271,2.60141754945358,5.97110782334249,5.97110782334249,19,54476,"Chris Olave"
"1864",2023100805,3338,12.6368143631309,21.3630468755359,21.040912951282,23,54476,"Chris Olave"
"1865",2023100805,3646,36.2812815267013,87.3152803512882,73.8918393994649,37,54476,"Chris Olave"
"1866",2023100805,3863,11.4069807877794,23.3496415382803,23.3496415382803,27,54476,"Chris Olave"
"1867",2023101505,281,11.5745751701395,69.0245006461841,69.0245006461841,27,54476,"Chris Olave"
"1868",2023101505,335,38.6624110137953,79.9385494362318,55.1115861503373,33,54476,"Chris Olave"
"1869",2023101505,360,15.0109454231696,46.9127447579636,34.3166511726877,33,54476,"Chris Olave"
"1870",2023101505,429,52.9871625075652,111.33319856374,65.4936317137046,39,54476,"Chris Olave"
"1871",2023101505,452,41.8111494634513,117.561929369672,117.561929369672,37,54476,"Chris Olave"
"1872",2023101505,787,8.23909687408384,15.2009827363579,12.1835393854132,25,54476,"Chris Olave"
"1873",2023101505,838,8.59737022802176,21.2889264907281,21.2889264907281,25,54476,"Chris Olave"
"1874",2023101505,892,6.77033484521578,15.8265955764071,15.8265955764071,23,54476,"Chris Olave"
"1875",2023101505,937,2.41778800742123,9.46581936118215,0,33,54476,"Chris Olave"
"1876",2023101505,1290,19.4354247919132,80.7588979538325,80.7588979538325,32,54476,"Chris Olave"
"1877",2023101505,1663,3.28542916468112,8.35028668647372,8.35028668647372,23,54476,"Chris Olave"
"1878",2023101505,1688,31.5985008326146,133.570378567774,133.570378567774,27,54476,"Chris Olave"
"1879",2023101505,1713,4.58188554243524,11.4972040487344,10.7451165820963,19,54476,"Chris Olave"
"1880",2023101505,1738,22.2101713798999,60.4816890865055,44.6653998356894,29,54476,"Chris Olave"
"1881",2023101505,1770,15.1074808397969,70.6224156476015,70.6224156476015,23,54476,"Chris Olave"
"1882",2023101505,1840,33.3126875791563,78.7358056819075,65.0799348863055,30,54476,"Chris Olave"
"1883",2023101505,1865,19.6801139174353,37.9196577370161,35.9916979977817,29,54476,"Chris Olave"
"1884",2023101505,1931,30.285127006687,97.7225022104559,97.7225022104559,25,54476,"Chris Olave"
"1885",2023101505,1960,19.8638099565121,34.6569648338464,32.9867686064422,20,54476,"Chris Olave"
"1886",2023101505,2110,8.6543264012072,19.0463830071316,10.9152241489449,21,54476,"Chris Olave"
"1887",2023101505,2213,15.7297095750873,30.6036372263745,30.6036372263745,28,54476,"Chris Olave"
"1888",2023101505,2414,12.8369144572448,19.9390013236457,13.4262465464882,28,54476,"Chris Olave"
"1889",2023101505,2701,6.186113201132,13.751552281519,13.5990241435914,26,54476,"Chris Olave"
"1890",2023101505,2800,4.12558251722704,15.3779426535916,15.3779426535916,25,54476,"Chris Olave"
"1891",2023101505,2859,23.7855041485559,72.84711470306,30.2992074513017,38,54476,"Chris Olave"
"1892",2023101505,3062,31.3416355193557,83.5076431548266,56.7663472730335,34,54476,"Chris Olave"
"1893",2023101505,3129,10.5936231230523,16.5995958496366,12.648485152896,18,54476,"Chris Olave"
"1894",2023101505,3198,26.4001821008562,46.3452013999616,39.589884598505,28,54476,"Chris Olave"
"1895",2023101505,3290,21.0122245547018,34.8210216578144,29.8292752818798,23,54476,"Chris Olave"
"1896",2023101505,3518,11.270115128402,40.4886611115039,38.5536472717513,30,54476,"Chris Olave"
"1897",2023101505,3667,18.0428644505993,32.4510378710648,26.1510931243815,19,54476,"Chris Olave"
"1898",2023101505,3865,22.9871519020874,80.4792772782011,30.9345719594411,35,54476,"Chris Olave"
"1899",2023101505,3890,18.4506764122238,77.025142614348,77.025142614348,25,54476,"Chris Olave"
"1900",2023101505,4007,23.5710690146817,38.3742494260307,38.3742494260307,20,54476,"Chris Olave"
"1901",2023101505,4072,6.89981913866387,12.0183809153627,3.46305859494673,26,54476,"Chris Olave"
"1902",2023101505,4120,17.4837496750935,32.3425240568056,32.3425240568056,26,54476,"Chris Olave"
"1903",2023101505,4198,27.9741592110097,32.6955301521254,28.1276198550575,24,54476,"Chris Olave"
"1904",2023101505,4221,34.5741864492371,60.8563708440921,59.3546062737309,24,54476,"Chris Olave"
"1905",2023101900,340,4.61650360650474,6.89600523523681,6.89600523523681,24,54476,"Chris Olave"
"1906",2023101900,385,18.5649213591252,79.3075947623637,79.2474126763023,29,54476,"Chris Olave"
"1907",2023101900,491,17.266848394914,25.5313129814635,24.0638320798082,16,54476,"Chris Olave"
"1908",2023101900,543,12.5552201585671,54.9792479799033,54.9792479799033,27,54476,"Chris Olave"
"1909",2023101900,680,1.7198782444544,4.79885236641302,0,27,54476,"Chris Olave"
"1910",2023101900,705,18.7960589289449,40.6429461134776,35.9352193366179,33,54476,"Chris Olave"
"1911",2023101900,842,8.32855151116663,12.8132385138528,10.3575487237707,60,54476,"Chris Olave"
"1912",2023101900,867,23.3724565418466,39.4770271634139,39.4770271634139,22,54476,"Chris Olave"
"1913",2023101900,1173,5.49613703844648,17.9905335125099,17.9905335125099,23,54476,"Chris Olave"
"1914",2023101900,1203,5.42275768833705,9.69801433932775,8.15246912291401,27,54476,"Chris Olave"
"1915",2023101900,1277,6.32262333280666,10.6746241754857,8.00596339359582,24,54476,"Chris Olave"
"1916",2023101900,1300,8.29593253556759,12.3140789990679,12.282882223571,30,54476,"Chris Olave"
"1917",2023101900,1526,22.3376995814944,73.7666260319269,73.7666260319269,24,54476,"Chris Olave"
"1918",2023101900,1553,9.41192570259073,17.7007283095336,13.3150450606988,23,54476,"Chris Olave"
"1919",2023101900,1704,10.5576104548246,17.7238173311254,15.0438763692624,22,54476,"Chris Olave"
"1920",2023101900,1751,30.0734985018721,151.564710296,151.564710296,29,54476,"Chris Olave"
"1921",2023101900,1776,13.5192842519337,20.7072235749754,13.0068581357614,26,54476,"Chris Olave"
"1922",2023101900,1835,12.8860320465793,25.1210700883141,25.1210700883141,25,54476,"Chris Olave"
"1923",2023101900,2393,34.8186918471907,112.597821204829,99.6912517125777,30,54476,"Chris Olave"
"1924",2023101900,2455,17.0677600858217,66.300025738595,66.300025738595,27,54476,"Chris Olave"
"1925",2023101900,2527,-0.452304793918397,0,-1.68869324954972,28,54476,"Chris Olave"
"1926",2023101900,2631,9.71972272673996,16.2278275491676,16.2278275491676,19,54476,"Chris Olave"
"1927",2023101900,2654,32.8756726087058,61.2882780343074,27.7848832495138,36,54476,"Chris Olave"
"1928",2023101900,2880,8.24106164104417,17.0613892206062,17.0613892206062,21,54476,"Chris Olave"
"1929",2023101900,2903,34.1276264497628,74.0827783556637,47.1700562091401,39,54476,"Chris Olave"
"1930",2023101900,2969,7.43188108804508,22.2592708261225,22.2592708261225,22,54476,"Chris Olave"
"1931",2023101900,3023,14.6127400465567,33.0475219540221,31.7663299934236,20,54476,"Chris Olave"
"1932",2023101900,3053,15.8212934439573,34.0019761715982,31.4639331320394,18,54476,"Chris Olave"
"1933",2023101900,3083,17.1587711505467,25.1371855821791,24.0200324570243,14,54476,"Chris Olave"
"1934",2023101900,3640,16.7190244704504,28.0745013340192,12.0643884700304,26,54476,"Chris Olave"
"1935",2023101900,3665,17.3350198369018,56.5831505357372,56.5831505357372,27,54476,"Chris Olave"
"1936",2023101900,3875,14.2412260868793,29.244279531268,29.244279531268,17,54476,"Chris Olave"
"1937",2023101900,3907,14.367744676774,56.5829215104069,56.5829215104069,28,54476,"Chris Olave"
"1938",2023101900,3932,9.29905143076933,25.4061340076816,25.4061340076816,20,54476,"Chris Olave"
"1939",2023101900,4155,10.281261481077,20.7496804565523,20.7496804565523,22,54476,"Chris Olave"
"1940",2023101900,4336,9.64094087404354,19.0861785520932,19.0861785520932,20,54476,"Chris Olave"
"1941",2023101900,4361,13.9491846362296,23.3811359814701,19.4013791674273,24,54476,"Chris Olave"
"1942",2023101900,4411,9.41303069221178,18.1373389669122,18.1373389669122,14,54476,"Chris Olave"
"1943",2023101900,4493,4.22186669758002,8.62771950311148,1.44798536161288,23,54476,"Chris Olave"
"1944",2023101900,4586,13.8012720132601,20.1670472932473,17.933070795376,21,54476,"Chris Olave"
"1945",2023101900,4616,14.0103667201483,29.3842617040038,29.3842617040038,14,54476,"Chris Olave"
"1946",2023102903,173,9.83114672623049,16.381994300306,15.7803185576686,20,54476,"Chris Olave"
"1947",2023102903,203,7.016075946974,12.0211573274689,12.0211573274689,26,54476,"Chris Olave"
"1948",2023102903,250,14.157028615302,27.7866018765503,27.7866018765503,19,54476,"Chris Olave"
"1949",2023102903,580,36.3279087942806,109.306423261365,97.7495669536853,29,54476,"Chris Olave"
"1950",2023102903,652,14.652019878604,31.5692097541008,31.5692097541008,21,54476,"Chris Olave"
"1951",2023102903,715,12.2943548526601,64.9091686719135,64.9091686719135,26,54476,"Chris Olave"
"1952",2023102903,1372,8.60801804941525,16.0447565620148,13.2033949449702,24,54476,"Chris Olave"
"1953",2023102903,1421,13.8911581834513,25.8445404658492,25.5728384211245,19,54476,"Chris Olave"
"1954",2023102903,1525,18.8360159545443,85.2041098711632,85.2041098711632,32,54476,"Chris Olave"
"1955",2023102903,1829,16.2426484398205,47.5805545206132,38.1415156066067,30,54476,"Chris Olave"
"1956",2023102903,2346,12.7144777764472,18.2709076516676,13.8974077356935,26,54476,"Chris Olave"
"1957",2023102903,2371,6.96585937243251,14.3271323313574,13.2300404485278,19,54476,"Chris Olave"
"1958",2023102903,2420,21.1463608881035,30.6161404220812,26.096756388214,23,54476,"Chris Olave"
"1959",2023102903,2670,1.38826793452386,2.97347622878538,0.877659973675976,29,54476,"Chris Olave"
"1960",2023102903,2693,14.700751283099,20.8138038721545,15.0513358077879,23,54476,"Chris Olave"
"1961",2023102903,2920,-4.31666680724815,0,-3.54111810571724,17,54476,"Chris Olave"
"1962",2023102903,2969,30.4644573065473,105.964483411586,102.656940083628,38,54476,"Chris Olave"
"1963",2023102903,3874,3.87136548375299,12.5059915490402,12.4746684563657,21,54476,"Chris Olave"
"1964",2023102903,3921,16.8970616503428,25.2778972040417,13.7155416897057,25,54476,"Chris Olave"
"1965",2023102903,3968,58.3640208917792,146.248102855175,146.248102855175,40,54476,"Chris Olave"
"1966",2023102903,4325,25.9862737305594,82.0590926407166,82.0590926407166,27,54476,"Chris Olave"
"1967",2023110507,319,11.2205244189707,39.3312656061891,39.3312656061891,26,54476,"Chris Olave"
"1968",2023110507,366,11.9059751105411,15.4657619674765,9.31672359083708,24,54476,"Chris Olave"
"1969",2023110507,391,5.85828962854964,18.1298280428869,18.1298280428869,27,54476,"Chris Olave"
"1970",2023110507,679,6.90397692809115,11.2443854458138,11.2443854458138,19,54476,"Chris Olave"
"1971",2023110507,726,6.01335024274238,10.2081625627376,7.56527354105516,16,54476,"Chris Olave"
"1972",2023110507,802,12.9767341927885,26.7293064019314,26.7293064019314,29,54476,"Chris Olave"
"1973",2023110507,1265,14.099055430799,60.0752871466862,60.0752871466862,25,54476,"Chris Olave"
"1974",2023110507,1290,12.9055129677473,21.7792854271924,21.3928426310161,33,54476,"Chris Olave"
"1975",2023110507,1389,12.5524803214958,20.6566920174402,18.6563093250892,26,54476,"Chris Olave"
"1976",2023110507,1474,10.1793074465905,24.2554114771042,24.2554114771042,20,54476,"Chris Olave"
"1977",2023110507,1856,25.9655520904322,37.4217771993199,37.4217771993199,23,54476,"Chris Olave"
"1978",2023110507,1973,140.207031329773,265.023403404964,73.1805131780662,41,54476,"Chris Olave"
"1979",2023110507,2090,15.8882742588756,27.4100743082415,15.8302857080973,23,54476,"Chris Olave"
"1980",2023110507,2237,11.1516887608632,15.1798671102325,9.05650452368251,29,54476,"Chris Olave"
"1981",2023110507,2820,15.2745592890272,30.2998278943519,30.2998278943519,25,54476,"Chris Olave"
"1982",2023110507,3020,7.67428187247629,14.6969553395189,14.6969553395189,22,54476,"Chris Olave"
"1983",2023110507,3045,0,0,0,17,54476,"Chris Olave"
"1984",2023110507,3382,10.8765326826466,18.0082479027214,17.7408147329125,21,54476,"Chris Olave"
"1985",2023110507,3407,23.3420096303181,38.1232881480468,36.7451381778505,21,54476,"Chris Olave"
"1986",2023110507,3650,20.6102293478058,30.1025965641963,30.1025965641963,23,54476,"Chris Olave"
"1987",2023110507,3852,19.9179533282939,26.4380715684559,23.0729260939301,25,54476,"Chris Olave"
"1988",2023111204,318,2.03945568313682,7.3708421603125,7.28998925557919,19,54476,"Chris Olave"
"1989",2023111204,468,11.4863301959662,23.1795893331016,22.1732279064891,28,54476,"Chris Olave"
"1990",2023111204,665,8.08203163583534,15.6494989241755,15.6494989241755,26,54476,"Chris Olave"
"1991",2023111204,734,4.35731261192885,8.1992710981561,5.6848845945829,25,54476,"Chris Olave"
"1992",2023111204,792,7.09070541179498,10.9064241960672,10.3133827872867,26,54476,"Chris Olave"
"1993",2023111204,815,8.75375452343362,17.2041484052652,17.2041484052652,17,54476,"Chris Olave"
"1994",2023111204,838,31.74701879127,46.3145726235631,41.4767698513156,33,54476,"Chris Olave"
"1995",2023111204,2143,30.4053244690218,39.7644640318612,33.0771309959,23,54476,"Chris Olave"
"1996",2023111204,2585,5.58270916644972,13.1091945959495,13.1091945959495,24,54476,"Chris Olave"
"1997",2023111204,2632,14.7522504977675,18.8043707185561,17.0587480984167,30,54476,"Chris Olave"
"1998",2023111204,2657,26.0953913247674,53.9779961877337,49.0449159250026,32,54476,"Chris Olave"
"1999",2023111204,2712,16.3842002661477,42.7215812005294,40.4559810131239,34,54476,"Chris Olave"
"2000",2023111204,2794,15.7824070204335,51.9416528473693,50.4915092781286,30,54476,"Chris Olave"
"2001",2023111204,2819,9.76636994767823,28.0204646495061,27.652608730043,21,54476,"Chris Olave"
"2002",2023111204,2967,2.30576568899414,14.0181675704392,14.0181675704392,19,54476,"Chris Olave"
"2003",2023111204,2990,13.2880864131901,25.4792887875029,25.4792887875029,20,54476,"Chris Olave"
"2004",2023111204,3013,27.2625993436744,127.39435270476,127.39435270476,31,54476,"Chris Olave"
"2005",2023111204,3271,10.6834768522633,18.5232351505198,18.5232351505198,24,54476,"Chris Olave"
"2006",2023111204,3294,21.0791555612124,27.1388519772115,21.047515429974,22,54476,"Chris Olave"
"2007",2023111204,3439,35.4295915797218,53.8664131504268,53.8664131504268,26,54476,"Chris Olave"
"2008",2023111204,3464,16.4880529921499,52.6683585650085,47.5303532904039,42,54476,"Chris Olave"
"2009",2023111204,3512,9.33418018574096,15.7987228627135,10.4765907846202,20,54476,"Chris Olave"
"2010",2023111204,3537,20.4339906198421,44.1191376136527,44.1191376136527,57,54476,"Chris Olave"
"2011",2023111204,3861,28.7044083889649,76.695100325526,76.695100325526,26,54476,"Chris Olave"
"2012",2023111204,3886,5.06056732277974,12.4942631743827,12.3217034021679,19,54476,"Chris Olave"
"2013",2023111204,4059,30.0136574200434,94.2517502277506,57.0877836579275,36,54476,"Chris Olave"
"2014",2023111204,4153,30.1780270717548,54.3095741793053,52.6560258262286,22,54476,"Chris Olave"
"2015",2023111204,4245,21.6358116093103,79.0210019201762,79.0210019201762,25,54476,"Chris Olave"
"2016",2023111204,4270,26.4858764680578,40.057165812636,39.4129118063909,20,54476,"Chris Olave"
"2017",2023111204,4397,18.4627254921723,92.2252345571152,92.2252345571152,26,54476,"Chris Olave"
"2018",2023111204,4460,12.7254700380679,35.1851428687042,34.8124638411256,30,54476,"Chris Olave"
"2019",2023112600,101,4.94006393923129,13.3731766453657,0,26,54476,"Chris Olave"
"2020",2023112600,279,39.863863465866,145.029860718184,125.695918311255,40,54476,"Chris Olave"
"2021",2023112600,360,9.9703141836391,23.8722353187638,23.8722353187638,22,54476,"Chris Olave"
"2022",2023112600,407,16.8145137049056,26.4164004145365,10.9293725879317,25,54476,"Chris Olave"
"2023",2023112600,476,10.0500094683698,16.7657539432964,15.7577584666224,23,54476,"Chris Olave"
"2024",2023112600,499,15.1307059244436,20.7359632773475,15.6846048593889,19,54476,"Chris Olave"
"2025",2023112600,795,29.5491729735531,77.5328905926257,63.9478297662619,37,54476,"Chris Olave"
"2026",2023112600,818,19.8102137576429,49.4032502639612,39.8250508915063,40,54476,"Chris Olave"
"2027",2023112600,843,-0.171978385006025,0,0,16,54476,"Chris Olave"
"2028",2023112600,873,10.8225682618082,22.7393623886734,22.7393623886734,20,54476,"Chris Olave"
"2029",2023112600,903,13.7662997008518,19.2841637236632,16.2970480667023,22,54476,"Chris Olave"
"2030",2023112600,1142,14.7571139502758,25.1337883779191,24.5692263419516,24,54476,"Chris Olave"
"2031",2023112600,1526,9.65966502576382,39.6186740843947,39.6186740843947,27,54476,"Chris Olave"
"2032",2023112600,1588,9.46403302913293,16.857998088703,15.1613374712659,26,54476,"Chris Olave"
"2033",2023112600,1645,20.781528643085,33.5236056632088,28.0782204554892,17,54476,"Chris Olave"
"2034",2023112600,1694,3.92433368489013,7.00163534587673,4.176799068711,20,54476,"Chris Olave"
"2035",2023112600,1720,16.8943490566136,43.5432564738261,43.5432564738261,27,54476,"Chris Olave"
"2036",2023112600,1783,11.2070613711824,17.1110921031417,15.6532126811353,25,54476,"Chris Olave"
"2037",2023112600,1836,16.2448608084887,26.5499418319574,21.7357649248062,30,54476,"Chris Olave"
"2038",2023112600,2570,11.445571723017,100.326463849634,100.326463849634,33,54476,"Chris Olave"
"2039",2023120301,325,39.4628497335679,103.740306939565,69.8943040094766,50,54476,"Chris Olave"
"2040",2023120301,494,11.9331453322665,19.0276112534505,19.0276112534505,24,54476,"Chris Olave"
"2041",2023120301,529,16.4132628715539,48.5298626984988,48.5298626984988,34,54476,"Chris Olave"
"2042",2023120301,923,20.5908724343019,45.5740502344969,45.5740502344969,40,54476,"Chris Olave"
"2043",2023120301,1001,14.318187963978,29.8488440799068,29.1836889602236,29,54476,"Chris Olave"
"2044",2023120301,1038,18.0225866019007,29.8824684339308,22.93465012112,26,54476,"Chris Olave"
"2045",2023120301,1326,16.1020641918282,27.0467283738892,21.3381169484103,30,54476,"Chris Olave"
"2046",2023120301,1373,14.7797525495015,34.2632121477024,34.2632121477024,23,54476,"Chris Olave"
"2047",2023120301,1431,48.1254495167526,127.988519413205,96.2541582406864,45,54476,"Chris Olave"
"2048",2023120301,1527,9.97754352757475,14.2547200115993,14.2547200115993,26,54476,"Chris Olave"
"2049",2023120301,1586,11.8021804369719,17.4485727197987,14.7210672133377,21,54476,"Chris Olave"
"2050",2023120301,1790,3.08960066442891,7.59665794488546,0.920304286482056,25,54476,"Chris Olave"
"2051",2023120301,2345,27.7212204914623,137.812830550874,137.812830550874,36,54476,"Chris Olave"
"2052",2023120301,2370,0,0,0,24,54476,"Chris Olave"
"2053",2023120301,2420,8.95381607414241,15.5616662008385,15.5616662008385,28,54476,"Chris Olave"
"2054",2023120301,2492,21.64201765999,101.000581873485,92.3031194991284,33,54476,"Chris Olave"
"2055",2023120301,2724,19.9881379570062,46.3598870620818,33.7364638479805,37,54476,"Chris Olave"
"2056",2023120301,3360,14.8056082382311,47.2232072313954,47.2232072313954,31,54476,"Chris Olave"
"2057",2023120301,3497,40.2996957687916,58.2195986625348,46.953275271255,25,54476,"Chris Olave"
"2058",2023120301,3601,15.2137869834751,46.1771078309508,46.1771078309508,27,54476,"Chris Olave"
"2059",2023120301,3843,14.9060745400181,44.5750945085896,44.5750945085896,28,54476,"Chris Olave"
"2060",2023120301,3965,28.3370231998503,43.9378486213303,25.6249848076442,32,54476,"Chris Olave"
"2061",2023120301,3988,13.160119424641,20.8137883268593,20.1295191040169,26,54476,"Chris Olave"
"2062",2023120301,4014,24.8517595478265,42.783793744205,42.783793744205,26,54476,"Chris Olave"
"2063",2023121005,190,16.2319599139721,24.9427345930215,13.590804414439,29,54476,"Chris Olave"
"2064",2023121005,215,5.11806224638151,7.45218525191272,5.70169494110772,21,54476,"Chris Olave"
"2065",2023121005,262,0,0,0,14,54476,"Chris Olave"
"2066",2023121005,574,21.0032467634525,35.6714403116501,30.5555078422777,37,54476,"Chris Olave"
"2067",2023121005,755,10.8953484459702,16.8761727008693,9.86401007525551,26,54476,"Chris Olave"
"2068",2023121005,1274,13.7310479963048,31.7378676021447,16.5900242439695,40,54476,"Chris Olave"
"2069",2023121005,1410,12.4674418307172,17.3948914867479,15.7156969910949,33,54476,"Chris Olave"
"2070",2023121005,1892,7.27939812295273,13.9980569613677,13.9980569613677,21,54476,"Chris Olave"
"2071",2023121005,1922,15.3383007732487,26.5411033535662,15.2226603109423,19,54476,"Chris Olave"
"2072",2023121005,2238,9.91318185286907,27.1654658636915,27.1654658636915,23,54476,"Chris Olave"
"2073",2023121005,2263,6.75140818984374,13.6510074901853,10.1064925974404,30,54476,"Chris Olave"
"2074",2023121005,2288,53.9852781003141,117.541335316651,105.213085297701,32,54476,"Chris Olave"
"2075",2023121005,2975,4.26220283511444,8.90052420507994,8.87067491221528,17,54476,"Chris Olave"
"2076",2023121005,3029,18.4367146898757,27.4380024347115,19.9085547494231,26,54476,"Chris Olave"
"2077",2023121005,3300,19.8460145644309,46.7515249580857,46.7515249580857,38,54476,"Chris Olave"
"2078",2023121005,3377,24.519515615978,39.5243756631067,39.2220296807121,27,54476,"Chris Olave"
"2079",2023121005,3402,9.29680755956048,13.2595302839648,11.5823948146855,12,54476,"Chris Olave"
"2080",2023122100,78,12.3075191838533,32.0229143778521,32.0229143778521,19,54476,"Chris Olave"
"2081",2023122100,103,6.2940538766042,14.7449271414035,14.7449271414035,27,54476,"Chris Olave"
"2082",2023122100,161,32.1634950439994,86.516366054072,30.8312814712116,39,54476,"Chris Olave"
"2083",2023122100,208,13.2423810174472,22.8815216333441,19.2184187516031,25,54476,"Chris Olave"
"2084",2023122100,773,31.4419188555098,85.8188390844566,55.8076470153773,30,54476,"Chris Olave"
"2085",2023122100,843,23.4023266112213,29.0044866212512,19.6776905433255,23,54476,"Chris Olave"
"2086",2023122100,935,6.43562922250698,10.2613958832567,10.2613958832567,24,54476,"Chris Olave"
"2087",2023122100,1185,21.0704089843772,52.0601776258972,29.5086185297121,35,54476,"Chris Olave"
"2088",2023122100,1571,6.03214059463995,13.0358697202011,12.765533472172,28,54476,"Chris Olave"
"2089",2023122100,1630,21.2371022684011,50.2688361103292,16.6030471111788,37,54476,"Chris Olave"
"2090",2023122100,1789,10.1972403187371,24.1949217475858,24.1949217475858,23,54476,"Chris Olave"
"2091",2023122100,1814,19.5754012224444,25.4430727192942,24.8468548067285,19,54476,"Chris Olave"
"2092",2023122100,1839,24.604360144725,38.6651143294682,38.6651143294682,20,54476,"Chris Olave"
"2093",2023122100,1874,7.37799355735202,19.9936628526838,19.9936628526838,23,54476,"Chris Olave"
"2094",2023122100,1897,15.5123056708194,25.1841615857097,25.1841615857097,23,54476,"Chris Olave"
"2095",2023122100,2100,35.9209386071668,98.1881481860576,98.1881481860576,27,54476,"Chris Olave"
"2096",2023122100,2496,22.1262647713223,32.4224341341449,23.185959189447,24,54476,"Chris Olave"
"2097",2023122100,2578,14.3725113256554,25.5691556900606,24.0879412369095,29,54476,"Chris Olave"
"2098",2023122100,2762,31.2850044137344,80.354648528195,80.354648528195,46,54476,"Chris Olave"
"2099",2023122100,2816,26.7778523654942,87.7751000359058,87.7751000359058,35,54476,"Chris Olave"
"2100",2023122100,2868,1.3147667608555,7.17065226052057,3.20052148338954,41,54476,"Chris Olave"
"2101",2023122100,2891,16.0337666013248,22.2662615491822,11.5397864636416,24,54476,"Chris Olave"
"2102",2023122100,2926,26.4302140468091,38.2828099463237,33.4610910626309,33,54476,"Chris Olave"
"2103",2023122100,3266,0.709966772460199,8.93283231147365,8.93283231147365,27,54476,"Chris Olave"
"2104",2023122100,3321,12.4730064846936,20.6533447331551,20.6533447331551,22,54476,"Chris Olave"
"2105",2023122100,3346,7.00534229829983,11.5861491590213,11.5861491590213,23,54476,"Chris Olave"
"2106",2023122100,3445,18.7216306212901,29.544965715645,14.7011746114148,22,54476,"Chris Olave"
"2107",2023122100,3470,29.0056279102092,67.6386662920187,67.6386662920187,24,54476,"Chris Olave"
"2108",2023122100,3532,18.8434870831441,35.1994552248371,34.0068723203631,36,54476,"Chris Olave"
"2109",2023122100,3562,12.2775554171285,14.1404991453927,10.9919536727834,21,54476,"Chris Olave"
"2110",2023122100,3852,25.2962673999305,62.3576670392078,61.5984799477371,28,54476,"Chris Olave"
"2111",2023123109,62,51.7208579492453,171.060499190418,171.060499190418,45,54476,"Chris Olave"
"2112",2023123109,117,4.34079223100923,12.0738048823348,11.4232132589933,32,54476,"Chris Olave"
"2113",2023123109,184,28.0193033370181,118.375056184185,106.504606291949,34,54476,"Chris Olave"
"2114",2023123109,209,13.2212434509824,36.9031533953919,36.9031533953919,25,54476,"Chris Olave"
"2115",2023123109,374,18.8473493627345,23.7804645469197,19.4733123735865,22,54476,"Chris Olave"
"2116",2023123109,562,9.24130230914906,15.2577709939199,12.0409566087486,26,54476,"Chris Olave"
"2117",2023123109,1086,16.4528501560583,46.4992942429065,46.4992942429065,28,54476,"Chris Olave"
"2118",2023123109,1369,29.828901118712,85.4665968925833,35.45366198087,32,54476,"Chris Olave"
"2119",2023123109,1428,13.4328177673799,19.6747703993472,15.9039643467224,25,54476,"Chris Olave"
"2120",2023123109,1451,27.0385590465036,70.4990444914972,70.4990444914972,29,54476,"Chris Olave"
"2121",2023123109,1520,16.1821211066428,28.567903918513,24.4879320713393,23,54476,"Chris Olave"
"2122",2023123109,1552,13.833404867527,30.4845656908917,30.4845656908917,22,54476,"Chris Olave"
"2123",2023123109,1740,7.16703490206668,13.2597831796083,13.2597831796083,18,54476,"Chris Olave"
"2124",2023123109,1768,27.8373398309942,35.6149483622861,34.4930884786911,20,54476,"Chris Olave"
"2125",2023123109,1828,11.2045649252699,15.4481515467579,15.4481515467579,21,54476,"Chris Olave"
"2126",2023123109,1853,22.2255826366179,30.336934316947,24.7263908464607,26,54476,"Chris Olave"
"2127",2023123109,2097,5.187772455647,9.70633221367884,9.21482910783377,21,54476,"Chris Olave"
"2128",2023123109,2144,43.1040895892502,81.5393504338412,59.1891661497432,44,54476,"Chris Olave"
"2129",2023123109,2416,19.934254992558,68.0352409982052,68.0352409982052,37,54476,"Chris Olave"
"2130",2023123109,2506,-0.47806911845499,2.50551853870774,2.41536840470355,43,54476,"Chris Olave"
"2131",2023123109,2848,7.31544840254403,14.079344630115,12.9170314168104,27,54476,"Chris Olave"
"2132",2023123109,2935,10.0721595416051,17.2219685969357,13.1927630678383,23,54476,"Chris Olave"
"2133",2023123109,3168,33.5225550730586,96.3605441285003,96.3605441285003,27,54476,"Chris Olave"
"2134",2024010700,85,13.8686282000092,39.8665583087965,38.6825667504972,34,54476,"Chris Olave"
"2135",2024010700,476,10.4818270923589,41.6672813609668,41.6672813609668,37,54476,"Chris Olave"
"2136",2024010700,603,4.92090516420607,13.1767659522216,12.6460118069908,27,54476,"Chris Olave"
"2137",2024010700,846,14.3162729984375,33.7953971430971,33.7953971430971,25,54476,"Chris Olave"
"2138",2024010700,869,22.4228341984873,54.5805938054927,54.5805938054927,34,54476,"Chris Olave"
"2139",2024010700,916,16.1512154425677,24.5571822040461,24.5571822040461,25,54476,"Chris Olave"
"2140",2024010700,983,25.1645512891659,67.7666377775656,35.6044279016658,52,54476,"Chris Olave"
"2141",2024010700,1040,12.8593450076123,21.1480337281368,20.6874309151912,25,54476,"Chris Olave"
"2142",2024010700,1066,11.6372783065294,17.7315851029936,17.7315851029936,19,54476,"Chris Olave"
"2143",2024010700,1448,7.5417133993864,14.6653853877459,14.2896654625681,23,54476,"Chris Olave"
"2144",2024010700,1495,7.69411438259206,14.2057193671101,5.47239081562328,28,54476,"Chris Olave"
"2145",2024010700,1707,6.0706491830053,10.3665688950242,10.3665688950242,25,54476,"Chris Olave"
"2146",2024010700,1813,13.5630718248074,23.449515770659,8.03316793396242,30,54476,"Chris Olave"
"2147",2024010700,2396,9.74114557484321,23.87876448835,23.87876448835,28,54476,"Chris Olave"
"2148",2024010700,2608,3.33989040034865,5.93425384549911,3.94603796563241,23,54476,"Chris Olave"
"2149",2024010700,2660,15.8129474416774,34.0736707745839,20.1391471508995,41,54476,"Chris Olave"
"2150",2024010700,3148,4.06120950128938,19.3150640559555,19.3150640559555,25,54476,"Chris Olave"
"2151",2024010700,3770,6.78137801113761,26.2286002434403,26.2286002434403,31,54476,"Chris Olave"
"2152",2023091006,55,8.44895051016042,20.9651630338208,11.4145994158826,29,54517,"George Pickens"
"2153",2023091006,431,9.77765150112294,17.3417204123463,9.95095150141658,35,54517,"George Pickens"
"2154",2023091006,822,46.5948768042622,97.9627397653076,97.9627397653076,30,54517,"George Pickens"
"2155",2023091006,1207,15.5269446166861,30.8665409307733,24.8411080426315,34,54517,"George Pickens"
"2156",2023091006,1717,20.1559403466573,60.1576490498538,60.1576490498538,25,54517,"George Pickens"
"2157",2023091006,2156,0.405672552767309,12.4031126753269,12.4031126753269,21,54517,"George Pickens"
"2158",2023091006,2188,40.2147720001986,130.650822745403,130.650822745403,29,54517,"George Pickens"
"2159",2023091006,2274,36.9875529785796,84.4617501852815,74.815980833308,32,54517,"George Pickens"
"2160",2023091006,2299,29.5402108732789,62.579573952944,62.579573952944,26,54517,"George Pickens"
"2161",2023091006,2324,12.5884945876106,22.0447698463407,22.0447698463407,24,54517,"George Pickens"
"2162",2023091006,2380,18.9331103541084,24.8623334900678,24.8623334900678,20,54517,"George Pickens"
"2163",2023091006,2415,43.0509642029955,52.6903852784279,52.314914529166,17,54517,"George Pickens"
"2164",2023091006,2470,26.2850362993809,34.1917623643762,22.6715796484001,26,54517,"George Pickens"
"2165",2023091006,2529,11.4116573495132,17.0024957245604,11.8088068944766,21,54517,"George Pickens"
"2166",2023091006,3078,11.3978285085512,26.3998874886123,20.9503279529567,27,54517,"George Pickens"
"2167",2023091006,3137,9.7794924300596,15.3635596825663,13.4278078230416,28,54517,"George Pickens"
"2168",2023091006,3234,18.1621098923316,47.2903837352556,47.2903837352556,28,54517,"George Pickens"
"2169",2023091006,3295,4.27544962271239,18.8398635817857,18.8398635817857,21,54517,"George Pickens"
"2170",2023091006,3422,14.5654519729573,17.6382969944919,16.4114731031623,19,54517,"George Pickens"
"2171",2023091006,3447,19.6254463714564,29.8855849288826,11.2883499637408,38,54517,"George Pickens"
"2172",2023091006,3472,26.2384432001125,33.0457502365961,21.7429577960063,28,54517,"George Pickens"
"2173",2023091006,3722,7.64533927197438,18.7188473452533,18.7188473452533,20,54517,"George Pickens"
"2174",2023091006,3754,25.1064538108823,68.8125020827051,65.4817671517078,32,54517,"George Pickens"
"2175",2023091006,3779,5.55292251828146,16.605229793821,11.6033387801627,28,54517,"George Pickens"
"2176",2023091006,3804,23.126816231761,55.946825686573,24.589587446514,36,54517,"George Pickens"
"2177",2023091006,3829,39.516695426621,73.586106689267,26.8585791470515,49,54517,"George Pickens"
"2178",2023091006,3881,12.2935008505082,19.9075155290699,16.1014507514413,33,54517,"George Pickens"
"2179",2023091006,4163,6.99378862470944,15.3566221391583,10.486597907756,27,54517,"George Pickens"
"2180",2023091006,4186,12.2542446865165,19.2059825946943,15.3765822842654,32,54517,"George Pickens"
"2181",2023091006,4211,21.3512495161796,32.4293396083221,32.4293396083221,27,54517,"George Pickens"
"2182",2023091006,4270,23.9147826268459,37.8458818283471,37.8458818283471,28,54517,"George Pickens"
"2183",2023091006,4315,26.6918910260256,35.0096659286287,33.4270745283365,32,54517,"George Pickens"
"2184",2023091006,4340,24.7468780896233,55.7429626534674,15.961725731978,62,54517,"George Pickens"
"2185",2023091006,4420,18.7279496205937,49.6268315803839,49.6268315803839,32,54517,"George Pickens"
"2186",2023091801,1071,30.9091201907805,80.596951721786,77.3169906120016,38,54517,"George Pickens"
"2187",2023091801,1304,6.50597683227116,13.3789248339776,8.06005576628337,25,54517,"George Pickens"
"2188",2023091801,1351,9.23257205546633,12.9162209570136,5.43264359963795,25,54517,"George Pickens"
"2189",2023091801,1407,48.3478734582991,129.961577421622,129.961577421622,29,54517,"George Pickens"
"2190",2023091801,1615,9.19606095608582,21.215043278094,21.215043278094,18,54517,"George Pickens"
"2191",2023091801,1640,10.3199140886469,17.9564355384034,16.9579475762278,21,54517,"George Pickens"
"2192",2023091801,1838,19.579297193432,80.4366680959529,80.4366680959529,31,54517,"George Pickens"
"2193",2023091801,1863,16.5808738151604,72.2450925791706,72.2450925791706,29,54517,"George Pickens"
"2194",2023091801,2091,11.2283399225852,20.6760391706686,20.6760391706686,28,54517,"George Pickens"
"2195",2023091801,2116,16.4688160743683,51.5102360047025,51.5102360047025,32,54517,"George Pickens"
"2196",2023091801,2139,13.3045458490359,23.8173354114436,23.8173354114436,22,54517,"George Pickens"
"2197",2023091801,2597,30.489754190261,73.7391357337437,55.4957832605785,43,54517,"George Pickens"
"2198",2023091801,2698,19.3628425988252,31.703587294858,24.1416501458133,20,54517,"George Pickens"
"2199",2023091801,2723,5.12241663497448,10.9694141986183,10.6928887632405,20,54517,"George Pickens"
"2200",2023091801,2955,20.6711099170898,53.3384663347364,52.3898692860921,33,54517,"George Pickens"
"2201",2023092412,307,12.8807245286445,19.1380939609566,17.4494602758802,43,54517,"George Pickens"
"2202",2023092412,658,-0.51427399435521,3.32385987421538,1.91453231765405,22,54517,"George Pickens"
"2203",2023092412,703,21.2462071304048,57.9476340772435,56.9007374737041,32,54517,"George Pickens"
"2204",2023092412,866,5.63981081014611,21.2949083924869,21.2949083924869,26,54517,"George Pickens"
"2205",2023092412,918,8.78426721912015,13.2794260649611,13.1810129074633,31,54517,"George Pickens"
"2206",2023092412,965,12.9307273387819,25.8292665854214,25.8292665854214,25,54517,"George Pickens"
"2207",2023092412,1261,4.86301825940585,15.4140534955826,15.4140534955826,23,54517,"George Pickens"
"2208",2023092412,1424,15.5025644332554,22.8132521242188,15.5701114589755,29,54517,"George Pickens"
"2209",2023092412,1604,20.0987636120322,70.0787126705546,17.7371872307489,43,54517,"George Pickens"
"2210",2023092412,1658,13.0390687203506,25.3995672544927,25.3995672544927,23,54517,"George Pickens"
"2211",2023092412,1737,6.95543500040686,13.6870524830564,10.4893993739984,21,54517,"George Pickens"
"2212",2023092412,2254,26.9270995940931,71.6434967771979,61.2824681777802,54,54517,"George Pickens"
"2213",2023092412,2301,25.3763481227904,84.8509007126269,53.8351756621994,37,54517,"George Pickens"
"2214",2023092412,2346,13.1438854921846,24.8488222918963,24.8488222918963,29,54517,"George Pickens"
"2215",2023092412,2371,37.4956319960827,80.8993671920152,64.1405010676913,37,54517,"George Pickens"
"2216",2023092412,2603,10.4587620701424,27.4734474747775,19.9674970373338,25,54517,"George Pickens"
"2217",2023092412,2682,25.0267837672863,50.3338464923598,33.4517753803601,33,54517,"George Pickens"
"2218",2023092412,2737,10.2908677677421,24.3794402825075,24.2788652114085,29,54517,"George Pickens"
"2219",2023092412,3653,16.1586158850386,57.7040664894608,57.7040664894608,29,54517,"George Pickens"
"2220",2023092412,3698,18.1263330198606,28.4973391089674,28.4973391089674,25,54517,"George Pickens"
"2221",2023092412,4098,15.6913677314292,24.627981559219,23.801292433676,22,54517,"George Pickens"
"2222",2023100105,524,11.1353372161521,15.4038282226191,15.4038282226191,21,54517,"George Pickens"
"2223",2023100105,655,15.5000011097759,20.3868094017026,20.0755713195567,33,54517,"George Pickens"
"2224",2023100105,946,0.64785928164392,5.15970907367836,4.96639769136846,21,54517,"George Pickens"
"2225",2023100105,1003,47.4564671811104,142.599240518579,142.599240518579,40,54517,"George Pickens"
"2226",2023100105,1293,11.5739915728596,61.6862210890886,61.6862210890886,24,54517,"George Pickens"
"2227",2023100105,1318,10.4773544591762,16.1775507290731,14.5716344164112,28,54517,"George Pickens"
"2228",2023100105,1615,20.0403308503942,47.4996962156271,31.8491142123017,31,54517,"George Pickens"
"2229",2023100105,1829,7.46275543946846,13.9512055257565,13.9512055257565,19,54517,"George Pickens"
"2230",2023100105,1861,4.86751855654084,13.4538270093069,13.4538270093069,27,54517,"George Pickens"
"2231",2023100105,1922,8.93088340273649,18.4238789679505,18.4238789679505,21,54517,"George Pickens"
"2232",2023100105,2044,36.2551928075865,46.8865232288259,22.4298118936064,42,54517,"George Pickens"
"2233",2023100105,2318,11.0278970366947,16.3411050454789,16.2907432396517,25,54517,"George Pickens"
"2234",2023100105,2610,13.2473219526899,23.9880120625212,23.9880120625212,46,54517,"George Pickens"
"2235",2023100105,2664,50.3735708091521,109.485870075461,43.8283700230088,57,54517,"George Pickens"
"2236",2023100105,2692,10.1475623033477,18.909402821648,18.0815703446563,27,54517,"George Pickens"
"2237",2023100105,2744,18.6508264433514,21.8962863003336,18.792839345355,30,54517,"George Pickens"
"2238",2023100105,2966,8.06642717046655,25.4442922778288,25.4442922778288,36,54517,"George Pickens"
"2239",2023100105,3024,20.3868305428186,34.9139619812816,32.0372378107764,55,54517,"George Pickens"
"2240",2023100105,3047,33.0829330419315,63.5704707818639,27.1077148016602,33,54517,"George Pickens"
"2241",2023100105,3403,4.1946875262691,17.4826823069071,17.4826823069071,25,54517,"George Pickens"
"2242",2023100105,3433,3.70319884230307,10.7531925306894,10.7531925306894,28,54517,"George Pickens"
"2243",2023100105,3456,13.0722366900807,18.9732532960971,11.3803881558824,26,54517,"George Pickens"
"2244",2023100105,3916,14.9613840249948,20.4352698492018,17.0500865154447,30,54517,"George Pickens"
"2245",2023100105,3970,16.7864684158366,22.758127035265,19.5698012988425,27,54517,"George Pickens"
"2246",2023100806,273,3.13085552147934,10.8180239199388,10.8180239199388,21,54517,"George Pickens"
"2247",2023100806,655,10.4939087664018,17.1130350062838,16.9046806054612,30,54517,"George Pickens"
"2248",2023100806,1143,10.7147739154063,39.1767697991491,39.1767697991491,30,54517,"George Pickens"
"2249",2023100806,1166,10.5670640234615,20.7355275934489,20.7355275934489,25,54517,"George Pickens"
"2250",2023100806,1203,2.74422951844851,7.42015791252476,7.42015791252476,22,54517,"George Pickens"
"2251",2023100806,1255,7.49434030250843,22.7457660016888,22.7457660016888,25,54517,"George Pickens"
"2252",2023100806,1300,23.6253262028282,40.7271648610465,22.9706812383548,52,54517,"George Pickens"
"2253",2023100806,1582,12.761902080979,18.2167918879914,18.2167918879914,26,54517,"George Pickens"
"2254",2023100806,1629,8.01202261288597,17.2220013439146,17.2220013439146,36,54517,"George Pickens"
"2255",2023100806,2112,8.1094043531536,13.7037586783426,13.4837664529382,23,54517,"George Pickens"
"2256",2023100806,2324,7.88892964966643,22.1934257533606,22.1934257533606,24,54517,"George Pickens"
"2257",2023100806,2431,13.6630106011361,18.6506212764905,17.6908601476837,21,54517,"George Pickens"
"2258",2023100806,2503,15.9383423961092,21.0297362359581,17.7599658508111,35,54517,"George Pickens"
"2259",2023100806,2831,23.8225189038991,77.8297313069454,69.5601604670723,35,54517,"George Pickens"
"2260",2023100806,2887,8.09986627237661,20.0766379603564,19.4210370399099,24,54517,"George Pickens"
"2261",2023100806,3198,15.50827714052,46.4833341008503,46.4833341008503,27,54517,"George Pickens"
"2262",2023100806,3254,13.0533698359956,18.3603188704179,18.3603188704179,20,54517,"George Pickens"
"2263",2023100806,3356,12.4864708165524,24.0698481722741,24.0698481722741,22,54517,"George Pickens"
"2264",2023100806,3379,17.7925243142201,22.1916936233932,18.6036992950039,20,54517,"George Pickens"
"2265",2023100806,3672,11.6212281564786,19.7723871677067,19.7723871677067,25,54517,"George Pickens"
"2266",2023100806,3707,17.2393052172921,26.7765956662342,25.9036733766801,24,54517,"George Pickens"
"2267",2023100806,3732,11.422462937835,19.6405704868258,19.6405704868258,22,54517,"George Pickens"
"2268",2023100806,3755,15.7174312750089,44.4593288411869,44.4593288411869,28,54517,"George Pickens"
"2269",2023100806,3780,11.2138787623728,19.1980288546661,19.1980288546661,26,54517,"George Pickens"
"2270",2023100806,3844,15.6120296016211,31.4055440120834,30.9175545420323,21,54517,"George Pickens"
"2271",2023102206,55,9.91715101236091,18.194994944622,14.7399891815114,27,54517,"George Pickens"
"2272",2023102206,105,9.05653496043239,11.5994657809921,11.3332473069069,31,54517,"George Pickens"
"2273",2023102206,401,13.3935399776965,32.7025223437835,32.7025223437835,21,54517,"George Pickens"
"2274",2023102206,746,9.96574061893246,39.7059696172637,33.4948488364078,33,54517,"George Pickens"
"2275",2023102206,853,13.9778944954447,21.7757867919654,10.4820501082592,31,54517,"George Pickens"
"2276",2023102206,1235,-1.03536364160265,12.9904130163849,12.9904130163849,34,54517,"George Pickens"
"2277",2023102206,1606,9.94312331466143,23.2184660473577,23.2184660473577,25,54517,"George Pickens"
"2278",2023102206,1658,13.5651425982322,25.4885552983147,25.4885552983147,29,54517,"George Pickens"
"2279",2023102206,2097,11.5609155461906,17.3806245370913,17.3806245370913,19,54517,"George Pickens"
"2280",2023102206,2525,1.81295773417752,8.10029754422689,8.10029754422689,20,54517,"George Pickens"
"2281",2023102206,2583,26.3432333975145,71.6800438395419,71.6800438395419,25,54517,"George Pickens"
"2282",2023102206,2971,9.68142115145608,27.2036153089805,27.0961138466041,33,54517,"George Pickens"
"2283",2023102206,2996,15.1424028519467,37.5279809121538,31.3391003298562,38,54517,"George Pickens"
"2284",2023102206,3041,17.9355973190187,39.1267284950792,39.1267284950792,36,54517,"George Pickens"
"2285",2023102206,3239,1.79668349706199,11.3204772757778,11.3204772757778,20,54517,"George Pickens"
"2286",2023102206,3348,7.33037982052822,23.4603415678156,23.4603415678156,24,54517,"George Pickens"
"2287",2023102206,3422,7.80512312570112,23.1392614330475,23.1392614330475,25,54517,"George Pickens"
"2288",2023102206,3476,10.3857643197435,28.4075272489056,25.5110499114949,26,54517,"George Pickens"
"2289",2023102206,3777,17.8162740970642,28.3318823004871,28.3318823004871,26,54517,"George Pickens"
"2290",2023102206,3894,20.0629413959562,24.3582025381856,23.3140586304686,22,54517,"George Pickens"
"2291",2023102906,56,10.1342002088205,20.2350217092072,20.2350217092072,24,54517,"George Pickens"
"2292",2023102906,428,9.91729416963928,14.4558610565753,11.5892312248054,28,54517,"George Pickens"
"2293",2023102906,674,1.88977343804005,5.37250886206409,5.37250886206409,19,54517,"George Pickens"
"2294",2023102906,721,16.5274942233642,134.336670305547,134.336670305547,30,54517,"George Pickens"
"2295",2023102906,1041,7.43507510440889,14.9588490575614,14.9588490575614,21,54517,"George Pickens"
"2296",2023102906,1066,18.695708084467,27.6408357843927,27.2234350488477,23,54517,"George Pickens"
"2297",2023102906,1308,9.70914495859878,23.589618379913,23.589618379913,22,54517,"George Pickens"
"2298",2023102906,1463,20.1372006421749,31.4052637500079,29.2629807123182,27,54517,"George Pickens"
"2299",2023102906,1493,9.88063453894978,12.6801641093732,12.6801641093732,21,54517,"George Pickens"
"2300",2023102906,1572,12.6443170752207,15.1781390379766,11.4094621384191,29,54517,"George Pickens"
"2301",2023102906,1980,13.2829381589132,17.7004304469634,17.4725573193929,21,54517,"George Pickens"
"2302",2023102906,2147,54.2632040965221,87.0630588050463,58.1516787936239,59,54517,"George Pickens"
"2303",2023102906,2577,20.7282503068232,59.079536546249,59.079536546249,28,54517,"George Pickens"
"2304",2023102906,2804,15.9665179473444,55.945012260858,55.945012260858,32,54517,"George Pickens"
"2305",2023102906,2860,16.7485119671966,25.707411816189,25.4365560663834,22,54517,"George Pickens"
"2306",2023102906,3036,4.83803729616266,26.8589723956343,26.8589723956343,19,54517,"George Pickens"
"2307",2023102906,3073,8.42509087586983,19.853899545504,18.9135671195135,23,54517,"George Pickens"
"2308",2023102906,3148,82.2465052988667,216.239442842696,30.2341751335069,80,54517,"George Pickens"
"2309",2023102906,3220,3.46425096885767,15.5547703425694,15.5547703425694,17,54517,"George Pickens"
"2310",2023102906,3655,11.7059623672649,21.9196625011835,21.9196625011835,33,54517,"George Pickens"
"2311",2023102906,3928,8.67476263965615,17.6936523892152,17.6936523892152,21,54517,"George Pickens"
"2312",2023102906,3953,17.2616028903357,23.4594517694844,17.0424060808677,29,54517,"George Pickens"
"2313",2023102906,3978,16.9523930916204,27.5205625586523,27.5205625586523,19,54517,"George Pickens"
"2314",2023102906,4003,18.1215052788067,22.3405992654444,17.7851575170474,25,54517,"George Pickens"
"2315",2023102906,4055,16.679601233263,21.9584189050351,21.0788955468488,20,54517,"George Pickens"
"2316",2023102906,4133,46.0651229850994,65.9535837345156,27.4081410427012,42,54517,"George Pickens"
"2317",2023102906,4320,4.2156070452539,18.5680386079109,18.5680386079109,23,54517,"George Pickens"
"2318",2023102906,4381,20.7222184303448,33.7917833234628,33.2658572120541,22,54517,"George Pickens"
"2319",2023102906,4406,46.9611883875518,61.2872228947297,42.9270581622033,39,54517,"George Pickens"
"2320",2023102906,4436,48.9826589458503,62.6812999939459,29.9229542699441,33,54517,"George Pickens"
"2321",2023102906,4461,35.4433518705955,56.9477355268499,56.9477355268499,31,54517,"George Pickens"
"2322",2023110200,108,28.2745192820853,62.2323703102082,55.2132192897331,31,54517,"George Pickens"
"2323",2023110200,180,4.83756086397056,6.91830527332928,6.37786628725164,19,54517,"George Pickens"
"2324",2023110200,262,8.62354022860682,14.1317640311813,13.6100733162637,26,54517,"George Pickens"
"2325",2023110200,285,40.4482755774886,88.5521458512605,44.6034356056597,58,54517,"George Pickens"
"2326",2023110200,315,9.20540277126131,18.8292918310743,16.9174954352614,32,54517,"George Pickens"
"2327",2023110200,932,17.5182217810355,30.0070002047202,30.0070002047202,31,54517,"George Pickens"
"2328",2023110200,1258,12.1691045406804,17.7739352621122,17.0349314620179,20,54517,"George Pickens"
"2329",2023110200,1281,11.489421011768,16.1629622614184,11.3933517381424,27,54517,"George Pickens"
"2330",2023110200,1846,12.6741650939499,23.8174490667762,18.1923253479153,20,54517,"George Pickens"
"2331",2023110200,1902,25.745427596154,31.4713127722927,25.02113583949,28,54517,"George Pickens"
"2332",2023110200,2403,7.90391133781863,13.3602143800333,10.239423301147,23,54517,"George Pickens"
"2333",2023110200,2433,11.5695623000249,36.2473152904067,36.2473152904067,39,54517,"George Pickens"
"2334",2023110200,2546,9.14599287189581,17.8266993547551,17.8266993547551,25,54517,"George Pickens"
"2335",2023110200,2571,9.90428246447029,16.8972638923273,16.8972638923273,30,54517,"George Pickens"
"2336",2023110200,2677,10.2114218131775,20.4573364207858,19.3196889269629,22,54517,"George Pickens"
"2337",2023110200,3030,4.3617739027881,11.8614706345861,11.7626429097892,25,54517,"George Pickens"
"2338",2023110200,3097,11.6799461315088,23.5092188800509,23.5092188800509,22,54517,"George Pickens"
"2339",2023110200,3509,9.7325123125064,19.943946241151,19.943946241151,21,54517,"George Pickens"
"2340",2023110200,3554,4.52006245190876,10.3962859190009,10.3962859190009,23,54517,"George Pickens"
"2341",2023110200,3727,7.51486401175897,11.2064946918285,10.8143158668587,24,54517,"George Pickens"
"2342",2023111205,79,7.33583428359331,15.4444209673305,6.84108819589774,25,54517,"George Pickens"
"2343",2023111205,109,8.64075747319644,17.2460499010705,16.721425427325,22,54517,"George Pickens"
"2344",2023111205,639,13.8764222474129,41.1863909446356,41.1863909446356,30,54517,"George Pickens"
"2345",2023111205,735,11.5809506002806,46.9779672787364,46.9779672787364,43,54517,"George Pickens"
"2346",2023111205,889,5.79073739632774,10.618696709143,10.618696709143,17,54517,"George Pickens"
"2347",2023111205,1330,30.1550757101121,53.5314378243389,53.1392999480516,32,54517,"George Pickens"
"2348",2023111205,1780,13.0643242970822,71.6581491851647,71.6581491851647,39,54517,"George Pickens"
"2349",2023111205,1928,7.65196034348533,25.0527654707224,25.0527654707224,24,54517,"George Pickens"
"2350",2023111205,1953,10.9468773081648,22.4192458486617,10.408965852795,28,54517,"George Pickens"
"2351",2023111205,1983,13.0599808314065,19.874274753764,16.7097038143551,32,54517,"George Pickens"
"2352",2023111205,2037,4.88873490725507,8.97223550665995,8.97223550665995,23,54517,"George Pickens"
"2353",2023111205,2547,13.0862459464254,27.1076209508352,20.727804364006,37,54517,"George Pickens"
"2354",2023111205,2570,12.4274934967277,36.7970608511865,24.7276090728231,35,54517,"George Pickens"
"2355",2023111205,2863,10.517975653413,26.2336171341298,26.2336171341298,24,54517,"George Pickens"
"2356",2023111205,2937,8.63502219326938,20.5951985234382,20.5951985234382,23,54517,"George Pickens"
"2357",2023111205,3233,18.4036036165407,81.9687447047927,81.8941817349196,28,54517,"George Pickens"
"2358",2023111205,3256,9.82472437913406,19.6536285126806,19.6536285126806,25,54517,"George Pickens"
"2359",2023111205,3646,3.79759195867077,6.05474711820534,5.76903966371002,19,54517,"George Pickens"
"2360",2023111901,338,-6.49624892027886,3.44262076225211,3.44262076225211,22,54517,"George Pickens"
"2361",2023111901,677,2.69156395892341,4.7331282525033,4.5532682120031,18,54517,"George Pickens"
"2362",2023111901,746,22.7020776886807,40.6237389828151,40.6237389828151,14,54517,"George Pickens"
"2363",2023111901,771,21.9569556179346,58.7851860658947,56.8686977170031,31,54517,"George Pickens"
"2364",2023111901,1042,14.3441459808381,31.1828116695832,25.6606993645204,27,54517,"George Pickens"
"2365",2023111901,1139,9.11055852401272,16.943427119972,15.9900642064338,19,54517,"George Pickens"
"2366",2023111901,2413,8.8099339253364,17.2963671689542,17.2963671689542,20,54517,"George Pickens"
"2367",2023111901,2648,23.4983149929171,42.2095703934024,36.0809848052173,28,54517,"George Pickens"
"2368",2023111901,3038,27.1313745287666,50.1981396749145,49.8442562943979,27,54517,"George Pickens"
"2369",2023111901,3289,9.52068233475444,24.5280876703715,24.5280876703715,19,54517,"George Pickens"
"2370",2023111901,3314,6.27820314063766,12.2103206811511,12.2103206811511,23,54517,"George Pickens"
"2371",2023111901,3648,22.0905824048485,58.9896689740678,19.2821584816613,34,54517,"George Pickens"
"2372",2023111901,3940,6.80056964661705,15.0350661610405,15.0350661610405,23,54517,"George Pickens"
"2373",2023111901,3963,15.9064033736292,28.0918703550245,15.4858173648398,35,54517,"George Pickens"
"2374",2023111901,3986,17.2539618565879,26.4442483434541,26.4442483434541,25,54517,"George Pickens"
"2375",2023111901,4321,47.4436669090383,67.3831964839898,23.4981612386026,28,54517,"George Pickens"
"2376",2023112601,55,7.80956066861689,18.3577798010135,18.3577798010135,27,54517,"George Pickens"
"2377",2023112601,280,6.48042056592747,13.5291627308524,10.5923711812841,27,54517,"George Pickens"
"2378",2023112601,346,4.59193238256493,9.09862652598541,9.0978400860693,18,54517,"George Pickens"
"2379",2023112601,413,19.0138222288064,27.8342301985014,15.2253316113002,25,54517,"George Pickens"
"2380",2023112601,516,5.57365247550033,16.9586851230295,16.9586851230295,28,54517,"George Pickens"
"2381",2023112601,857,7.41248299614989,13.8637508159514,13.8637508159514,28,54517,"George Pickens"
"2382",2023112601,904,12.1742433224341,34.2198771945205,34.2198771945205,31,54517,"George Pickens"
"2383",2023112601,1149,8.28031218746746,17.6752169992834,16.7344478261832,25,54517,"George Pickens"
"2384",2023112601,1218,10.9700753186917,12.2249852390667,11.9242753851436,22,54517,"George Pickens"
"2385",2023112601,1364,8.72110888155894,18.0221187920545,17.9256606766793,25,54517,"George Pickens"
"2386",2023112601,1679,0.0851967849316495,8.18295221094294,8.11492289681184,22,54517,"George Pickens"
"2387",2023112601,1709,15.1574562062024,23.8387190834735,23.8387190834735,31,54517,"George Pickens"
"2388",2023112601,1734,25.3362225440878,66.3435490671919,66.3435490671919,25,54517,"George Pickens"
"2389",2023112601,1833,14.8108079185637,21.1790197157612,21.1790197157612,26,54517,"George Pickens"
"2390",2023112601,2286,15.1338099339731,45.5831114687782,45.5831114687782,24,54517,"George Pickens"
"2391",2023112601,2309,9.0293938439831,16.2003549809478,15.962136784962,25,54517,"George Pickens"
"2392",2023112601,2378,9.7444550917085,20.6097331288829,20.6097331288829,22,54517,"George Pickens"
"2393",2023112601,2403,10.749846863475,30.909244780023,30.909244780023,42,54517,"George Pickens"
"2394",2023112601,2475,7.74975632231255,14.724208214464,14.724208214464,24,54517,"George Pickens"
"2395",2023112601,2883,6.974999984084,23.0553595738839,23.0553595738839,25,54517,"George Pickens"
"2396",2023112601,2999,12.0523398154979,20.5374294257798,20.5374294257798,23,54517,"George Pickens"
"2397",2023112601,3029,13.2192594801286,22.0325492337866,22.0325492337866,25,54517,"George Pickens"
"2398",2023112601,3103,12.1851148195286,21.3487514064635,18.5436963751318,29,54517,"George Pickens"
"2399",2023112601,3326,5.71916225230225,10.8954402939469,10.8954402939469,24,54517,"George Pickens"
"2400",2023112601,3402,24.2103560285893,31.3418726595064,31.2523479088808,20,54517,"George Pickens"
"2401",2023120303,75,6.3590392056496,11.6471307455925,9.70751288486525,21,54517,"George Pickens"
"2402",2023120303,122,30.6560054447054,97.5827939007881,97.5827939007881,37,54517,"George Pickens"
"2403",2023120303,176,10.3234502557952,17.1523812147313,10.9463851020209,44,54517,"George Pickens"
"2404",2023120303,771,2.51465856807097,8.18574202854688,7.74752885503857,20,54517,"George Pickens"
"2405",2023120303,801,57.5325934473865,165.863620585884,165.863620585884,53,54517,"George Pickens"
"2406",2023120303,1378,10.0482099846038,17.2484638632727,16.7260701196292,19,54517,"George Pickens"
"2407",2023120303,1472,22.5469517514696,36.1435718437687,31.0210462759668,26,54517,"George Pickens"
"2408",2023120303,2362,-2.54319672629928,12.9060252476935,12.9060252476935,25,54517,"George Pickens"
"2409",2023120303,2471,13.2287160504886,17.2898561069505,15.2495815433823,21,54517,"George Pickens"
"2410",2023120303,2803,9.19317474206807,14.1415375399432,14.0746608141008,24,54517,"George Pickens"
"2411",2023120303,2850,15.9188291146498,46.9120328999139,46.9120328999139,37,54517,"George Pickens"
"2412",2023120303,2919,27.6280177260619,97.5305700439387,97.5305700439387,32,54517,"George Pickens"
"2413",2023120303,2971,27.8662584396879,63.5367421530333,63.5367421530333,42,54517,"George Pickens"
"2414",2023120303,2994,11.4189170315849,16.2978368658636,11.8467178512366,24,54517,"George Pickens"
"2415",2023120303,3627,10.6834722843478,54.0591697246639,54.0591697246639,28,54517,"George Pickens"
"2416",2023120303,3652,17.1959111034188,32.0756557930363,30.8031841983426,32,54517,"George Pickens"
"2417",2023120303,3699,20.7219820225144,43.1397161475877,43.1397161475877,30,54517,"George Pickens"
"2418",2023120303,3747,16.3798073838686,27.979143386303,27.979143386303,25,54517,"George Pickens"
"2419",2023120303,3873,6.73634918329746,9.31985156008839,9.29043118768259,23,54517,"George Pickens"
"2420",2023120700,416,2.18482670641275,14.7355415218105,8.41905546890128,24,54517,"George Pickens"
"2421",2023120700,674,3.53230718043908,10.3090962103621,9.83049310204747,20,54517,"George Pickens"
"2422",2023120700,943,24.7795609798468,85.4894268874877,85.4894268874877,33,54517,"George Pickens"
"2423",2023120700,1180,11.4500687156688,18.045776324129,17.9718122877596,22,54517,"George Pickens"
"2424",2023120700,1205,10.1762229485048,17.8728278085509,17.8728278085509,27,54517,"George Pickens"
"2425",2023120700,1412,3.58099444327084,11.1883838581772,11.1883838581772,26,54517,"George Pickens"
"2426",2023120700,1637,30.2352476161252,89.5757512358865,89.5757512358865,32,54517,"George Pickens"
"2427",2023120700,1789,16.4339716826524,26.1124839865211,15.0238586102296,23,54517,"George Pickens"
"2428",2023120700,2217,15.781336062597,74.2839774118216,74.2839774118216,36,54517,"George Pickens"
"2429",2023120700,2264,18.6593558821365,22.4254714366106,22.4254714366106,20,54517,"George Pickens"
"2430",2023120700,2333,27.9231237020152,76.4298308277265,75.3271691846524,30,54517,"George Pickens"
"2431",2023120700,2432,17.2259109696082,21.0223617247534,18.6440224340098,21,54517,"George Pickens"
"2432",2023120700,2655,2.19872579193387,7.53842358910286,6.1703606416272,21,54517,"George Pickens"
"2433",2023120700,2709,13.905453791692,28.7589192235732,28.7589192235732,31,54517,"George Pickens"
"2434",2023120700,2934,23.7788697699178,37.4814131190538,37.4814131190538,30,54517,"George Pickens"
"2435",2023120700,3076,6.99816306873488,21.3951241007202,21.3951241007202,28,54517,"George Pickens"
"2436",2023120700,3370,1.02304966014779,8.9411732340468,8.9411732340468,23,54517,"George Pickens"
"2437",2023120700,3425,19.1236978667974,53.2490963397204,53.2490963397204,29,54517,"George Pickens"
"2438",2023120700,3479,5.05836967655106,14.8569593616797,14.2547771887204,23,54517,"George Pickens"
"2439",2023120700,3529,45.617568680343,143.411089974896,143.411089974896,44,54517,"George Pickens"
"2440",2023120700,3693,21.6503073780548,71.103218042073,69.8336609002643,35,54517,"George Pickens"
"2441",2023120700,3716,22.6610799660182,73.3421997011175,73.3421997011175,41,54517,"George Pickens"
"2442",2023120700,3741,5.7524196845579,13.9106520742855,11.7767890629565,29,54517,"George Pickens"
"2443",2023120700,3764,8.95168323406379,19.7023101453397,19.6616956666014,17,54517,"George Pickens"
"2444",2023120700,3794,4.70839678604142,10.2910146963231,10.2910146963231,25,54517,"George Pickens"
"2445",2023120700,3817,20.0224891082436,27.7292601160756,26.2440448686446,24,54517,"George Pickens"
"2446",2023120700,4016,44.7932324518768,153.152228077291,153.152228077291,33,54517,"George Pickens"
"2447",2023120700,4046,30.5771725297614,46.6470801279888,41.5973154767391,25,54517,"George Pickens"
"2448",2023121601,400,6.7107796414885,13.0588821114466,13.0588821114466,23,54517,"George Pickens"
"2449",2023121601,454,10.2010790432895,24.1838778571847,24.1838778571847,19,54517,"George Pickens"
"2450",2023121601,524,14.0008281869591,42.9699769658918,42.9699769658918,32,54517,"George Pickens"
"2451",2023121601,571,15.8142333801,28.0263693901032,26.1148691436338,24,54517,"George Pickens"
"2452",2023121601,969,7.70968700399847,10.5437799750244,9.58999225430216,19,54517,"George Pickens"
"2453",2023121601,1378,38.5622791014059,104.782118251707,104.782118251707,40,54517,"George Pickens"
"2454",2023121601,1884,21.3904898821894,70.3172991430884,62.0925585010549,33,54517,"George Pickens"
"2455",2023121601,1954,20.1806435774369,51.7372660446728,48.8023831706496,26,54517,"George Pickens"
"2456",2023121601,1979,20.7531093070283,37.1503191637166,22.0482027821476,25,54517,"George Pickens"
"2457",2023121601,2181,23.3381482905471,36.0896936630253,30.7845734882212,29,54517,"George Pickens"
"2458",2023121601,2204,38.0145714411089,87.3987639340119,86.3951438348411,27,54517,"George Pickens"
"2459",2023121601,2227,36.6228054184631,52.5381887341333,50.8358597548502,27,54517,"George Pickens"
"2460",2023121601,2585,5.84348357432503,16.7038516882718,16.7038516882718,22,54517,"George Pickens"
"2461",2023121601,2940,30.2577654386546,69.0033628097222,24.4802639306912,47,54517,"George Pickens"
"2462",2023121601,2987,15.879173710246,46.0928623533708,29.9917886305447,31,54517,"George Pickens"
"2463",2023121601,3537,26.7024876667592,62.8967175637332,42.2576591204582,29,54517,"George Pickens"
"2464",2023121601,3562,15.573744910807,37.8148348217524,37.8148348217524,26,54517,"George Pickens"
"2465",2023121601,3650,37.0476512162859,54.469545837179,34.1750818327971,32,54517,"George Pickens"
"2466",2023121601,3680,21.0094214201063,24.7774423555404,23.0699721018086,24,54517,"George Pickens"
"2467",2023121601,3710,15.064060490731,26.7843484175282,26.7843484175282,23,54517,"George Pickens"
"2468",2023121601,3907,18.4922680815094,26.2842126738855,21.166779061464,22,54517,"George Pickens"
"2469",2023122300,254,4.97992604627876,11.5631534328724,11.5631534328724,20,54517,"George Pickens"
"2470",2023122300,601,6.79934283371322,17.5172405269267,17.5172405269267,21,54517,"George Pickens"
"2471",2023122300,670,11.4868042105515,44.7494704426665,44.7494704426665,30,54517,"George Pickens"
"2472",2023122300,717,15.9460980022428,54.1408354660715,54.1408354660715,25,54517,"George Pickens"
"2473",2023122300,1090,4.57678675990825,9.97650466231323,9.97650466231323,22,54517,"George Pickens"
"2474",2023122300,1257,4.44088691483677,14.5477875710119,14.5477875710119,23,54517,"George Pickens"
"2475",2023122300,1616,2.93952325453309,7.95066265140403,6.42374502951984,20,54517,"George Pickens"
"2476",2023122300,1703,16.28179103641,30.4846171552232,30.4846171552232,24,54517,"George Pickens"
"2477",2023122300,1726,20.1143328152761,31.4351795837012,31.4351795837012,24,54517,"George Pickens"
"2478",2023122300,1790,15.1902278173085,38.341974546362,33.4422126270486,29,54517,"George Pickens"
"2479",2023122300,1813,18.243626621751,66.5233892430759,66.5233892430759,27,54517,"George Pickens"
"2480",2023122300,1838,36.2039238941035,97.1291644705646,91.6227305130365,41,54517,"George Pickens"
"2481",2023122300,1919,44.880698647444,88.9653606833072,84.2037729387897,33,54517,"George Pickens"
"2482",2023122300,1949,25.1611926836897,31.899125131653,29.350289924737,24,54517,"George Pickens"
"2483",2023122300,1972,22.5063324305633,33.5666506636999,23.5858150253401,19,54517,"George Pickens"
"2484",2023122300,2143,-0.30991139534018,1.2236188578139,0.491961557005431,20,54517,"George Pickens"
"2485",2023122300,2195,6.57422506065223,12.8809674490867,4.31630652026992,43,54517,"George Pickens"
"2486",2023122300,2300,2.2001394614493,6.32387575892675,5.39726217049915,32,54517,"George Pickens"
"2487",2023122300,2352,7.06372919401946,22.8511235947394,22.8511235947394,20,54517,"George Pickens"
"2488",2023122300,2682,35.8833286902937,54.9530090618487,54.9530090618487,22,54517,"George Pickens"
"2489",2023122300,3297,14.1125699294683,22.0909419811746,19.6787265147043,28,54517,"George Pickens"
"2490",2023122300,3635,25.4770665077455,43.8823362109014,42.1101471734822,22,54517,"George Pickens"
"2491",2023123111,99,25.1663573518996,67.2977321639399,67.2977321639399,37,54517,"George Pickens"
"2492",2023123111,156,8.80988512977527,19.9749191718656,18.2431514444155,22,54517,"George Pickens"
"2493",2023123111,204,12.0371514650518,17.4826912601627,11.9454879613907,59,54517,"George Pickens"
"2494",2023123111,239,27.0295460547709,39.6107208772784,39.6107208772784,24,54517,"George Pickens"
"2495",2023123111,364,27.4092720213857,90.9699558157401,68.5377009536285,33,54517,"George Pickens"
"2496",2023123111,679,11.4785656466333,17.997312724207,15.8208761370898,24,54517,"George Pickens"
"2497",2023123111,1518,9.4467056835388,15.0253011357402,11.3233111820168,20,54517,"George Pickens"
"2498",2023123111,1668,11.8529071465806,20.6908976597775,18.0751203844769,20,54517,"George Pickens"
"2499",2023123111,1909,11.3515331370089,18.1026243933831,18.1026243933831,21,54517,"George Pickens"
"2500",2023123111,1934,40.7997978553023,102.556097171609,99.4902247410392,28,54517,"George Pickens"
"2501",2023123111,2307,15.0706812658675,31.5365220832035,31.5365220832035,21,54517,"George Pickens"
"2502",2023123111,2403,39.5329761966278,141.878849559213,141.878849559213,36,54517,"George Pickens"
"2503",2023123111,2701,23.6568014506502,45.4027258420658,28.9282018091254,30,54517,"George Pickens"
"2504",2023123111,3055,20.689448229759,90.9199773848173,90.9199773848173,31,54517,"George Pickens"
"2505",2023123111,3134,20.7690204165673,84.4168862659492,83.3902774266715,30,54517,"George Pickens"
"2506",2023123111,3841,12.1718903642416,16.6876032470011,15.4356043097844,19,54517,"George Pickens"
"2507",2024010600,77,9.18053042123168,22.5719426024372,22.5719426024372,22,54517,"George Pickens"
"2508",2024010600,106,10.739256191502,14.7569127083921,13.9134614774638,26,54517,"George Pickens"
"2509",2024010600,178,15.3700812739296,24.2446154151685,24.2446154151685,28,54517,"George Pickens"
"2510",2024010600,495,12.1999402650664,43.0045936939215,43.0045936939215,32,54517,"George Pickens"
"2511",2024010600,783,25.4276926792975,66.3135186484035,15.0001208929189,40,54517,"George Pickens"
"2512",2024010600,808,5.73028132345007,9.08150529502241,9.08150529502241,24,54517,"George Pickens"
"2513",2024010600,1089,10.6923513407826,19.3602927469263,19.3602927469263,32,54517,"George Pickens"
"2514",2024010600,1371,7.95364511045676,14.2509020571233,14.2509020571233,27,54517,"George Pickens"
"2515",2024010600,1679,11.183900455135,18.7585435174002,18.7585435174002,22,54517,"George Pickens"
"2516",2024010600,1709,19.3368500630424,62.2250979995793,53.9466418859428,29,54517,"George Pickens"
"2517",2024010600,1810,16.5015218727062,23.8322412044466,16.8179293474069,28,54517,"George Pickens"
"2518",2024010600,2756,12.9355567939932,25.6332765664512,25.5240396647217,28,54517,"George Pickens"
"2519",2024010600,3120,14.0081019241823,40.7309223902456,40.7309223902456,29,54517,"George Pickens"
"2520",2023091009,103,9.03299775008109,13.9378879231118,13.9378879231118,12,41282,"Davantae Adams"
"2521",2023091009,306,15.4252942444215,27.0476373891382,24.238252966526,18,41282,"Davantae Adams"
"2522",2023091009,861,-3.20907965645171,-2.56324979178119,-2.56324979178119,22,41282,"Davantae Adams"
"2523",2023091009,953,10.7187550309249,31.054089253618,31.054089253618,34,41282,"Davantae Adams"
"2524",2023091009,987,-0.414089212104777,2.97368416778436,2.97368416778436,20,41282,"Davantae Adams"
"2525",2023091009,1017,12.0314429414331,40.077533427745,34.4008803845245,32,41282,"Davantae Adams"
"2526",2023091009,1097,14.489085196796,23.1270091394277,15.2640823357723,43,41282,"Davantae Adams"
"2527",2023091009,1507,8.51022434210293,16.3088631710893,8.38267892290604,19,41282,"Davantae Adams"
"2528",2023091009,1561,-0.834621039688177,0.563019844712684,0.563019844712684,18,41282,"Davantae Adams"
"2529",2023091009,1621,10.8897110218608,24.8260471266666,24.8260471266666,18,41282,"Davantae Adams"
"2530",2023091009,2430,4.35468067716657,49.8056118101903,49.8056118101903,43,41282,"Davantae Adams"
"2531",2023091009,2499,20.4950365102999,34.274942488505,34.274942488505,28,41282,"Davantae Adams"
"2532",2023091009,2546,24.4282431206945,67.3053069731083,23.6862413999281,38,41282,"Davantae Adams"
"2533",2023091009,2609,48.1525709639268,105.225466738153,105.225466738153,34,41282,"Davantae Adams"
"2534",2023091009,2634,12.1210493779911,17.2885280264559,14.2956780438568,25,41282,"Davantae Adams"
"2535",2023091009,2826,16.5417831270421,25.3560455515887,16.1882600976238,36,41282,"Davantae Adams"
"2536",2023091009,2849,14.8917053098874,21.8832667466268,21.8832667466268,52,41282,"Davantae Adams"
"2537",2023091009,3361,13.2558195223913,42.5862125739614,42.5862125739614,38,41282,"Davantae Adams"
"2538",2023091009,3386,16.4504960767327,38.2791688440702,38.2791688440702,35,41282,"Davantae Adams"
"2539",2023091009,3418,10.2319064727528,16.8358976024749,14.4084666949344,28,41282,"Davantae Adams"
"2540",2023091009,3454,5.2457823057102,15.2649711602565,15.2649711602565,22,41282,"Davantae Adams"
"2541",2023091009,3501,17.867997616913,22.8194640765006,21.5025203928387,21,41282,"Davantae Adams"
"2542",2023091009,3754,12.8243567399322,24.1502480660558,24.0274439319498,26,41282,"Davantae Adams"
"2543",2023091701,102,5.34347354376281,13.9720377364354,13.9720377364354,24,41282,"Davantae Adams"
"2544",2023091701,339,22.8680953757555,68.5150961460622,59.4656929233413,35,41282,"Davantae Adams"
"2545",2023091701,637,35.0188914985899,103.627256709527,74.3437542713977,35,41282,"Davantae Adams"
"2546",2023091701,662,1.66354463408633,13.447319687728,13.447319687728,18,41282,"Davantae Adams"
"2547",2023091701,1105,1.7998278858081,20.8181567143363,20.8181567143363,28,41282,"Davantae Adams"
"2548",2023091701,1169,19.3883081000506,65.0023026963001,65.0023026963001,36,41282,"Davantae Adams"
"2549",2023091701,1194,33.638604207039,108.875735506439,106.80972730574,33,41282,"Davantae Adams"
"2550",2023091701,1243,7.4460302049602,23.3655562796365,23.3655562796365,43,41282,"Davantae Adams"
"2551",2023091701,1317,52.1380617603258,281.544646015097,281.544646015097,47,41282,"Davantae Adams"
"2552",2023091701,1573,2.8671319546254,10.3317911184186,10.2242554777593,19,41282,"Davantae Adams"
"2553",2023091701,2018,43.0552232694901,84.6333580727363,39.1548305358435,39,41282,"Davantae Adams"
"2554",2023091701,2055,45.0290992122587,73.3771410614387,53.0343209443538,43,41282,"Davantae Adams"
"2555",2023091701,2566,5.72452174942227,13.605152425707,13.605152425707,18,41282,"Davantae Adams"
"2556",2023091701,2591,12.8004840817593,19.9955510563125,17.7669700574742,28,41282,"Davantae Adams"
"2557",2023091701,2616,15.3295084422318,30.5181873369358,25.3912813412074,50,41282,"Davantae Adams"
"2558",2023091701,2953,-1.69269440441386,5.9003141418959,3.96126421310856,24,41282,"Davantae Adams"
"2559",2023091701,3000,21.6816624378172,46.1520075962053,12.5939533099323,38,41282,"Davantae Adams"
"2560",2023091701,3025,8.330722969594,16.8842697300019,16.7785084188344,21,41282,"Davantae Adams"
"2561",2023091701,3521,30.0151413093814,55.7528410350467,51.7150298221241,34,41282,"Davantae Adams"
"2562",2023092412,148,2.32684705603403,9.44638938182891,7.98930011511039,19,41282,"Davantae Adams"
"2563",2023092412,195,9.57146039114624,19.4048075324077,18.7318375512163,25,41282,"Davantae Adams"
"2564",2023092412,356,23.4165368028057,37.9812057649581,32.918416458055,23,41282,"Davantae Adams"
"2565",2023092412,410,17.0283514960154,60.6144008557458,57.3582245171636,31,41282,"Davantae Adams"
"2566",2023092412,545,29.8393657062053,38.8643843255081,23.6403256531399,27,41282,"Davantae Adams"
"2567",2023092412,592,36.6919383296577,129.555512055609,129.555512055609,30,41282,"Davantae Adams"
"2568",2023092412,792,21.5773959976661,32.4292742506413,31.055615222667,32,41282,"Davantae Adams"
"2569",2023092412,817,7.76109448922448,14.1033572117849,14.1033572117849,27,41282,"Davantae Adams"
"2570",2023092412,1052,8.6406554733556,14.216471246707,14.216471246707,19,41282,"Davantae Adams"
"2571",2023092412,1097,6.70209489729171,12.5927616266881,12.5927616266881,23,41282,"Davantae Adams"
"2572",2023092412,1175,25.9065589617171,70.4052963862848,69.74021912572,42,41282,"Davantae Adams"
"2573",2023092412,1200,16.9915867672478,30.1879358636021,11.6729666004403,26,41282,"Davantae Adams"
"2574",2023092412,1234,17.7599770204746,33.1635446502264,8.11530718001796,29,41282,"Davantae Adams"
"2575",2023092412,1512,17.2037095785637,37.7757092975152,37.7757092975152,31,41282,"Davantae Adams"
"2576",2023092412,1559,18.9730177805212,45.8246396902643,45.6344314611525,29,41282,"Davantae Adams"
"2577",2023092412,1979,24.1861435996409,39.3089642524434,20.76072024492,24,41282,"Davantae Adams"
"2578",2023092412,2008,21.399023726091,44.2573933718988,33.6424046114178,45,41282,"Davantae Adams"
"2579",2023092412,2164,0.653380116280053,6.8141692502826,6.8141692502826,21,41282,"Davantae Adams"
"2580",2023092412,2187,28.1705459674373,60.172305341967,40.1842522806288,37,41282,"Davantae Adams"
"2581",2023092412,2210,15.5454809812521,26.3375278488537,20.9092480981385,32,41282,"Davantae Adams"
"2582",2023092412,2528,4.98543022252044,12.9945431963434,12.9945431963434,14,41282,"Davantae Adams"
"2583",2023092412,2576,17.0628978427191,45.4872673975225,45.4872673975225,56,41282,"Davantae Adams"
"2584",2023092412,2818,15.9522869966265,53.0199675189726,53.0199675189726,34,41282,"Davantae Adams"
"2585",2023092412,2866,7.42428076540385,18.3920260535029,18.3920260535029,29,41282,"Davantae Adams"
"2586",2023092412,2901,5.60055053735323,14.5092870650322,14.5092870650322,23,41282,"Davantae Adams"
"2587",2023092412,3099,9.86488291199632,19.2122860267527,19.2122860267527,25,41282,"Davantae Adams"
"2588",2023092412,3129,20.397581757011,42.2310980300533,40.7781150880808,35,41282,"Davantae Adams"
"2589",2023092412,3255,14.0241661234135,57.0106333004618,54.9834648921728,37,41282,"Davantae Adams"
"2590",2023092412,3292,0,0,0,30,41282,"Davantae Adams"
"2591",2023092412,3317,13.592038812983,23.0590352949745,23.0590352949745,26,41282,"Davantae Adams"
"2592",2023092412,3464,0.0705997834716261,5.89889934680736,5.89889934680736,25,41282,"Davantae Adams"
"2593",2023092412,3572,11.0440038224541,17.1375489710664,14.1162615316212,21,41282,"Davantae Adams"
"2594",2023092412,3765,15.3409835076552,47.0096650766815,47.0096650766815,37,41282,"Davantae Adams"
"2595",2023092412,3790,22.7531490208075,46.9656649604192,44.6985428482826,26,41282,"Davantae Adams"
"2596",2023092412,3815,11.7410582955647,55.0890601065518,55.0890601065518,30,41282,"Davantae Adams"
"2597",2023092412,3940,12.6353617993764,24.2555348366713,24.2555348366713,34,41282,"Davantae Adams"
"2598",2023092412,3965,5.15851932805971,7.12148263011125,3.36149746986308,13,41282,"Davantae Adams"
"2599",2023100110,599,24.0976901455435,53.6142571293645,26.6850112356994,35,41282,"Davantae Adams"
"2600",2023100110,653,15.879469671495,27.7340794960563,27.4250773812572,23,41282,"Davantae Adams"
"2601",2023100110,1325,15.9705146033222,43.4013054548982,43.4013054548982,36,41282,"Davantae Adams"
"2602",2023100110,2087,6.52624297202497,12.820047386674,9.31645955868907,24,41282,"Davantae Adams"
"2603",2023100110,2148,20.1910351662906,94.7443195681848,94.7443195681848,35,41282,"Davantae Adams"
"2604",2023100110,2173,17.9588849284447,24.9106796527554,21.355826644809,23,41282,"Davantae Adams"
"2605",2023100110,2317,33.6595483654277,102.054554291974,97.9372378882086,36,41282,"Davantae Adams"
"2606",2023100110,2550,33.4785064330792,60.9760469011468,60.9760469011468,32,41282,"Davantae Adams"
"2607",2023100110,2575,19.0009620969838,33.8786516447226,18.2988713349943,28,41282,"Davantae Adams"
"2608",2023100110,2642,7.88709807474234,16.9695849421573,15.5505937323631,19,41282,"Davantae Adams"
"2609",2023100110,2747,1.42527053703882,2.19471542976152,2.11005546063146,10,41282,"Davantae Adams"
"2610",2023100110,3067,8.70476388299612,18.033492903437,15.5595927628422,23,41282,"Davantae Adams"
"2611",2023100110,3122,34.3993420438094,78.5611336507748,74.1176422097088,35,41282,"Davantae Adams"
"2612",2023100110,3150,16.3682548135102,38.7840031929955,34.0687183764165,34,41282,"Davantae Adams"
"2613",2023100110,3369,22.2855379135438,28.696051887758,12.3395849594972,39,41282,"Davantae Adams"
"2614",2023100110,3582,15.9918020313858,41.5891627148007,41.5891627148007,27,41282,"Davantae Adams"
"2615",2023100110,3607,25.455165851906,96.1695028459059,96.1695028459059,38,41282,"Davantae Adams"
"2616",2023100110,3642,13.2023629805592,21.4991184722581,21.4991184722581,27,41282,"Davantae Adams"
"2617",2023100110,3667,5.04665924347695,9.59866516301875,9.59866516301875,22,41282,"Davantae Adams"
"2618",2023100110,3690,10.488365894208,15.7554688586812,15.7554688586812,30,41282,"Davantae Adams"
"2619",2023100110,3720,5.57846033776609,16.3971976698111,16.3971976698111,23,41282,"Davantae Adams"
"2620",2023100110,3750,12.0975691894028,19.3777044161304,17.6768110852958,20,41282,"Davantae Adams"
"2621",2023100110,3803,8.5502818348736,10.680885899394,6.87611782805315,22,41282,"Davantae Adams"
"2622",2023100110,4017,30.4009439145225,77.3413118999036,59.2717958919331,32,41282,"Davantae Adams"
"2623",2023100110,4042,5.22050024626366,10.3548795940072,10.3548795940072,25,41282,"Davantae Adams"
"2624",2023100110,4088,15.1510554156135,48.9807480873718,45.4591529714733,30,41282,"Davantae Adams"
"2625",2023100110,4111,32.6249329171519,94.0495564663287,94.0495564663287,44,41282,"Davantae Adams"
"2626",2023100110,4136,4.74268013726585,6.85628813846399,3.07923748499971,22,41282,"Davantae Adams"
"2627",2023100900,295,4.25661221535133,12.3513548273975,11.4866770589187,24,41282,"Davantae Adams"
"2628",2023100900,349,-4.03542755146186,0.0234012925142175,-5.29469812484493,27,41282,"Davantae Adams"
"2629",2023100900,403,16.4593921574827,20.7859077179757,20.7859077179757,23,41282,"Davantae Adams"
"2630",2023100900,710,27.177135156255,72.236619344774,65.6516004182357,27,41282,"Davantae Adams"
"2631",2023100900,803,1.27593552255067,2.76473675180152,2.76473675180152,20,41282,"Davantae Adams"
"2632",2023100900,1207,11.9571630144646,26.2895501162848,26.2895501162848,28,41282,"Davantae Adams"
"2633",2023100900,1366,12.2240909094327,22.1061779125223,20.0706303703686,16,41282,"Davantae Adams"
"2634",2023100900,1487,16.0061821085468,18.8363162433036,13.2410041227969,21,41282,"Davantae Adams"
"2635",2023100900,1710,6.02490624223054,8.76007943868609,8.76007943868609,30,41282,"Davantae Adams"
"2636",2023100900,1740,20.7526744283254,64.330917895764,64.330917895764,47,41282,"Davantae Adams"
"2637",2023100900,1765,26.8812595737949,39.7611772193143,38.3448983509255,37,41282,"Davantae Adams"
"2638",2023100900,1797,9.07167097794311,18.8495187573054,18.8495187573054,20,41282,"Davantae Adams"
"2639",2023100900,1968,11.0067253482011,26.9137621513446,19.7413767250076,33,41282,"Davantae Adams"
"2640",2023100900,1993,12.5163239285849,22.9973799826562,22.6620434940471,36,41282,"Davantae Adams"
"2641",2023100900,2040,30.9362108976335,95.0994618238638,95.0994618238638,32,41282,"Davantae Adams"
"2642",2023100900,2305,-5.31622592899843,2.46238381545267,2.46238381545267,54,41282,"Davantae Adams"
"2643",2023100900,2328,3.31478311472551,6.39581049989213,6.39581049989213,11,41282,"Davantae Adams"
"2644",2023100900,2681,13.0386074909281,21.5019825168114,20.3150043269733,24,41282,"Davantae Adams"
"2645",2023100900,2753,16.9851559334365,27.638278418152,14.614537815138,20,41282,"Davantae Adams"
"2646",2023100900,3103,7.62910679054982,13.0173346364381,12.8875357466707,20,41282,"Davantae Adams"
"2647",2023100900,3400,14.2575312049037,20.0316538820214,15.1168864250745,29,41282,"Davantae Adams"
"2648",2023100900,3498,16.5870427177929,25.814990521099,18.6281196540625,35,41282,"Davantae Adams"
"2649",2023101509,77,10.4891069862165,43.7104773250364,43.7104773250364,34,41282,"Davantae Adams"
"2650",2023101509,104,12.6105774966697,18.0451529911615,17.9875249597998,39,41282,"Davantae Adams"
"2651",2023101509,174,27.4530913560328,97.6217202685212,97.6217202685212,25,41282,"Davantae Adams"
"2652",2023101509,380,38.2469694699476,53.5505274795102,52.1138661300084,24,41282,"Davantae Adams"
"2653",2023101509,704,8.48193448195078,22.3782482181129,22.3782482181129,22,41282,"Davantae Adams"
"2654",2023101509,729,10.44707083683,20.8040584217627,20.8040584217627,27,41282,"Davantae Adams"
"2655",2023101509,831,6.46661647865954,15.3814057030417,14.6353689820208,22,41282,"Davantae Adams"
"2656",2023101509,951,12.3503160574173,30.383364931677,30.383364931677,35,41282,"Davantae Adams"
"2657",2023101509,1005,42.3770682326731,175.170554544479,154.740891151825,38,41282,"Davantae Adams"
"2658",2023101509,1074,13.4554729244854,16.3375179946135,16.3375179946135,18,41282,"Davantae Adams"
"2659",2023101509,1099,25.8229244902466,32.8617194117307,27.8049768950963,21,41282,"Davantae Adams"
"2660",2023101509,1146,6.39986951978476,18.0717037470105,18.0717037470105,30,41282,"Davantae Adams"
"2661",2023101509,1474,16.4363048157236,43.3942700304657,36.202308292441,37,41282,"Davantae Adams"
"2662",2023101509,1826,11.4074641296303,23.4561895520963,20.3846123521645,17,41282,"Davantae Adams"
"2663",2023101509,1909,20.0282561718741,47.9292740256296,38.5248439332835,31,41282,"Davantae Adams"
"2664",2023101509,2005,29.8239793455836,46.9153159308347,40.903057568332,49,41282,"Davantae Adams"
"2665",2023101509,2028,31.3037844934936,56.748571773258,56.748571773258,41,41282,"Davantae Adams"
"2666",2023101509,2463,-4.08350078222525,-0.0521770301803851,-8.97445031501042,35,41282,"Davantae Adams"
"2667",2023101509,2512,13.2746144362909,37.4168115007309,37.4168115007309,31,41282,"Davantae Adams"
"2668",2023101509,2591,8.92332241761943,20.821395673674,20.821395673674,18,41282,"Davantae Adams"
"2669",2023101509,2672,12.5243674176659,15.4498120822794,11.1686915737771,18,41282,"Davantae Adams"
"2670",2023101509,2697,23.4963419684553,32.3804440719365,24.491398763974,25,41282,"Davantae Adams"
"2671",2023101509,2860,29.1097601024395,62.4071566363077,45.9310127150718,30,41282,"Davantae Adams"
"2672",2023101509,2980,15.5555379906987,30.3719048766099,30.3719048766099,22,41282,"Davantae Adams"
"2673",2023101509,3674,8.72191227906291,20.712876510897,11.0291374161219,22,41282,"Davantae Adams"
"2674",2023102201,173,6.07460468962361,15.536213936445,15.536213936445,17,41282,"Davantae Adams"
"2675",2023102201,225,7.18148631721279,16.9678821558068,16.9678821558068,14,41282,"Davantae Adams"
"2676",2023102201,302,5.16156828970941,11.7701646146143,11.6218537587696,18,41282,"Davantae Adams"
"2677",2023102201,755,10.1845063855398,25.3086872527637,25.3086872527637,23,41282,"Davantae Adams"
"2678",2023102201,834,13.7300113642857,24.5108675905022,20.7085340080046,28,41282,"Davantae Adams"
"2679",2023102201,894,6.29229635906201,12.574259497194,12.1300671773282,21,41282,"Davantae Adams"
"2680",2023102201,917,2.09222873881682,8.28032462260828,8.28032462260828,23,41282,"Davantae Adams"
"2681",2023102201,1303,10.1043449610406,23.0295346050943,23.0295346050943,26,41282,"Davantae Adams"
"2682",2023102201,1527,4.12375583726647,8.97011243847005,7.40396042003143,21,41282,"Davantae Adams"
"2683",2023102201,1552,7.01525656430951,14.3760799817345,8.38229018208761,22,41282,"Davantae Adams"
"2684",2023102201,1582,2.92428452776536,7.85956052470017,7.85956052470017,19,41282,"Davantae Adams"
"2685",2023102201,1634,20.5642815219435,88.8082657501706,88.8082657501706,32,41282,"Davantae Adams"
"2686",2023102201,1682,14.8862849402576,23.5956391756183,22.6034390420283,26,41282,"Davantae Adams"
"2687",2023102201,1764,22.4644080917744,93.2453010316925,93.2453010316925,28,41282,"Davantae Adams"
"2688",2023102201,1843,4.76059074038245,14.8696865580126,14.8696865580126,20,41282,"Davantae Adams"
"2689",2023102201,1873,8.35633169990135,14.4657817613348,8.29141739213045,28,41282,"Davantae Adams"
"2690",2023102201,2367,8.92563749495512,11.8474665512978,11.2956678865977,28,41282,"Davantae Adams"
"2691",2023102201,2857,18.976050583193,49.9829875835275,44.2923001621642,34,41282,"Davantae Adams"
"2692",2023102201,2880,8.89981813451678,17.4345484844301,17.4345484844301,23,41282,"Davantae Adams"
"2693",2023102201,2905,3.40508529968238,15.2244375453175,13.2511113169176,19,41282,"Davantae Adams"
"2694",2023102201,2935,3.16834854357518,7.24245804744135,7.24245804744135,27,41282,"Davantae Adams"
"2695",2023102201,2960,7.02500674947857,13.2226963479887,13.0854718778783,21,41282,"Davantae Adams"
"2696",2023102201,3005,17.5683676071847,41.1979810350506,41.1979810350506,37,41282,"Davantae Adams"
"2697",2023102201,3129,13.9474094209229,27.6361402538301,27.6361402538301,27,41282,"Davantae Adams"
"2698",2023102201,3197,14.7651593619756,25.099528751898,25.099528751898,24,41282,"Davantae Adams"
"2699",2023102201,3249,10.4280555060439,16.9362498234757,16.9362498234757,24,41282,"Davantae Adams"
"2700",2023102201,3284,28.8776247990813,44.3291331805783,37.7690740034145,19,41282,"Davantae Adams"
"2701",2023102201,3726,23.83980337603,74.8119413071074,73.7712877531574,32,41282,"Davantae Adams"
"2702",2023103000,424,27.6264168201802,51.2069071381742,45.1426018613997,41,41282,"Davantae Adams"
"2703",2023103000,465,13.5609447857426,35.4039013931858,35.4039013931858,37,41282,"Davantae Adams"
"2704",2023103000,627,8.3601438421798,14.6519157101011,14.6519157101011,28,41282,"Davantae Adams"
"2705",2023103000,829,22.0874661500739,66.5696341019907,66.5696341019907,51,41282,"Davantae Adams"
"2706",2023103000,1244,17.0861670000924,28.3139948759992,27.2996926981013,28,41282,"Davantae Adams"
"2707",2023103000,1511,9.55703026455327,23.0714878600396,23.0286410748814,23,41282,"Davantae Adams"
"2708",2023103000,2202,11.2640462921777,26.9573178209923,24.0415253570909,27,41282,"Davantae Adams"
"2709",2023103000,2249,23.4465274837441,43.2531024175982,20.11339208839,35,41282,"Davantae Adams"
"2710",2023103000,2867,3.26520999770948,19.1413411404382,19.1413411404382,23,41282,"Davantae Adams"
"2711",2023103000,3085,19.518785679992,43.0277591394599,43.0277591394599,27,41282,"Davantae Adams"
"2712",2023103000,3536,5.50779934962693,17.9495783267587,17.8879092975929,22,41282,"Davantae Adams"
"2713",2023103000,3593,19.4925031760914,51.7274447894898,34.8438977971794,52,41282,"Davantae Adams"
"2714",2023103000,3886,4.57591585077655,9.70203820509043,6.17458714858195,24,41282,"Davantae Adams"
"2715",2023103000,3927,10.1176922022839,32.406756903164,32.406756903164,33,41282,"Davantae Adams"
"2716",2023103000,3950,20.0080143384077,74.7420442834945,74.7420442834945,31,41282,"Davantae Adams"
"2717",2023103000,3993,26.0601295918797,46.3733011839542,46.3733011839542,33,41282,"Davantae Adams"
"2718",2023110509,273,15.0624139191373,21.5111040138678,11.5543036716294,20,41282,"Davantae Adams"
"2719",2023110509,583,1.26500896978089,5.63881250082186,5.63881250082186,15,41282,"Davantae Adams"
"2720",2023110509,637,16.8141332526664,20.8183804534831,14.615187053618,25,41282,"Davantae Adams"
"2721",2023110509,1008,8.43978205470227,27.3901576745157,22.1021262382985,30,41282,"Davantae Adams"
"2722",2023110509,1354,13.281706398113,19.7716751346949,19.7716751346949,18,41282,"Davantae Adams"
"2723",2023110509,1391,11.4010072589771,21.1704499075241,19.0701834320075,24,41282,"Davantae Adams"
"2724",2023110509,1543,34.9031158922796,91.6425840045819,91.6425840045819,32,41282,"Davantae Adams"
"2725",2023110509,1597,9.63703051661163,13.6927971129259,10.4929407406694,29,41282,"Davantae Adams"
"2726",2023110509,1738,3.00638412636956,6.28093236854408,5.97274606894662,9,41282,"Davantae Adams"
"2727",2023110509,1960,6.27015509104553,23.6413449725635,21.0633676635064,40,41282,"Davantae Adams"
"2728",2023110509,2048,13.3439142675975,24.2337921095893,24.2337921095893,29,41282,"Davantae Adams"
"2729",2023110509,2073,4.04196799073416,21.1919159991312,21.1919159991312,28,41282,"Davantae Adams"
"2730",2023110509,2119,6.8340486492737,14.2548671698496,13.7199246755172,19,41282,"Davantae Adams"
"2731",2023110509,2166,11.0980888844506,18.4443739547078,18.4443739547078,23,41282,"Davantae Adams"
"2732",2023110509,2196,9.1106719456143,18.8933652611565,18.2372675191808,17,41282,"Davantae Adams"
"2733",2023110509,2276,16.5917956972555,43.9716375701204,43.9716375701204,31,41282,"Davantae Adams"
"2734",2023110509,2299,7.26439512393742,10.7761490428737,10.7761490428737,18,41282,"Davantae Adams"
"2735",2023110509,2491,18.8756334798887,27.1178632501801,25.5751237000678,17,41282,"Davantae Adams"
"2736",2023110509,2521,12.2020678315902,22.3728457173833,22.3728457173833,26,41282,"Davantae Adams"
"2737",2023110509,3106,1.32226138779745,11.0721900260217,11.0721900260217,27,41282,"Davantae Adams"
"2738",2023111211,105,7.77450729120147,11.5302215025336,11.5302215025336,30,41282,"Davantae Adams"
"2739",2023111211,406,13.3913679202344,33.2747838507884,33.2747838507884,34,41282,"Davantae Adams"
"2740",2023111211,492,11.2675222277945,17.1253168995722,17.1253168995722,24,41282,"Davantae Adams"
"2741",2023111211,517,10.153821049598,25.8739604316385,25.8739604316385,22,41282,"Davantae Adams"
"2742",2023111211,900,11.9226009919478,15.1369339187792,13.6626428878012,23,41282,"Davantae Adams"
"2743",2023111211,1353,34.1659597532347,118.527012720872,116.849987326053,37,41282,"Davantae Adams"
"2744",2023111211,1650,5.8955876964731,8.74197899481939,8.3878095946232,22,41282,"Davantae Adams"
"2745",2023111211,1675,24.5429306342057,45.3411562216196,28.9135302672714,39,41282,"Davantae Adams"
"2746",2023111211,1979,16.4204559586502,29.196491569028,28.3321914128605,23,41282,"Davantae Adams"
"2747",2023111211,2004,9.74200191536952,17.5177911437604,17.4380156268241,23,41282,"Davantae Adams"
"2748",2023111211,2029,10.8955471673826,35.4019458083884,35.4019458083884,27,41282,"Davantae Adams"
"2749",2023111211,2072,5.55383016807804,8.08781788595503,6.84444751745302,29,41282,"Davantae Adams"
"2750",2023111211,2681,7.76421531381426,9.23485253163162,9.06802409980107,29,41282,"Davantae Adams"
"2751",2023111211,2864,5.99813844542166,13.799833749545,13.799833749545,36,41282,"Davantae Adams"
"2752",2023111211,3046,10.5171675918559,26.5975218879238,26.5975218879238,19,41282,"Davantae Adams"
"2753",2023111211,3166,18.8905171278136,42.3082187997536,37.8145200562094,45,41282,"Davantae Adams"
"2754",2023111211,3495,11.9407165026607,23.1364498272041,23.1364498272041,20,41282,"Davantae Adams"
"2755",2023111906,55,2.60703210200625,9.45564790053327,9.45564790053327,27,41282,"Davantae Adams"
"2756",2023111906,143,16.0395762377676,26.871041382454,9.41162482492002,39,41282,"Davantae Adams"
"2757",2023111906,168,14.1495548971466,21.6298071419722,20.993856420087,29,41282,"Davantae Adams"
"2758",2023111906,487,16.7921232308815,24.2762658751599,24.2762658751599,26,41282,"Davantae Adams"
"2759",2023111906,557,15.1754213628739,30.6960711591937,30.6960711591937,33,41282,"Davantae Adams"
"2760",2023111906,587,2.13833902758114,4.5013485352997,3.96195702709236,9,41282,"Davantae Adams"
"2761",2023111906,612,12.9468700680376,26.1520211320587,26.1520211320587,20,41282,"Davantae Adams"
"2762",2023111906,950,10.5647975838846,52.3411889212877,52.3411889212877,29,41282,"Davantae Adams"
"2763",2023111906,1024,17.0308513099465,38.0579192886283,38.0579192886283,35,41282,"Davantae Adams"
"2764",2023111906,1506,5.05109815854319,11.720742475641,11.720742475641,27,41282,"Davantae Adams"
"2765",2023111906,2062,8.52174752594844,19.4156673751453,19.4156673751453,25,41282,"Davantae Adams"
"2766",2023111906,2236,9.84318690225689,13.2835396226431,13.2835396226431,18,41282,"Davantae Adams"
"2767",2023111906,2507,30.3600953438815,59.1569220845999,58.7405762736694,34,41282,"Davantae Adams"
"2768",2023111906,2725,6.82270910463594,11.3249810287984,9.88403868131619,35,41282,"Davantae Adams"
"2769",2023111906,2772,15.5657922198809,95.9463011026842,95.9463011026842,36,41282,"Davantae Adams"
"2770",2023111906,3102,4.960841573505,13.5437992271914,13.5437992271914,22,41282,"Davantae Adams"
"2771",2023111906,3149,6.6931717356278,13.6195806993518,13.6195806993518,20,41282,"Davantae Adams"
"2772",2023111906,3174,8.8028634266214,29.6968350107781,29.6968350107781,34,41282,"Davantae Adams"
"2773",2023111906,3417,12.0815945358227,22.6009638303796,22.5181525112965,21,41282,"Davantae Adams"
"2774",2023111906,3469,30.8688467283976,70.1622346610258,31.4417947685486,64,41282,"Davantae Adams"
"2775",2023111906,3551,12.7513392606903,25.0165002735417,25.0165002735417,23,41282,"Davantae Adams"
"2776",2023111906,3576,10.4495917677503,28.8391354937505,28.8391354937505,30,41282,"Davantae Adams"
"2777",2023111906,3752,6.37665766415149,16.6990060120468,13.3571165179926,32,41282,"Davantae Adams"
"2778",2023111906,3815,18.4346065004051,28.7571285047778,21.4898582491514,31,41282,"Davantae Adams"
"2779",2023111906,3860,19.9801910971697,36.1722051235276,36.1722051235276,23,41282,"Davantae Adams"
"2780",2023111906,3885,8.79937736659582,18.016069419816,18.016069419816,27,41282,"Davantae Adams"
"2781",2023111906,4111,0.145221766917142,3.70167291504405,0.422671453330403,38,41282,"Davantae Adams"
"2782",2023111906,4148,17.3118193725757,71.8788321602906,71.8788321602906,34,41282,"Davantae Adams"
"2783",2023111906,4171,7.43962357945457,22.6215416538518,22.6215416538518,23,41282,"Davantae Adams"
"2784",2023111906,4196,6.44914483867539,18.1380079736557,15.4776379187423,30,41282,"Davantae Adams"
"2785",2023111906,4221,35.8007818863216,127.013979974717,127.013979974717,37,41282,"Davantae Adams"
"2786",2023111906,4246,27.7667847326859,42.839575985455,39.7359148318619,23,41282,"Davantae Adams"
"2787",2023111906,4269,17.8795291163804,82.5500584897506,82.5500584897506,31,41282,"Davantae Adams"
"2788",2023111906,4306,16.4688846883157,25.235907619032,22.1682758199157,28,41282,"Davantae Adams"
"2789",2023111906,4329,27.9710279267659,83.5288291356719,83.5288291356719,41,41282,"Davantae Adams"
"2790",2023112608,99,8.05524537779949,35.6991178640465,35.6991178640465,38,41282,"Davantae Adams"
"2791",2023112608,173,13.7568102341481,20.0383040169202,16.0843101960319,28,41282,"Davantae Adams"
"2792",2023112608,245,5.33293682105517,18.2642165180822,18.2642165180822,22,41282,"Davantae Adams"
"2793",2023112608,463,10.4026214075751,18.6987144303939,18.3344803426987,22,41282,"Davantae Adams"
"2794",2023112608,510,7.87841533636647,18.2718711593972,11.5813246159946,21,41282,"Davantae Adams"
"2795",2023112608,612,11.3891815777226,19.3930336129929,19.3930336129929,25,41282,"Davantae Adams"
"2796",2023112608,637,15.0575396181001,63.5993613049231,63.5993613049231,28,41282,"Davantae Adams"
"2797",2023112608,731,11.0695643832344,17.6741815221898,14.2741415556224,25,41282,"Davantae Adams"
"2798",2023112608,925,5.24213512044449,12.884565080626,12.7607101021611,25,41282,"Davantae Adams"
"2799",2023112608,1404,18.1013048551613,60.0751783805104,60.0751783805104,32,41282,"Davantae Adams"
"2800",2023112608,1774,23.1895970981801,52.797360380363,22.4006144570111,39,41282,"Davantae Adams"
"2801",2023112608,2172,15.5754755789476,57.6490545335594,57.6490545335594,37,41282,"Davantae Adams"
"2802",2023112608,2306,6.60320780239214,25.343910291484,25.343910291484,29,41282,"Davantae Adams"
"2803",2023112608,2382,3.89078747865157,7.2450193758123,7.2450193758123,25,41282,"Davantae Adams"
"2804",2023112608,2407,3.10608035207252,20.1944475634178,20.1944475634178,21,41282,"Davantae Adams"
"2805",2023112608,2459,7.21700543619605,16.9194122771437,16.9194122771437,23,41282,"Davantae Adams"
"2806",2023112608,2781,4.97561632738387,10.1009030622928,10.1009030622928,28,41282,"Davantae Adams"
"2807",2023112608,2853,13.6749942712413,29.8495057076825,28.8102480631373,27,41282,"Davantae Adams"
"2808",2023112608,3101,4.60174439338043,15.1101925928378,15.1101925928378,24,41282,"Davantae Adams"
"2809",2023112608,3124,5.7331225890147,11.0566421697709,9.34527435672731,28,41282,"Davantae Adams"
"2810",2023112608,3147,3.96134755436776,10.253494235593,10.253494235593,24,41282,"Davantae Adams"
"2811",2023112608,3421,4.11969941853962,9.61383492566775,8.39539149026943,24,41282,"Davantae Adams"
"2812",2023112608,3446,7.75428575811832,13.8118966074895,13.4113109287342,20,41282,"Davantae Adams"
"2813",2023112608,3476,9.7604547325324,15.9927199487366,13.929050887996,25,41282,"Davantae Adams"
"2814",2023121007,62,1.84704462958935,6.108013385708,4.05973050664666,21,41282,"Davantae Adams"
"2815",2023121007,109,37.2977611416138,89.2413321706667,25.9510373190808,63,41282,"Davantae Adams"
"2816",2023121007,228,29.4073776432073,62.935111706938,62.3648769851417,34,41282,"Davantae Adams"
"2817",2023121007,253,1.95247461257653,6.69504875168423,6.69504875168423,28,41282,"Davantae Adams"
"2818",2023121007,485,9.29163443836908,17.1418371150144,15.6821589381413,16,41282,"Davantae Adams"
"2819",2023121007,626,19.0095064121273,39.6746946498925,39.6746946498925,22,41282,"Davantae Adams"
"2820",2023121007,651,15.2682250938307,23.8600334840833,23.8600334840833,18,41282,"Davantae Adams"
"2821",2023121007,1367,6.344898866041,16.6783864361183,16.6783864361183,29,41282,"Davantae Adams"
"2822",2023121007,1399,8.21273100874445,13.6078878693468,12.238919881664,18,41282,"Davantae Adams"
"2823",2023121007,1761,9.70595864708615,19.1065162000825,19.1065162000825,28,41282,"Davantae Adams"
"2824",2023121007,1786,26.7631951761055,96.9222615631725,96.9222615631725,29,41282,"Davantae Adams"
"2825",2023121007,1816,30.5559006657749,45.1813190947168,45.1813190947168,36,41282,"Davantae Adams"
"2826",2023121007,2173,12.7969834903267,21.2856251867066,18.2547555278527,26,41282,"Davantae Adams"
"2827",2023121007,2198,2.43525501095624,5.0605919812668,4.91638147665706,9,41282,"Davantae Adams"
"2828",2023121007,2539,17.803742737721,48.8523991325126,36.7803269266018,31,41282,"Davantae Adams"
"2829",2023121007,2564,9.39640078209314,16.603502267379,16.603502267379,22,41282,"Davantae Adams"
"2830",2023121007,2611,9.33573179413095,17.6453799346931,14.7533554915346,24,41282,"Davantae Adams"
"2831",2023121007,2983,9.57033570750226,16.3601323462831,13.8237456205275,26,41282,"Davantae Adams"
"2832",2023121007,3008,12.4605966781065,28.822377086777,28.822377086777,25,41282,"Davantae Adams"
"2833",2023121007,3442,7.88127691896258,14.2163203398417,12.9360111722161,51,41282,"Davantae Adams"
"2834",2023121007,3895,5.7901674230821,11.2165526591048,11.2165526591048,25,41282,"Davantae Adams"
"2835",2023121007,4041,42.0635475982075,66.7265389962713,22.5120225070625,27,41282,"Davantae Adams"
"2836",2023121400,192,11.1609285325923,32.8483554657791,29.707155377735,33,41282,"Davantae Adams"
"2837",2023121400,237,10.8809302699205,25.6652186137247,24.1449189076196,23,41282,"Davantae Adams"
"2838",2023121400,260,8.10802482243713,12.0553147202413,7.40048149083907,26,41282,"Davantae Adams"
"2839",2023121400,365,12.3238621546096,23.0771352658581,22.7405599759604,25,41282,"Davantae Adams"
"2840",2023121400,390,2.48506638514869,12.1670506700511,12.1670506700511,17,41282,"Davantae Adams"
"2841",2023121400,436,13.6742888720096,18.0999315310252,18.0999315310252,21,41282,"Davantae Adams"
"2842",2023121400,660,5.70430801212119,14.6674884404375,14.6674884404375,22,41282,"Davantae Adams"
"2843",2023121400,683,12.7263791849488,18.298000509805,18.298000509805,22,41282,"Davantae Adams"
"2844",2023121400,708,23.9590473572471,61.6592752687656,61.6592752687656,35,41282,"Davantae Adams"
"2845",2023121400,871,25.8826457659306,38.742386650599,37.5580213685767,25,41282,"Davantae Adams"
"2846",2023121400,918,7.14504568172628,11.708123011169,11.708123011169,21,41282,"Davantae Adams"
"2847",2023121400,1245,20.2378730593248,38.4371771563913,27.545204531372,40,41282,"Davantae Adams"
"2848",2023121400,1480,12.5670070987786,29.3926805383982,29.3926805383982,32,41282,"Davantae Adams"
"2849",2023121400,1622,5.72342088534441,12.3518460805779,12.3518460805779,29,41282,"Davantae Adams"
"2850",2023121400,1854,19.3864752373884,63.52530842831,63.52530842831,38,41282,"Davantae Adams"
"2851",2023121400,1879,7.63081984517435,14.881999434412,14.881999434412,22,41282,"Davantae Adams"
"2852",2023121400,1904,10.023035111149,18.568724248806,10.5471507906326,40,41282,"Davantae Adams"
"2853",2023121400,2147,9.18746147262712,13.4516557321129,10.0859595894508,20,41282,"Davantae Adams"
"2854",2023121400,2172,5.87009910367371,11.0983158688572,11.0983158688572,24,41282,"Davantae Adams"
"2855",2023121400,2197,9.95807163238446,16.9869980584225,16.9869980584225,26,41282,"Davantae Adams"
"2856",2023121400,2274,8.8641489783522,13.5178087348534,13.5178087348534,35,41282,"Davantae Adams"
"2857",2023121400,2420,23.1972653609966,40.8611564323595,30.299717091341,24,41282,"Davantae Adams"
"2858",2023121400,2467,30.6594878165206,67.86085147874,66.7089719173045,49,41282,"Davantae Adams"
"2859",2023121400,2490,30.6036583975947,47.3277836903368,44.2137143924954,24,41282,"Davantae Adams"
"2860",2023121400,2546,0.236802889565015,10.827510455315,10.827510455315,28,41282,"Davantae Adams"
"2861",2023121400,2571,7.70474024331464,15.0343048888638,15.0343048888638,30,41282,"Davantae Adams"
"2862",2023121400,2596,10.0002221499293,19.9911334247374,19.9911334247374,30,41282,"Davantae Adams"
"2863",2023121400,2967,15.8164851589822,22.3618603683457,15.414580378623,18,41282,"Davantae Adams"
"2864",2023121400,3037,20.4959944734323,30.0885564640248,26.2670202683535,30,41282,"Davantae Adams"
"2865",2023121400,3746,4.71997946439564,12.0986871071892,9.67188792905026,20,41282,"Davantae Adams"
"2866",2023121400,3771,3.55228252392315,8.50876328736872,7.96251926070028,54,41282,"Davantae Adams"
"2867",2023122500,470,1.44762602919195,10.3742686553486,10.3742686553486,27,41282,"Davantae Adams"
"2868",2023122500,495,9.70410182494469,14.4191494320099,11.1990277043903,26,41282,"Davantae Adams"
"2869",2023122500,520,7.90408214525752,18.0404036363232,17.6137360859207,38,41282,"Davantae Adams"
"2870",2023122500,572,2.2956005665839,16.1619677028583,16.1619677028583,30,41282,"Davantae Adams"
"2871",2023122500,602,6.23949541410569,10.9798441522389,10.9798441522389,25,41282,"Davantae Adams"
"2872",2023122500,625,5.95175618454822,14.6603579803064,14.6603579803064,20,41282,"Davantae Adams"
"2873",2023122500,722,12.1145843832668,26.1830903222886,26.1830903222886,23,41282,"Davantae Adams"
"2874",2023122500,771,14.5282279297789,21.4257109873356,9.17014670906245,27,41282,"Davantae Adams"
"2875",2023122500,1047,15.0553630131668,53.1583861307635,53.1583861307635,43,41282,"Davantae Adams"
"2876",2023122500,1086,9.89969929636208,19.0485353490611,19.0485353490611,30,41282,"Davantae Adams"
"2877",2023122500,1109,10.3670302048431,70.5944786551157,70.5944786551157,31,41282,"Davantae Adams"
"2878",2023122500,1516,6.75084312970761,14.5477928676084,14.5477928676084,25,41282,"Davantae Adams"
"2879",2023122500,2328,9.31719839989793,19.6138278372869,19.6138278372869,44,41282,"Davantae Adams"
"2880",2023122500,2714,4.63896563826421,15.1996694261423,15.1996694261423,29,41282,"Davantae Adams"
"2881",2023122500,3052,15.9830439356682,22.6900746716299,22.6900746716299,21,41282,"Davantae Adams"
"2882",2023122500,3755,13.7014444759716,19.6990066566868,19.6990066566868,29,41282,"Davantae Adams"
"2883",2023123105,235,-0.520941244734219,0,-4.89934797255767,29,41282,"Davantae Adams"
"2884",2023123105,265,12.320492660913,25.5713860605651,25.1492687541403,25,41282,"Davantae Adams"
"2885",2023123105,317,22.2994257644682,43.266168626114,19.8001365159607,36,41282,"Davantae Adams"
"2886",2023123105,415,41.464457980616,56.7135524485024,39.0526743641808,24,41282,"Davantae Adams"
"2887",2023123105,511,14.7619058302175,33.6049680902118,28.7335962351411,34,41282,"Davantae Adams"
"2888",2023123105,716,12.3664922282229,20.4240234390348,19.0465561048984,19,41282,"Davantae Adams"
"2889",2023123105,746,19.574963708563,50.3851618129927,25.8406642510185,38,41282,"Davantae Adams"
"2890",2023123105,892,31.7429743533926,108.732907973956,108.184046128204,39,41282,"Davantae Adams"
"2891",2023123105,922,29.596157405003,63.0726799398253,37.1274814639882,45,41282,"Davantae Adams"
"2892",2023123105,947,16.4461939577698,65.8657702171214,65.8657702171214,32,41282,"Davantae Adams"
"2893",2023123105,1384,17.7615621530385,37.3098727329989,36.9238477694277,28,41282,"Davantae Adams"
"2894",2023123105,1453,6.98810139622438,35.6252919451754,35.6252919451754,37,41282,"Davantae Adams"
"2895",2023123105,1767,10.4532236500496,31.7301034644287,31.7301034644287,34,41282,"Davantae Adams"
"2896",2023123105,1819,18.6767428698263,33.8557247245427,27.3982925827995,32,41282,"Davantae Adams"
"2897",2023123105,1842,32.2849213033794,44.1810549514865,33.3610037944468,26,41282,"Davantae Adams"
"2898",2023123105,2051,12.2100145273526,33.6943196261521,33.6943196261521,30,41282,"Davantae Adams"
"2899",2023123105,2224,17.4532179774571,39.3989227890003,39.3989227890003,35,41282,"Davantae Adams"
"2900",2023123105,2252,8.06863221781542,18.6611402129995,18.1181568577444,28,41282,"Davantae Adams"
"2901",2023123105,2402,12.8622698234914,15.7777651594637,12.0070296268888,24,41282,"Davantae Adams"
"2902",2023123105,2926,5.30113094944152,11.7271990940658,11.7271990940658,23,41282,"Davantae Adams"
"2903",2023123105,2988,12.4205945052979,44.5199793218521,37.3461225169455,35,41282,"Davantae Adams"
"2904",2023123105,3013,16.5858835682442,32.8163637654224,32.8163637654224,22,41282,"Davantae Adams"
"2905",2023123105,3043,12.2157971624961,22.0105501422656,19.408854896713,21,41282,"Davantae Adams"
"2906",2023123105,3318,7.9408067886925,23.4212335924171,23.4212335924171,23,41282,"Davantae Adams"
"2907",2023123105,3343,4.95582739327807,11.758280268961,11.758280268961,21,41282,"Davantae Adams"
"2908",2023123105,3366,5.51309803623263,15.7746105484111,15.7746105484111,31,41282,"Davantae Adams"
"2909",2023123105,3389,21.0689644045884,33.9955974714642,26.9686738165167,27,41282,"Davantae Adams"
"2910",2023123105,3412,29.8944549452759,109.577372850896,109.577372850896,38,41282,"Davantae Adams"
"2911",2023123105,3441,11.8184043288368,29.9641115576346,29.9641115576346,27,41282,"Davantae Adams"
"2912",2023123105,3471,10.2391219965929,45.2297690612405,45.2297690612405,41,41282,"Davantae Adams"
"2913",2023123105,3501,1.36069552268762,19.2401371254265,19.2401371254265,18,41282,"Davantae Adams"
"2914",2023123105,3531,8.96010432048571,18.8822293399825,16.9985073103275,26,41282,"Davantae Adams"
"2915",2023123105,3554,13.984250543027,29.8576576017929,29.5304547299751,23,41282,"Davantae Adams"
"2916",2023123105,3889,11.4714279669484,45.5995788688185,40.2949015708165,35,41282,"Davantae Adams"
"2917",2023123105,3936,30.3012426173722,60.8257503099088,43.8927160752024,33,41282,"Davantae Adams"
"2918",2023123105,3961,11.9805077220838,21.2326502927937,20.9673494189198,32,41282,"Davantae Adams"
"2919",2023123105,3991,14.2983613000589,30.5111405784355,30.5111405784355,31,41282,"Davantae Adams"
"2920",2023123105,4023,11.894416397514,21.9706514649053,21.9706514649053,24,41282,"Davantae Adams"
"2921",2023123105,4052,17.7238195709788,36.9009638843275,36.9009638843275,24,41282,"Davantae Adams"
"2922",2023123105,4099,9.55044599705835,16.3896381215327,16.3896381215327,14,41282,"Davantae Adams"
"2923",2024010708,174,10.8502104414277,14.7947814470564,11.5884394153915,19,41282,"Davantae Adams"
"2924",2024010708,197,4.95818555579031,14.6258196370623,11.9138373768499,20,41282,"Davantae Adams"
"2925",2024010708,440,20.5393422016864,39.9336964951935,16.636149894621,38,41282,"Davantae Adams"
"2926",2024010708,578,10.2590489542299,20.2618484768805,20.2618484768805,24,41282,"Davantae Adams"
"2927",2024010708,603,2.86476043102191,15.5000165850916,15.5000165850916,26,41282,"Davantae Adams"
"2928",2024010708,672,7.58867102180924,14.6142971728007,12.9891014950345,29,41282,"Davantae Adams"
"2929",2024010708,1085,-0.107040618647871,0,-1.85472978550499,30,41282,"Davantae Adams"
"2930",2024010708,1179,41.8483384932444,87.8054030919312,79.334204316029,45,41282,"Davantae Adams"
"2931",2024010708,1602,0,0,0,31,41282,"Davantae Adams"
"2932",2024010708,1893,26.9638516985925,72.5481612598948,65.0764752024412,31,41282,"Davantae Adams"
"2933",2024010708,1925,15.266884387447,31.0189552779041,31.0189552779041,21,41282,"Davantae Adams"
"2934",2024010708,1950,6.46371424486761,11.498819346619,10.7002579360298,25,41282,"Davantae Adams"
"2935",2024010708,1973,15.0201690069321,64.6956190431684,64.6956190431684,34,41282,"Davantae Adams"
"2936",2024010708,1998,21.6701464543633,37.199363782332,10.9273221087822,27,41282,"Davantae Adams"
"2937",2024010708,2028,18.288332179106,26.8136970546469,15.2010331382351,37,41282,"Davantae Adams"
"2938",2024010708,2053,20.3533664782341,30.0479315473845,26.252358022684,21,41282,"Davantae Adams"
"2939",2024010708,2108,15.7448743611784,21.9120804885509,20.5489349581615,28,41282,"Davantae Adams"
"2940",2024010708,2951,15.5865537593547,39.9847060579773,37.670918874911,34,41282,"Davantae Adams"
"2941",2024010708,2996,-1.14242755884273,-0.379441322655675,-1.24108545964321,30,41282,"Davantae Adams"
"2942",2024010708,3324,6.07822503194903,17.3373209053726,17.3373209053726,18,41282,"Davantae Adams"
"2943",2024010708,3349,14.0342435146107,22.3355496192346,20.3167452182529,24,41282,"Davantae Adams"
"2944",2024010708,3418,13.7061705341295,25.7922582703682,25.7922582703682,25,41282,"Davantae Adams"
"2945",2024010708,3465,0.177967033213375,1.34948773855107,1.34948773855107,38,41282,"Davantae Adams"
"2946",2024010708,3619,11.6554141722011,18.11373111523,16.4264931392828,24,41282,"Davantae Adams"
"2947",2023091003,81,4.67318654863493,9.48070162026317,6.56804572385242,25,52442,"Michael Pittman"
"2948",2023091003,263,6.12248676613827,12.6624474385447,12.6624474385447,18,52442,"Michael Pittman"
"2949",2023091003,662,1.52906740662149,12.2218496763052,12.2218496763052,25,52442,"Michael Pittman"
"2950",2023091003,687,6.5653449886382,10.7816360379254,5.20453097901296,28,52442,"Michael Pittman"
"2951",2023091003,761,8.12200032445202,16.3545762995046,16.3545762995046,18,52442,"Michael Pittman"
"2952",2023091003,1503,39.0418071884779,86.5018160797448,86.1389331334225,34,52442,"Michael Pittman"
"2953",2023091003,1805,9.61692592204784,19.3105522679683,19.3105522679683,21,52442,"Michael Pittman"
"2954",2023091003,1841,31.8429862376563,63.7981576083638,63.7981576083638,38,52442,"Michael Pittman"
"2955",2023091003,2062,9.50732393605753,26.8650929204023,26.8650929204023,29,52442,"Michael Pittman"
"2956",2023091003,2087,10.6843668329912,23.352589349888,23.352589349888,29,52442,"Michael Pittman"
"2957",2023091003,2286,7.43815234736719,13.489352971149,11.3289782987931,26,52442,"Michael Pittman"
"2958",2023091003,2369,15.692294552673,22.1499576347323,11.8283599609062,18,52442,"Michael Pittman"
"2959",2023091003,2798,15.1768431433582,26.7646671022516,12.2902896463643,45,52442,"Michael Pittman"
"2960",2023091003,2979,19.5562204247623,73.7438335848058,73.7438335848058,27,52442,"Michael Pittman"
"2961",2023091003,3002,14.2468216569566,18.9903003206804,16.826714384261,21,52442,"Michael Pittman"
"2962",2023091003,3335,7.0511088488144,15.5775319991608,15.5775319991608,20,52442,"Michael Pittman"
"2963",2023091003,3409,20.1066548813626,29.1010995988954,24.6457918747194,25,52442,"Michael Pittman"
"2964",2023091003,3645,19.0352449159332,22.4693458365851,21.5824347504657,23,52442,"Michael Pittman"
"2965",2023091003,3975,14.3473493920698,50.6210691234198,50.6210691234198,32,52442,"Michael Pittman"
"2966",2023091003,3998,27.7430346221218,86.7972721613105,71.1907045084327,37,52442,"Michael Pittman"
"2967",2023091003,4153,24.2135285303606,31.0304037867991,26.5370076322755,23,52442,"Michael Pittman"
"2968",2023091003,4201,21.0433875351057,32.3218343363802,31.8093779810897,20,52442,"Michael Pittman"
"2969",2023091003,4258,14.2657597615204,24.6258793832389,19.4293767264058,19,52442,"Michael Pittman"
"2970",2023091003,4283,19.7363171138736,32.8458160597291,26.4338288327296,49,52442,"Michael Pittman"
"2971",2023091003,4308,10.9995588746715,18.0563118203634,8.60228547168167,20,52442,"Michael Pittman"
"2972",2023091003,4333,5.35430457132297,9.36577063299339,9.06462469602625,19,52442,"Michael Pittman"
"2973",2023091003,4363,3.95780942152075,8.16284685013628,8.14310856562527,22,52442,"Michael Pittman"
"2974",2023091003,4416,33.4080981576472,62.2918969747374,51.2086682706158,27,52442,"Michael Pittman"
"2975",2023091003,4494,4.19722751219229,7.74169208462852,7.4108794577321,19,52442,"Michael Pittman"
"2976",2023091003,4551,13.6714518329054,28.1802797869848,22.9455363442615,53,52442,"Michael Pittman"
"2977",2023091704,60,0.669345128866767,3.416792881598,3.416792881598,26,52442,"Michael Pittman"
"2978",2023091704,137,7.5619449190963,10.5241237174638,6.95540087433029,29,52442,"Michael Pittman"
"2979",2023091704,206,16.1844417267733,40.0116705694127,39.7210126716524,28,52442,"Michael Pittman"
"2980",2023091704,926,19.2285591056085,30.1250285275093,15.220430083703,26,52442,"Michael Pittman"
"2981",2023091704,1127,11.1757817143628,14.9316373656591,13.3273439660584,27,52442,"Michael Pittman"
"2982",2023091704,1381,1.02645967587148,2.77590691274701,2.77590691274701,22,52442,"Michael Pittman"
"2983",2023091704,1481,11.9282565889153,15.9347138306854,12.7161195737162,27,52442,"Michael Pittman"
"2984",2023091704,2004,7.67771581451333,19.0273891578125,19.0273891578125,26,52442,"Michael Pittman"
"2985",2023091704,2036,17.2300844285723,28.0629046216048,18.3362431248965,23,52442,"Michael Pittman"
"2986",2023091704,2084,9.47356629506619,19.4903415677241,19.4903415677241,20,52442,"Michael Pittman"
"2987",2023091704,2109,14.9944510449608,26.4559463963635,26.4440727460283,27,52442,"Michael Pittman"
"2988",2023091704,2157,12.4052414227479,18.8866492444991,11.1053776962492,26,52442,"Michael Pittman"
"2989",2023091704,2182,16.5413648258488,25.5180966070969,19.3453866815454,24,52442,"Michael Pittman"
"2990",2023091704,2214,11.2654312666071,19.5172080296461,16.4620835244706,30,52442,"Michael Pittman"
"2991",2023091704,2742,24.6508731108481,56.0793441000154,56.0793441000154,37,52442,"Michael Pittman"
"2992",2023091704,2767,5.71505300368501,8.56882629430269,8.25062802121872,18,52442,"Michael Pittman"
"2993",2023091704,2792,4.84512242383535,6.3417822083875,5.23253972957188,18,52442,"Michael Pittman"
"2994",2023091704,2817,3.93777192459932,16.8623755573284,16.8623755573284,26,52442,"Michael Pittman"
"2995",2023091704,2857,7.98444976316667,13.4840389816709,13.4840389816709,24,52442,"Michael Pittman"
"2996",2023091704,2880,9.8292047487566,17.6052440219097,5.96149819261108,26,52442,"Michael Pittman"
"2997",2023091704,3455,10.661671746034,17.8167068087602,17.8167068087602,23,52442,"Michael Pittman"
"2998",2023091704,3791,15.1409606859977,34.165364969807,34.165364969807,26,52442,"Michael Pittman"
"2999",2023092400,109,12.5024964203482,42.6016394640681,42.6016394640681,36,52442,"Michael Pittman"
"3000",2023092400,527,6.41520789501877,21.6572432626421,21.6572432626421,23,52442,"Michael Pittman"
"3001",2023092400,601,13.0730849937466,20.9926695896561,15.3514441894899,30,52442,"Michael Pittman"
"3002",2023092400,626,8.67638025653521,15.340852193447,13.8036848972789,21,52442,"Michael Pittman"
"3003",2023092400,834,6.39273733079999,12.3653274667173,12.3653274667173,27,52442,"Michael Pittman"
"3004",2023092400,857,7.58035237656051,15.8906716121917,15.8906716121917,18,52442,"Michael Pittman"
"3005",2023092400,882,34.0210647811612,70.8410330139552,24.4630570943611,83,52442,"Michael Pittman"
"3006",2023092400,1134,9.79309099059156,43.019985737643,43.019985737643,33,52442,"Michael Pittman"
"3007",2023092400,1189,6.82840297185476,13.4414310613298,13.4209895539202,18,52442,"Michael Pittman"
"3008",2023092400,1236,6.68605546137341,10.9203625860641,10.8752072306873,23,52442,"Michael Pittman"
"3009",2023092400,1308,2.67059041798657,9.20009392710703,9.20009392710703,25,52442,"Michael Pittman"
"3010",2023092400,1338,6.39658263045891,11.4604011403063,11.4604011403063,28,52442,"Michael Pittman"
"3011",2023092400,1460,9.0086472092089,17.8616006688851,17.8616006688851,19,52442,"Michael Pittman"
"3012",2023092400,1552,14.8853716845064,24.2974479843296,12.5153327928651,24,52442,"Michael Pittman"
"3013",2023092400,1878,16.2731236574046,29.0786315218078,27.4238264248496,27,52442,"Michael Pittman"
"3014",2023092400,1925,9.82835098436444,15.9166982848247,15.9166982848247,20,52442,"Michael Pittman"
"3015",2023092400,2312,10.3009897778363,14.6424051379121,12.6390325035909,23,52442,"Michael Pittman"
"3016",2023092400,2386,6.60561239880746,11.4677484415915,7.86544984894145,25,52442,"Michael Pittman"
"3017",2023092400,2614,8.49115680478929,12.7111638014184,12.7024335501824,27,52442,"Michael Pittman"
"3018",2023092400,2639,7.51592424670798,12.6365974977473,12.604471477048,18,52442,"Michael Pittman"
"3019",2023092400,2688,2.49852080499883,7.59416189094194,3.68470229198646,29,52442,"Michael Pittman"
"3020",2023092400,2711,24.5606297819185,48.6162172413331,17.5135290712214,68,52442,"Michael Pittman"
"3021",2023092400,3110,9.76478138869421,17.9669507793141,17.9669507793141,18,52442,"Michael Pittman"
"3022",2023092400,3477,-3.44265024136774,-1.55138633983936,-7.73227302044843,18,52442,"Michael Pittman"
"3023",2023092400,3578,18.2321399228372,64.259028781576,9.42426933806066,50,52442,"Michael Pittman"
"3024",2023092400,3798,2.02335712194754,9.37979262808364,9.37979262808364,20,52442,"Michael Pittman"
"3025",2023092400,4066,12.0561911066357,23.03880614158,16.9941065441286,20,52442,"Michael Pittman"
"3026",2023092400,4091,11.688483974738,20.3219728485896,20.1584261351172,22,52442,"Michael Pittman"
"3027",2023092400,4126,14.6507188930477,25.1587785138582,18.1274678213397,16,52442,"Michael Pittman"
"3028",2023092400,4215,8.74855241142085,14.2626008994994,13.2902798016082,23,52442,"Michael Pittman"
"3029",2023092400,4590,16.1116765054931,25.4336145632246,25.4336145632246,25,52442,"Michael Pittman"
"3030",2023092400,4615,36.914803194728,93.3363295124565,93.3363295124565,40,52442,"Michael Pittman"
"3031",2023092400,4773,25.9993151761828,78.9846061821502,77.6304937641053,29,52442,"Michael Pittman"
"3032",2023092400,4834,10.5639617603494,16.507763881792,13.9556743352725,21,52442,"Michael Pittman"
"3033",2023100106,369,10.8165507324422,17.1664132525744,16.8670883206035,35,52442,"Michael Pittman"
"3034",2023100106,835,11.4897894641519,24.2784183787213,24.2784183787213,22,52442,"Michael Pittman"
"3035",2023100106,1186,10.2851567005801,43.5494950473952,43.5494950473952,29,52442,"Michael Pittman"
"3036",2023100106,1596,16.5259034082808,24.5173313641889,24.5173313641889,27,52442,"Michael Pittman"
"3037",2023100106,1724,10.2802512906598,19.4480177759281,19.4480177759281,21,52442,"Michael Pittman"
"3038",2023100106,2147,28.0901733553218,111.917869972386,111.917869972386,29,52442,"Michael Pittman"
"3039",2023100106,2543,26.6548756899299,62.5234127013579,31.4583487096616,49,52442,"Michael Pittman"
"3040",2023100106,2695,-1.11405563335178,1.06244587393301,-3.23273719756187,28,52442,"Michael Pittman"
"3041",2023100106,2827,12.3510189115273,18.6860580587623,18.6860580587623,23,52442,"Michael Pittman"
"3042",2023100106,3189,5.36688128620595,10.3006319400454,10.0063770849807,19,52442,"Michael Pittman"
"3043",2023100106,3212,15.2296215704757,59.7551124240973,59.7551124240973,29,52442,"Michael Pittman"
"3044",2023100106,3248,12.2737610836996,30.0061294345673,18.2746465347616,41,52442,"Michael Pittman"
"3045",2023100106,3607,39.552007134898,116.552809719755,116.552809719755,41,52442,"Michael Pittman"
"3046",2023100106,3654,21.3885682663932,33.0950891254236,33.0950891254236,25,52442,"Michael Pittman"
"3047",2023100106,3723,6.35961273254166,14.5293781491106,14.5293781491106,19,52442,"Michael Pittman"
"3048",2023100106,3746,14.3140377932987,20.4340479078051,13.5258012356291,39,52442,"Michael Pittman"
"3049",2023100106,4092,9.83358250336908,20.3687742334547,20.3687742334547,22,52442,"Michael Pittman"
"3050",2023100106,4138,25.4200055095114,65.1713012799164,65.1713012799164,31,52442,"Michael Pittman"
"3051",2023100803,84,0.393766616930614,4.44171495597749,4.44171495597749,19,52442,"Michael Pittman"
"3052",2023100803,109,5.65652834145396,24.0587599623711,24.0587599623711,20,52442,"Michael Pittman"
"3053",2023100803,134,2.53866301829883,5.88871147617545,3.25110487054069,32,52442,"Michael Pittman"
"3054",2023100803,157,19.5424602735169,74.3235183085874,74.3235183085874,32,52442,"Michael Pittman"
"3055",2023100803,180,19.5994893603209,44.0891598953475,37.3549218536086,30,52442,"Michael Pittman"
"3056",2023100803,730,13.4265826772439,23.9852130094824,22.3652619125719,20,52442,"Michael Pittman"
"3057",2023100803,974,10.5240923803105,18.1367533236423,14.6159151562012,19,52442,"Michael Pittman"
"3058",2023100803,1028,6.44663000062592,13.0903373031461,13.0903373031461,21,52442,"Michael Pittman"
"3059",2023100803,1135,45.3526754925677,129.264728669403,123.736448986384,36,52442,"Michael Pittman"
"3060",2023100803,1655,12.3870606057811,15.8697402417087,14.2782475585762,21,52442,"Michael Pittman"
"3061",2023100803,1702,7.88511634474775,14.9836888183666,14.3356221666478,19,52442,"Michael Pittman"
"3062",2023100803,1725,27.8801883561439,69.4963631564933,59.4508665490136,32,52442,"Michael Pittman"
"3063",2023100803,1750,33.1676940754056,90.2910141565785,62.0473196058927,34,52442,"Michael Pittman"
"3064",2023100803,1884,16.2406612061028,36.6663875052807,36.6663875052807,24,52442,"Michael Pittman"
"3065",2023100803,2144,10.0121393654874,39.7470199166036,39.7058713298577,27,52442,"Michael Pittman"
"3066",2023100803,2735,9.70669210368705,49.2311041190764,49.2311041190764,29,52442,"Michael Pittman"
"3067",2023100803,2898,28.4921442194633,69.6273984968371,69.6273984968371,31,52442,"Michael Pittman"
"3068",2023100803,2923,13.2397070082557,21.8707016537317,21.8707016537317,26,52442,"Michael Pittman"
"3069",2023100803,3276,3.64188487251034,6.40544932650063,6.15748268560295,32,52442,"Michael Pittman"
"3070",2023100803,3301,3.16176824827743,5.47296307568396,3.13023004183358,16,52442,"Michael Pittman"
"3071",2023100803,3494,22.4309243299957,33.5332766930276,31.5061845286664,22,52442,"Michael Pittman"
"3072",2023101506,64,2.60036285402391,7.145062380853,6.64328703971962,22,52442,"Michael Pittman"
"3073",2023101506,93,10.4701036204604,17.9585351072564,17.0742717244471,23,52442,"Michael Pittman"
"3074",2023101506,143,1.27081298646527,5.60690091619544,5.60690091619544,19,52442,"Michael Pittman"
"3075",2023101506,212,0.86818213442894,5.2090306245411,5.2090306245411,26,52442,"Michael Pittman"
"3076",2023101506,259,1.66560420852226,3.89533776036465,3.89533776036465,18,52442,"Michael Pittman"
"3077",2023101506,284,6.0300597955869,11.6156511994666,11.4208920278342,27,52442,"Michael Pittman"
"3078",2023101506,309,1.40390868459212,6.06936435246978,6.06936435246978,26,52442,"Michael Pittman"
"3079",2023101506,386,7.79421139796122,14.1003731117286,11.859578729251,29,52442,"Michael Pittman"
"3080",2023101506,409,10.8347609370727,13.5785483948255,13.5785483948255,21,52442,"Michael Pittman"
"3081",2023101506,1038,3.31369960573717,11.1033226438045,10.1496655452561,22,52442,"Michael Pittman"
"3082",2023101506,1365,7.90702697662947,14.913302814522,14.913302814522,24,52442,"Michael Pittman"
"3083",2023101506,1390,4.13042066038005,8.14670454996266,8.14670454996266,23,52442,"Michael Pittman"
"3084",2023101506,1618,18.7279817581115,33.0240772782842,33.0240772782842,24,52442,"Michael Pittman"
"3085",2023101506,1648,9.00417225459614,24.2670822295272,24.2670822295272,25,52442,"Michael Pittman"
"3086",2023101506,1671,10.5031562382417,24.5273065858458,23.5875676617653,28,52442,"Michael Pittman"
"3087",2023101506,2043,20.8004296342684,34.3966228641725,32.5345813589943,22,52442,"Michael Pittman"
"3088",2023101506,2068,20.4406801784858,28.1926165416505,21.8386584106659,28,52442,"Michael Pittman"
"3089",2023101506,2093,9.10945835949384,19.2897485442192,19.2897485442192,19,52442,"Michael Pittman"
"3090",2023101506,2408,11.3944333639742,18.7794012816452,18.5430575902311,21,52442,"Michael Pittman"
"3091",2023101506,2433,4.70293963988843,11.2801820283546,11.2694764469035,28,52442,"Michael Pittman"
"3092",2023101506,2463,13.2313105484101,44.2030699781153,38.4856910926585,33,52442,"Michael Pittman"
"3093",2023101506,3110,8.3225731422076,18.7961532365419,16.9831468312696,27,52442,"Michael Pittman"
"3094",2023101506,3133,22.4080333021646,31.7428781698866,25.3588304603581,26,52442,"Michael Pittman"
"3095",2023101506,3156,16.6908278332394,26.0467945381685,12.0937742361069,31,52442,"Michael Pittman"
"3096",2023101506,3181,7.15328879427813,19.997687252079,19.997687252079,28,52442,"Michael Pittman"
"3097",2023101506,3275,6.18919772018638,13.0357543784186,12.4734978295619,22,52442,"Michael Pittman"
"3098",2023101506,3367,22.2351268088787,58.4463474285178,58.4463474285178,22,52442,"Michael Pittman"
"3099",2023101506,3547,-4.22207283239204,-1.13725845421222,-2.40240761345859,24,52442,"Michael Pittman"
"3100",2023101506,3570,11.9831678965986,18.6430065205893,17.6580211655296,23,52442,"Michael Pittman"
"3101",2023101506,3605,5.32005932559032,20.7539827146372,20.7539827146372,24,52442,"Michael Pittman"
"3102",2023101506,3628,2.77570984934847,6.5969979529284,6.5969979529284,17,52442,"Michael Pittman"
"3103",2023101506,3675,26.7399679781789,48.7184562653587,48.7184562653587,24,52442,"Michael Pittman"
"3104",2023101506,3803,17.718520144538,58.038499678403,49.4293128528051,37,52442,"Michael Pittman"
"3105",2023101506,3828,6.5691009567189,16.1242725302212,15.985468661227,23,52442,"Michael Pittman"
"3106",2023101506,3853,3.09165468899293,7.25956989706954,7.25956989706954,24,52442,"Michael Pittman"
"3107",2023101506,4117,16.9399795295439,39.5348677542987,38.3554980656566,35,52442,"Michael Pittman"
"3108",2023101506,4285,5.0907817146086,18.0013861952891,14.7026959213297,23,52442,"Michael Pittman"
"3109",2023101506,4310,6.67499558228461,14.2109235082618,7.46572879340067,42,52442,"Michael Pittman"
"3110",2023101506,4333,7.15774377710889,17.5743026787695,17.3668536761285,29,52442,"Michael Pittman"
"3111",2023101506,4358,12.8130621058729,23.8283049316866,15.2861067502112,38,52442,"Michael Pittman"
"3112",2023101506,4381,22.6375438783858,90.7522531031605,90.7522531031605,28,52442,"Michael Pittman"
"3113",2023101506,4404,24.9388908847887,37.5875276331536,25.5597877825574,29,52442,"Michael Pittman"
"3114",2023101506,4434,25.4233975717483,39.0485021193513,24.0771305239333,34,52442,"Michael Pittman"
"3115",2023102202,205,11.7516953758362,18.6710129100591,18.6710129100591,24,52442,"Michael Pittman"
"3116",2023102202,230,3.63847820286491,9.50936991914395,9.50936991914395,26,52442,"Michael Pittman"
"3117",2023102202,287,14.4423375695356,29.0746236312618,29.0402067801474,28,52442,"Michael Pittman"
"3118",2023102202,685,14.7321415661538,85.9731029235964,80.3897049409912,27,52442,"Michael Pittman"
"3119",2023102202,715,6.40866366432308,11.9389263408479,11.5920234563882,24,52442,"Michael Pittman"
"3120",2023102202,1295,0.969237291423556,8.26801693422553,8.26801693422553,42,52442,"Michael Pittman"
"3121",2023102202,1375,10.3336048635194,23.2744750529085,23.2744750529085,17,52442,"Michael Pittman"
"3122",2023102202,1400,-3.77186641743663,-0.148115304986331,-4.83113852919186,40,52442,"Michael Pittman"
"3123",2023102202,1692,15.1063511232321,27.4056272382987,27.4056272382987,17,52442,"Michael Pittman"
"3124",2023102202,1717,10.3041348050794,28.9388921691651,28.3851039982995,36,52442,"Michael Pittman"
"3125",2023102202,1810,14.8762779834188,41.6865324685942,41.6865324685942,35,52442,"Michael Pittman"
"3126",2023102202,2867,15.8854219505291,35.5064906565193,32.6950241212012,34,52442,"Michael Pittman"
"3127",2023102202,3527,7.47418234932356,17.3955206298717,17.3955206298717,28,52442,"Michael Pittman"
"3128",2023102202,3607,7.59500039373884,13.548885396581,13.548885396581,23,52442,"Michael Pittman"
"3129",2023102202,3630,14.054748761277,16.9926373718626,13.89261395778,17,52442,"Michael Pittman"
"3130",2023102202,4175,12.6454051776365,23.7084850475645,23.7084850475645,24,52442,"Michael Pittman"
"3131",2023102202,4938,47.4674207050481,62.0218124504987,37.1970809061717,38,52442,"Michael Pittman"
"3132",2023102903,100,8.64860383038527,16.4870684799442,16.3438136169172,25,52442,"Michael Pittman"
"3133",2023102903,388,-0.0804355363130786,2.90808641647833,-2.16204783973816,22,52442,"Michael Pittman"
"3134",2023102903,493,15.1631261462827,43.65948237961,43.65948237961,21,52442,"Michael Pittman"
"3135",2023102903,779,0.54340077131532,6.02063298967339,6.02063298967339,30,52442,"Michael Pittman"
"3136",2023102903,804,7.20011211703236,10.0141257719084,8.98777465084201,18,52442,"Michael Pittman"
"3137",2023102903,885,7.13856299004896,13.5476420118815,13.1489526391648,16,52442,"Michael Pittman"
"3138",2023102903,937,17.1600992903456,28.448551377266,25.5628245264496,26,52442,"Michael Pittman"
"3139",2023102903,1170,8.5271744412866,14.0088176488592,14.0088176488592,27,52442,"Michael Pittman"
"3140",2023102903,1193,12.2900851398676,18.7721116347125,16.8480053869177,28,52442,"Michael Pittman"
"3141",2023102903,1715,19.7878510595655,45.5992302344285,37.4653178281973,28,52442,"Michael Pittman"
"3142",2023102903,1918,0.484351338454742,1.83331049961374,1.83331049961374,17,52442,"Michael Pittman"
"3143",2023102903,1941,19.5849086273767,39.5721251034839,29.5325130052091,44,52442,"Michael Pittman"
"3144",2023102903,1995,8.89189062361401,14.6193261376748,13.2635741970931,26,52442,"Michael Pittman"
"3145",2023102903,2086,9.24235294816697,16.4144300615288,16.4144300615288,40,52442,"Michael Pittman"
"3146",2023102903,2140,16.5143710202167,28.4783049983301,28.4783049983301,24,52442,"Michael Pittman"
"3147",2023102903,2518,9.97660444151759,17.8055801216116,17.8055801216116,21,52442,"Michael Pittman"
"3148",2023102903,2543,11.3578432309498,24.1195355104869,21.2075014896287,33,52442,"Michael Pittman"
"3149",2023102903,2765,-0.0596097001579082,1.92747713071325,1.77796505146433,18,52442,"Michael Pittman"
"3150",2023102903,2886,31.7940863326397,75.2916511775214,72.9738838157408,33,52442,"Michael Pittman"
"3151",2023102903,3217,4.4178198025017,7.12035695283762,7.12035695283762,22,52442,"Michael Pittman"
"3152",2023102903,3262,12.2016205344189,21.7102651804531,21.7102651804531,24,52442,"Michael Pittman"
"3153",2023102903,3680,18.6106011777476,31.3797129525527,10.7183580363112,53,52442,"Michael Pittman"
"3154",2023102903,3767,13.2075902287738,22.4334076689191,12.3934266681462,26,52442,"Michael Pittman"
"3155",2023102903,3792,9.08212457182076,24.027956322069,24.027956322069,24,52442,"Michael Pittman"
"3156",2023102903,4096,11.0827185934053,22.118550175956,19.6564722328718,22,52442,"Michael Pittman"
"3157",2023102903,4119,10.449857051581,38.0777550637233,33.1619380484664,31,52442,"Michael Pittman"
"3158",2023102903,4190,35.1938748299135,65.5597003334108,65.5597003334108,44,52442,"Michael Pittman"
"3159",2023102903,4570,23.9911976169837,61.7396045300952,49.9919215078725,31,52442,"Michael Pittman"
"3160",2023102903,4593,23.6036367056198,35.7742076068158,25.0581853956071,19,52442,"Michael Pittman"
"3161",2023110508,281,13.659559672725,25.839589621498,17.4100291543737,25,52442,"Michael Pittman"
"3162",2023110508,645,4.46424231612278,11.454012368766,11.454012368766,18,52442,"Michael Pittman"
"3163",2023110508,772,10.3441945905245,20.0634569539368,19.5285882301011,18,52442,"Michael Pittman"
"3164",2023110508,1285,16.6185828429069,49.382275018069,48.7016099414221,29,52442,"Michael Pittman"
"3165",2023110508,1310,5.03448164728232,14.9759357917325,14.9759357917325,18,52442,"Michael Pittman"
"3166",2023110508,1827,21.104966446393,44.0497712641729,37.1308065897851,42,52442,"Michael Pittman"
"3167",2023110508,1874,17.6631246735569,38.5720475036741,38.5720475036741,37,52442,"Michael Pittman"
"3168",2023110508,1937,14.8567887646549,30.9561898916558,22.4648470136583,25,52442,"Michael Pittman"
"3169",2023110508,1973,8.20109392290681,21.1227829393365,21.1227829393365,25,52442,"Michael Pittman"
"3170",2023110508,2003,13.675767121582,17.4179414557079,17.4179414557079,17,52442,"Michael Pittman"
"3171",2023110508,2412,5.48804636960826,8.82999576993203,8.82999576993203,15,52442,"Michael Pittman"
"3172",2023110508,2437,0.969177937782703,9.36274437509558,9.14394286583904,21,52442,"Michael Pittman"
"3173",2023110508,2942,11.6188237132044,48.6164014762227,48.6164014762227,32,52442,"Michael Pittman"
"3174",2023110508,2994,9.66159219582506,17.0092463213143,16.8292742818042,17,52442,"Michael Pittman"
"3175",2023110508,3064,17.37455570635,30.0197127635591,30.0197127635591,27,52442,"Michael Pittman"
"3176",2023111200,398,1.04096741087016,6.40075021998372,6.40075021998372,21,52442,"Michael Pittman"
"3177",2023111200,421,9.21582492570284,16.6511468236437,15.2035248366812,41,52442,"Michael Pittman"
"3178",2023111200,446,12.2959758755507,30.5988629779151,30.5988629779151,58,52442,"Michael Pittman"
"3179",2023111200,1023,14.9723184859529,27.9128461488429,27.9128461488429,25,52442,"Michael Pittman"
"3180",2023111200,1200,10.3868110707191,17.1142759104347,12.3748731810408,27,52442,"Michael Pittman"
"3181",2023111200,1364,19.7576330001787,87.5240754190016,75.1127156472996,41,52442,"Michael Pittman"
"3182",2023111200,1423,12.5627270970681,20.5465107037269,20.5465107037269,49,52442,"Michael Pittman"
"3183",2023111200,1448,5.0700455977542,8.96568675659482,8.56768237345754,20,52442,"Michael Pittman"
"3184",2023111200,1529,15.9891724232571,39.7475975115874,39.7475975115874,65,52442,"Michael Pittman"
"3185",2023111200,1779,21.5026141299488,37.4184219161954,36.965827266705,26,52442,"Michael Pittman"
"3186",2023111200,1843,11.4822914431424,18.8179612095779,8.47467333566419,22,52442,"Michael Pittman"
"3187",2023111200,1866,11.0983065089959,21.7461443125498,21.7461443125498,24,52442,"Michael Pittman"
"3188",2023111200,1889,26.5122693770812,46.7685525737371,21.0847000213876,36,52442,"Michael Pittman"
"3189",2023111200,1914,20.3589740708695,24.4231546398623,21.4688382894467,16,52442,"Michael Pittman"
"3190",2023111200,2064,11.3417302489688,17.3429824131211,17.3251235309821,24,52442,"Michael Pittman"
"3191",2023111200,2125,5.26806395125065,15.326740367409,15.326740367409,23,52442,"Michael Pittman"
"3192",2023111200,2155,19.1854862557305,43.59704076288,33.4469454956652,42,52442,"Michael Pittman"
"3193",2023111200,2401,8.77684452794059,22.2333202065652,22.2007060149613,25,52442,"Michael Pittman"
"3194",2023111200,2459,13.0231560148795,48.8800397336959,48.8800397336959,27,52442,"Michael Pittman"
"3195",2023111200,3017,15.8838343832592,28.3906812926062,21.7606341118791,69,52442,"Michael Pittman"
"3196",2023111200,3498,25.3169492994395,53.7806651247253,39.6145052507487,60,52442,"Michael Pittman"
"3197",2023111200,3581,27.0349681248339,41.1657771406538,22.3055144451851,25,52442,"Michael Pittman"
"3198",2023112603,523,1.79054229258977,10.4986614784625,10.4986614784625,18,52442,"Michael Pittman"
"3199",2023112603,548,6.21012069103398,24.351118220785,23.0916566773235,19,52442,"Michael Pittman"
"3200",2023112603,607,5.82344498698453,11.1979756502719,9.67716278806174,20,52442,"Michael Pittman"
"3201",2023112603,632,5.83590977533249,11.574191405321,10.5984530107364,19,52442,"Michael Pittman"
"3202",2023112603,657,3.34924961650505,8.74733416914136,8.74733416914136,29,52442,"Michael Pittman"
"3203",2023112603,704,-1.12224204743981,3.31779005078873,3.31779005078873,27,52442,"Michael Pittman"
"3204",2023112603,727,6.45029573228731,17.7560837705368,17.7560837705368,23,52442,"Michael Pittman"
"3205",2023112603,937,10.7828252162074,16.070381014447,13.8204666879533,18,52442,"Michael Pittman"
"3206",2023112603,1209,19.670251473832,31.3263335060542,31.3263335060542,60,52442,"Michael Pittman"
"3207",2023112603,1234,31.2718794353992,94.7797307915464,94.7797307915464,23,52442,"Michael Pittman"
"3208",2023112603,1304,4.69394738481065,10.6266440547158,10.6266440547158,17,52442,"Michael Pittman"
"3209",2023112603,1329,1.74955189779908,3.70214679723343,3.44856062693422,27,52442,"Michael Pittman"
"3210",2023112603,1566,3.1150999877043,11.231108741219,11.231108741219,21,52442,"Michael Pittman"
"3211",2023112603,1618,12.2684310693458,73.2623404986559,73.2623404986559,25,52442,"Michael Pittman"
"3212",2023112603,1767,16.8100607227078,40.4394197523449,25.6193742133713,34,52442,"Michael Pittman"
"3213",2023112603,1809,19.5201394352192,39.9332494666097,39.9332494666097,25,52442,"Michael Pittman"
"3214",2023112603,1832,28.0492827448997,39.8988407412542,35.6644573448586,30,52442,"Michael Pittman"
"3215",2023112603,2143,14.9936080532691,22.7137533007989,22.163011686174,30,52442,"Michael Pittman"
"3216",2023112603,2168,23.6166323880956,28.6702490807797,19.1921979338905,26,52442,"Michael Pittman"
"3217",2023112603,2214,24.9496605954847,37.5848675123069,37.5848675123069,21,52442,"Michael Pittman"
"3218",2023112603,2239,12.7163039162028,18.5393820056975,18.4105922666092,18,52442,"Michael Pittman"
"3219",2023112603,2357,10.9493999877076,14.6373797935922,12.9325626131508,23,52442,"Michael Pittman"
"3220",2023112603,2382,20.548004026043,25.3476078164529,25.2250323679687,22,52442,"Michael Pittman"
"3221",2023112603,2421,4.44391790768752,7.89881883090066,7.38346071883096,19,52442,"Michael Pittman"
"3222",2023112603,2469,2.46457773660576,3.41688758723694,3.05305234579095,24,52442,"Michael Pittman"
"3223",2023112603,2538,5.02687173165273,10.0956402147177,7.60579654325282,22,52442,"Michael Pittman"
"3224",2023112603,2561,12.9856503164303,20.2212408526702,16.1272269181811,25,52442,"Michael Pittman"
"3225",2023112603,2930,2.35822853790829,3.11595383817157,3.11595383817157,16,52442,"Michael Pittman"
"3226",2023112603,2960,18.6365653099424,28.3307813298126,28.3307813298126,19,52442,"Michael Pittman"
"3227",2023112603,2983,25.6981258991705,68.752317262579,68.752317262579,30,52442,"Michael Pittman"
"3228",2023112603,3338,-6.05116924161497,-2.88971933263077,-6.26612745706183,25,52442,"Michael Pittman"
"3229",2023112603,3363,19.5029821212816,34.5801439030204,31.8964013112103,20,52442,"Michael Pittman"
"3230",2023112603,3426,0.724808321644599,10.9344445024967,10.9344445024967,15,52442,"Michael Pittman"
"3231",2023112603,3456,18.2637798349473,29.8023478302238,25.6059516435974,22,52442,"Michael Pittman"
"3232",2023120305,232,7.47182062304857,15.1350921866207,15.1350921866207,20,52442,"Michael Pittman"
"3233",2023120305,273,13.8030118702972,42.7836686297004,42.7836686297004,35,52442,"Michael Pittman"
"3234",2023120305,1243,3.38714316669883,8.55072697427867,8.55072697427867,24,52442,"Michael Pittman"
"3235",2023120305,1543,-0.0851643336355382,6.99116150650484,6.99116150650484,25,52442,"Michael Pittman"
"3236",2023120305,1606,12.0715329822739,44.6009593800021,44.6009593800021,38,52442,"Michael Pittman"
"3237",2023120305,1645,3.39361120754886,7.1436707307664,7.1436707307664,25,52442,"Michael Pittman"
"3238",2023120305,1670,19.3709459291298,69.9486025019928,62.7935487943853,29,52442,"Michael Pittman"
"3239",2023120305,1721,9.43262706672925,16.5036374711064,14.4186883109417,34,52442,"Michael Pittman"
"3240",2023120305,1755,13.4336910846587,19.4532246935856,14.7510746388887,28,52442,"Michael Pittman"
"3241",2023120305,1960,3.88984915366016,8.317022503636,8.317022503636,19,52442,"Michael Pittman"
"3242",2023120305,1985,8.9219820371183,21.1661608096003,5.19567617697058,27,52442,"Michael Pittman"
"3243",2023120305,2032,35.7081318995723,95.9469790862885,95.9469790862885,37,52442,"Michael Pittman"
"3244",2023120305,2058,9.26122596877776,17.8716958668251,17.8716958668251,23,52442,"Michael Pittman"
"3245",2023120305,2340,4.3238378618952,10.5884758490417,10.5884758490417,17,52442,"Michael Pittman"
"3246",2023120305,2363,13.0109117710796,19.3223082196915,15.2527473107892,38,52442,"Michael Pittman"
"3247",2023120305,2416,16.8234237793475,25.9625512195362,17.716682082627,25,52442,"Michael Pittman"
"3248",2023120305,2601,2.41735105608307,9.40688237801013,8.86205593202792,20,52442,"Michael Pittman"
"3249",2023120305,2648,7.64995220874826,24.0767380047948,24.0767380047948,35,52442,"Michael Pittman"
"3250",2023120305,2693,17.5009653921607,26.0057089060553,24.6646476336143,18,52442,"Michael Pittman"
"3251",2023120305,2743,7.17994456973144,13.616093445444,13.616093445444,20,52442,"Michael Pittman"
"3252",2023120305,2863,10.4259098727056,25.4508745783937,25.2808212689061,27,52442,"Michael Pittman"
"3253",2023120305,2891,1.48979258616232,8.51217734972834,8.51217734972834,60,52442,"Michael Pittman"
"3254",2023120305,2914,4.33814754645856,8.7645463738065,8.7645463738065,20,52442,"Michael Pittman"
"3255",2023120305,3169,3.04073163685534,13.3413576827535,13.3413576827535,21,52442,"Michael Pittman"
"3256",2023120305,3201,9.26938939177903,25.4326341145421,25.4326341145421,33,52442,"Michael Pittman"
"3257",2023120305,4061,19.8219674900874,71.1379639120876,56.2515179698321,30,52442,"Michael Pittman"
"3258",2023120305,4241,5.59588583387988,17.210163729137,17.210163729137,49,52442,"Michael Pittman"
"3259",2023120305,4264,2.91782437316951,8.20863098253811,8.20863098253811,19,52442,"Michael Pittman"
"3260",2023120305,5057,3.96210804660524,6.58965783689995,6.45233866699936,23,52442,"Michael Pittman"
"3261",2023120305,5135,31.9643602011095,107.483570703947,107.483570703947,31,52442,"Michael Pittman"
"3262",2023120305,5160,4.99505849106474,8.32570169649503,7.44634722750205,17,52442,"Michael Pittman"
"3263",2023120305,5186,10.5822321375479,22.7626465471744,22.7626465471744,22,52442,"Michael Pittman"
"3264",2023121003,76,10.7721077437654,15.9404708528358,15.4175706626683,19,52442,"Michael Pittman"
"3265",2023121003,101,24.379859434921,38.6497959794967,23.6804650428886,36,52442,"Michael Pittman"
"3266",2023121003,239,4.03631855933265,11.999076802295,11.999076802295,19,52442,"Michael Pittman"
"3267",2023121003,271,11.880093691838,19.7060020762609,19.148740012926,23,52442,"Michael Pittman"
"3268",2023121003,318,9.43042332509399,15.8267357067674,13.8982849175001,28,52442,"Michael Pittman"
"3269",2023121003,343,4.55401182274211,6.92057376209602,6.67977191524843,20,52442,"Michael Pittman"
"3270",2023121003,529,5.68765506064768,16.6513040711949,16.6513040711949,16,52442,"Michael Pittman"
"3271",2023121003,554,7.27307837619357,12.7794168124244,7.3194848540616,23,52442,"Michael Pittman"
"3272",2023121003,621,-3.74928158418595,-3.25671651788139,-3.25671651788139,22,52442,"Michael Pittman"
"3273",2023121003,759,13.6068424744778,37.4887734309167,35.7204988687779,28,52442,"Michael Pittman"
"3274",2023121003,782,17.5814902692983,22.9092124062166,17.1955596022652,21,52442,"Michael Pittman"
"3275",2023121003,1299,7.65137064862538,12.9572171803136,12.5795849646941,30,52442,"Michael Pittman"
"3276",2023121003,1322,20.1524940185801,54.3205281497683,52.4069545533334,32,52442,"Michael Pittman"
"3277",2023121003,1358,10.6266852934966,19.7309325325663,18.5220116724978,28,52442,"Michael Pittman"
"3278",2023121003,1428,21.0352128823525,36.6827830914027,30.2965198610986,18,52442,"Michael Pittman"
"3279",2023121003,1453,10.266107713842,20.2412503095221,19.7631007896849,23,52442,"Michael Pittman"
"3280",2023121003,1476,7.76496690925504,13.2085784662977,11.7497929743778,24,52442,"Michael Pittman"
"3281",2023121003,2322,18.7865687683504,53.3838317303867,51.1687795351041,32,52442,"Michael Pittman"
"3282",2023121003,2379,4.87406472717883,7.79513463297944,7.74355185993306,27,52442,"Michael Pittman"
"3283",2023121003,2402,29.7208956206026,41.4561620023315,29.6677787663915,21,52442,"Michael Pittman"
"3284",2023121003,2821,14.3209132272911,53.3710401060854,53.3710401060854,36,52442,"Michael Pittman"
"3285",2023121003,2846,9.63272645129524,12.392226965208,11.5463057274223,25,52442,"Michael Pittman"
"3286",2023121003,3241,1.44777129722735,5.4757773284291,5.4757773284291,18,52442,"Michael Pittman"
"3287",2023121003,3266,7.95661217410185,23.6846181937418,23.6846181937418,19,52442,"Michael Pittman"
"3288",2023121003,3291,10.0792720186139,30.4470677648919,30.0279410320347,24,52442,"Michael Pittman"
"3289",2023121003,3316,13.1903728965845,62.6400168987762,46.384526694561,30,52442,"Michael Pittman"
"3290",2023121003,3375,25.0918631511231,60.2694882945146,57.690308842237,35,52442,"Michael Pittman"
"3291",2023121003,3589,5.17000765321124,10.5775914844027,9.91027211544965,21,52442,"Michael Pittman"
"3292",2023121003,3614,8.05005137660133,15.8026057148427,15.8026057148427,26,52442,"Michael Pittman"
"3293",2023121003,3639,10.3611067342149,19.1930796510705,17.4174944459791,29,52442,"Michael Pittman"
"3294",2023121003,3703,11.7475704068758,24.2136382035774,21.6059815345237,17,52442,"Michael Pittman"
"3295",2023121003,3728,13.1696153831433,20.2913560057683,18.1142022859543,23,52442,"Michael Pittman"
"3296",2023121601,155,10.478580393206,20.2471126140731,20.2471126140731,22,52442,"Michael Pittman"
"3297",2023121601,180,14.6756647208928,24.105877338348,17.2514118793673,28,52442,"Michael Pittman"
"3298",2023121601,210,4.87273639088872,10.8375583838334,10.8375583838334,21,52442,"Michael Pittman"
"3299",2023121601,240,4.93133053321509,10.734833702534,10.734833702534,20,52442,"Michael Pittman"
"3300",2023121601,354,13.5860387962792,26.1155403242217,25.3456066402774,16,52442,"Michael Pittman"
"3301",2023121601,823,22.2497123958179,98.7067521222712,73.7218570034117,35,52442,"Michael Pittman"
"3302",2023121601,1056,13.0163962384293,25.4150748131724,25.4150748131724,20,52442,"Michael Pittman"
"3303",2023121601,1202,10.1895039545975,17.9122040366034,9.01760169548181,26,52442,"Michael Pittman"
"3304",2023123105,100,11.4028999639456,29.4833834864185,29.4833834864185,40,52442,"Michael Pittman"
"3305",2023123105,600,14.4458327795501,28.2876654693179,25.2601667519111,22,52442,"Michael Pittman"
"3306",2023123105,789,3.83781838599941,10.087291421905,8.7100867454036,26,52442,"Michael Pittman"
"3307",2023123105,819,3.00545454001974,6.36212076570859,3.68087626897196,23,52442,"Michael Pittman"
"3308",2023123105,1124,4.79667296551909,15.995295957265,15.995295957265,22,52442,"Michael Pittman"
"3309",2023123105,1182,2.43786655814287,10.8272590778005,10.8272590778005,15,52442,"Michael Pittman"
"3310",2023123105,1207,18.1701256820034,30.843645718714,29.5746839985514,42,52442,"Michael Pittman"
"3311",2023123105,1232,23.1978818710528,84.0893826844515,84.0893826844515,25,52442,"Michael Pittman"
"3312",2023123105,1604,20.0837314945644,57.3356691469447,56.924029995021,38,52442,"Michael Pittman"
"3313",2023123105,1629,5.75434398832781,6.57049474919986,5.98633341201878,30,52442,"Michael Pittman"
"3314",2023123105,2489,-1.92365432894954,5.69210114622678,5.47969748840851,33,52442,"Michael Pittman"
"3315",2023123105,2512,37.425991695251,85.8899302553629,68.3131793396061,36,52442,"Michael Pittman"
"3316",2023123105,2537,16.7243564406666,56.9410469191166,56.0537544222437,34,52442,"Michael Pittman"
"3317",2023123105,2562,12.6466369197538,74.783214212339,74.783214212339,33,52442,"Michael Pittman"
"3318",2023123105,2636,12.596095231559,20.6123221142684,20.6123221142684,29,52442,"Michael Pittman"
"3319",2023123105,2672,-0.32365705778879,12.7518859501923,12.7518859501923,25,52442,"Michael Pittman"
"3320",2024010601,112,3.63597889058591,10.7337434615611,10.6577188261967,19,52442,"Michael Pittman"
"3321",2024010601,142,11.0938421178514,27.669008899452,27.669008899452,36,52442,"Michael Pittman"
"3322",2024010601,167,8.28084969756952,30.2077235175312,16.5776174071815,51,52442,"Michael Pittman"
"3323",2024010601,302,9.88639617430778,16.2387241772859,12.1063010000749,34,52442,"Michael Pittman"
"3324",2024010601,474,-1.14074204009364,-0.804262057271781,-1.53960452467397,18,52442,"Michael Pittman"
"3325",2024010601,759,7.95821217431577,13.950833032036,10.6706230355873,30,52442,"Michael Pittman"
"3326",2024010601,782,5.10242174619429,12.8492389991666,12.8492389991666,18,52442,"Michael Pittman"
"3327",2024010601,1418,1.69360904319132,6.3265940460173,4.84050094285389,22,52442,"Michael Pittman"
"3328",2024010601,1950,12.219728023736,34.967253641702,34.967253641702,27,52442,"Michael Pittman"
"3329",2024010601,2437,11.464868186425,28.5069711272622,28.5069711272622,26,52442,"Michael Pittman"
"3330",2024010601,2950,13.5646228120435,28.2379473780689,16.9355908430948,38,52442,"Michael Pittman"
"3331",2024010601,2997,20.3371173571971,41.7566556953998,41.7566556953998,35,52442,"Michael Pittman"
"3332",2024010601,3207,13.549479621034,22.5107438303984,21.4401611404764,23,52442,"Michael Pittman"
"3333",2024010601,3697,7.00728785446554,10.7999935182507,10.0242183363397,19,52442,"Michael Pittman"
"3334",2024010601,3744,9.59893096894265,17.6657381704881,17.6657381704881,25,52442,"Michael Pittman"
"3335",2023091100,58,2.02234869062173,5.32053657358618,5.32053657358618,19,42489,"Stefon Diggs"
"3336",2023091100,152,9.1420459434157,14.52395708581,12.443704796444,16,42489,"Stefon Diggs"
"3337",2023091100,482,14.9019861930959,39.3203678380083,28.205828288361,34,42489,"Stefon Diggs"
"3338",2023091100,534,2.24798568850603,7.70447195289668,7.70447195289668,22,42489,"Stefon Diggs"
"3339",2023091100,559,11.6840898918632,21.8027511270027,21.8027511270027,20,42489,"Stefon Diggs"
"3340",2023091100,629,18.1002957131888,31.748603173949,31.748603173949,44,42489,"Stefon Diggs"
"3341",2023091100,962,17.2748215014993,24.2272010330866,24.2272010330866,24,42489,"Stefon Diggs"
"3342",2023091100,993,19.678154102642,48.8931848729732,48.8931848729732,47,42489,"Stefon Diggs"
"3343",2023091100,1186,9.12559110063096,14.7246495781522,13.7253708440104,26,42489,"Stefon Diggs"
"3344",2023091100,1356,16.4066948997656,28.0579959883976,26.8562221590531,36,42489,"Stefon Diggs"
"3345",2023091100,1589,4.69636069013961,9.90274404940763,9.90274404940763,20,42489,"Stefon Diggs"
"3346",2023091100,1664,9.20971370900668,11.3832773581009,9.6386526648191,18,42489,"Stefon Diggs"
"3347",2023091100,1701,22.1266075240336,56.4710366811515,56.4710366811515,26,42489,"Stefon Diggs"
"3348",2023091100,1775,9.33610874637305,24.2512143320873,23.4365374655528,32,42489,"Stefon Diggs"
"3349",2023091100,2281,3.76564880922257,6.70492238984463,6.47811303023518,41,42489,"Stefon Diggs"
"3350",2023091100,2306,3.12349876679115,7.96675001224162,7.96675001224162,17,42489,"Stefon Diggs"
"3351",2023091100,2383,6.62528658866605,10.9914549812297,9.26175855359757,36,42489,"Stefon Diggs"
"3352",2023091100,2428,28.8810744129514,65.9137487154234,65.9137487154234,33,42489,"Stefon Diggs"
"3353",2023091100,2655,4.4153359902808,10.2704654326264,10.2704654326264,18,42489,"Stefon Diggs"
"3354",2023091100,2844,1.8323784879089,7.88442676001666,6.62108907716683,23,42489,"Stefon Diggs"
"3355",2023091100,2916,8.05951727296915,16.7311673353522,16.7311673353522,18,42489,"Stefon Diggs"
"3356",2023091100,2941,12.7667994264344,36.7103244281156,36.7103244281156,26,42489,"Stefon Diggs"
"3357",2023091100,3015,7.91024061604233,21.4334482861211,21.4334482861211,25,42489,"Stefon Diggs"
"3358",2023091100,3593,5.73427922374101,10.1868482072062,7.99266727372886,18,42489,"Stefon Diggs"
"3359",2023091100,3618,17.739108564705,31.1375392269076,26.515095827063,31,42489,"Stefon Diggs"
"3360",2023091100,3684,20.3590047221678,53.0300347781058,44.8840740370519,29,42489,"Stefon Diggs"
"3361",2023091100,3716,14.2286884894445,24.2029657131663,24.2000879374462,18,42489,"Stefon Diggs"
"3362",2023091100,3942,8.47683883871679,13.5512614346453,13.4404920062654,23,42489,"Stefon Diggs"
"3363",2023091100,3987,24.7387793159098,43.2151950218263,21.8199590686585,33,42489,"Stefon Diggs"
"3364",2023091701,415,1.63964552192922,10.8574729561397,9.99548555239158,23,42489,"Stefon Diggs"
"3365",2023091701,487,12.7312718873986,20.6617944049176,19.9087074845484,19,42489,"Stefon Diggs"
"3366",2023091701,512,11.7346277212255,23.9128655114403,22.3044197636459,33,42489,"Stefon Diggs"
"3367",2023091701,757,13.2500913492146,43.7158182465925,43.7158182465925,32,42489,"Stefon Diggs"
"3368",2023091701,782,6.14694978833444,7.4970757545877,7.30056920552295,18,42489,"Stefon Diggs"
"3369",2023091701,807,10.0473660635456,46.3986366245362,46.3986366245362,26,42489,"Stefon Diggs"
"3370",2023091701,832,17.3418393950444,22.8344029102013,20.4903743251887,17,42489,"Stefon Diggs"
"3371",2023091701,857,14.5413412475791,29.2317897551195,29.028359255515,37,42489,"Stefon Diggs"
"3372",2023091701,936,14.3806612613452,22.4479853465146,15.9714820776331,16,42489,"Stefon Diggs"
"3373",2023091701,1039,16.0904435554373,21.3225252465904,21.3225252465904,33,42489,"Stefon Diggs"
"3374",2023091701,1395,-0.139001247684166,-0.0519896889833148,-0.151277076877947,36,42489,"Stefon Diggs"
"3375",2023091701,1697,13.1404803243654,22.9383301918967,22.9383301918967,41,42489,"Stefon Diggs"
"3376",2023091701,1727,13.9521869429977,21.3044152144225,11.774837113029,24,42489,"Stefon Diggs"
"3377",2023091701,1752,20.3695869023846,54.5670662377549,49.5747917617658,40,42489,"Stefon Diggs"
"3378",2023091701,1811,14.656125408687,18.2663587710893,18.2428954560358,19,42489,"Stefon Diggs"
"3379",2023091701,1908,13.1382688484868,23.9521642892416,23.9521642892416,30,42489,"Stefon Diggs"
"3380",2023091701,1938,12.8447128116196,19.3705071113034,11.861409382516,25,42489,"Stefon Diggs"
"3381",2023091701,1961,15.197188910704,25.2460938020127,19.2066476412653,34,42489,"Stefon Diggs"
"3382",2023091701,2168,12.7577278313196,35.4787303289747,31.4360383366102,38,42489,"Stefon Diggs"
"3383",2023091701,2267,14.5238877786482,35.1286848257708,30.9115757352921,30,42489,"Stefon Diggs"
"3384",2023091701,2337,6.22604621497415,8.34795516617854,8.34795516617854,23,42489,"Stefon Diggs"
"3385",2023091701,2435,10.1673918993766,13.9235916566741,11.64419801724,28,42489,"Stefon Diggs"
"3386",2023091701,2465,18.4567133602561,30.5019337731512,14.0752529154164,44,42489,"Stefon Diggs"
"3387",2023091701,2675,5.09366407537295,15.8827425129958,15.8827425129958,54,42489,"Stefon Diggs"
"3388",2023091701,2705,4.86816349425659,8.85939430368586,8.85939430368586,18,42489,"Stefon Diggs"
"3389",2023091701,2752,24.3699020824229,74.2000710180387,37.5038222457246,32,42489,"Stefon Diggs"
"3390",2023091701,3144,6.62500549185161,11.3925032018871,11.3925032018871,24,42489,"Stefon Diggs"
"3391",2023092408,146,21.4831055747308,45.0858483962513,45.0858483962513,20,42489,"Stefon Diggs"
"3392",2023092408,171,29.0763284255944,63.3980695226447,63.3980695226447,49,42489,"Stefon Diggs"
"3393",2023092408,232,3.98396081428208,11.0154565850581,10.9310262381531,33,42489,"Stefon Diggs"
"3394",2023092408,546,37.5926197935843,101.315806086475,54.7917366000018,34,42489,"Stefon Diggs"
"3395",2023092408,598,13.6110721223907,18.6162943598575,13.9416016576065,32,42489,"Stefon Diggs"
"3396",2023092408,668,22.2541084266262,38.3328808573211,34.3244968984155,31,42489,"Stefon Diggs"
"3397",2023092408,840,-3.86645092330307,0,-13.2349922179648,33,42489,"Stefon Diggs"
"3398",2023092408,1197,9.11925418725073,13.2079872379672,10.776129909268,26,42489,"Stefon Diggs"
"3399",2023092408,1338,22.1464287436839,55.9754683621459,55.9754683621459,43,42489,"Stefon Diggs"
"3400",2023092408,1368,21.2727916954423,71.8360090333586,71.8360090333586,34,42489,"Stefon Diggs"
"3401",2023092408,1442,8.04074997715885,12.0445393788717,12.0445393788717,21,42489,"Stefon Diggs"
"3402",2023092408,1525,7.55985003237312,17.6393836460141,17.6393836460141,18,42489,"Stefon Diggs"
"3403",2023092408,1803,14.5393293234325,22.0319758878665,22.0319758878665,25,42489,"Stefon Diggs"
"3404",2023092408,1826,10.7257762366213,21.8575134974072,21.8575134974072,29,42489,"Stefon Diggs"
"3405",2023092408,1849,17.6342232588845,39.4603662829794,39.4603662829794,24,42489,"Stefon Diggs"
"3406",2023092408,2295,21.7683508770389,80.9577296479518,80.9577296479518,44,42489,"Stefon Diggs"
"3407",2023092408,2376,15.7033671779012,45.6529726377287,39.5163744754598,32,42489,"Stefon Diggs"
"3408",2023092408,2449,17.4343387865081,39.9977016188394,7.99296469092033,51,42489,"Stefon Diggs"
"3409",2023092408,2709,28.9766561550008,78.2329535137889,61.0409169300196,35,42489,"Stefon Diggs"
"3410",2023092408,2893,24.2692017519131,83.1721490350033,83.1721490350033,30,42489,"Stefon Diggs"
"3411",2023092408,2918,5.55197005426878,14.18822296967,10.2890565044895,29,42489,"Stefon Diggs"
"3412",2023092408,2965,7.35789870950663,12.7568398243941,12.4643239960498,17,42489,"Stefon Diggs"
"3413",2023100101,81,18.2658302484311,56.5751387455271,30.5821656529851,41,42489,"Stefon Diggs"
"3414",2023100101,128,5.29706531228018,10.3167785454303,10.3167785454303,19,42489,"Stefon Diggs"
"3415",2023100101,197,28.3710815515025,104.56006839005,98.4071296682614,33,42489,"Stefon Diggs"
"3416",2023100101,589,6.80364547018701,13.7715183903171,13.4473053775369,21,42489,"Stefon Diggs"
"3417",2023100101,614,9.3811773045378,15.1554364999229,14.9901076645819,23,42489,"Stefon Diggs"
"3418",2023100101,639,11.9579973238337,26.9576703183816,26.9576703183816,16,42489,"Stefon Diggs"
"3419",2023100101,671,12.9593449928386,22.3990069413555,22.3990069413555,19,42489,"Stefon Diggs"
"3420",2023100101,1198,8.89545879556399,18.1684173184402,18.1684173184402,21,42489,"Stefon Diggs"
"3421",2023100101,1304,5.90833226195107,15.5970768628344,15.5970768628344,15,42489,"Stefon Diggs"
"3422",2023100101,1617,6.57676151168828,14.9733816817605,14.9733816817605,17,42489,"Stefon Diggs"
"3423",2023100101,1676,8.35490935285168,15.9446242259858,14.6927349870726,26,42489,"Stefon Diggs"
"3424",2023100101,1878,12.5983205907672,26.5051928974859,26.5051928974859,35,42489,"Stefon Diggs"
"3425",2023100101,2100,19.2431554987766,32.036435482305,29.6296247550312,30,42489,"Stefon Diggs"
"3426",2023100101,2682,6.02536438873484,15.3800223682813,15.3800223682813,21,42489,"Stefon Diggs"
"3427",2023100101,2707,21.1615254216498,66.1852252544236,15.2001816415807,61,42489,"Stefon Diggs"
"3428",2023100101,2941,11.9476720608706,16.7516942801507,16.6186786023285,22,42489,"Stefon Diggs"
"3429",2023100101,2966,12.8918044726892,21.0249770803643,7.76462081636585,43,42489,"Stefon Diggs"
"3430",2023100101,2996,13.7692576127018,29.5578512989414,29.5559125273088,29,42489,"Stefon Diggs"
"3431",2023100101,3216,9.93457982783052,22.8680259320552,22.8680259320552,27,42489,"Stefon Diggs"
"3432",2023100101,3567,11.6186397244944,22.6163509453917,21.2672140377906,36,42489,"Stefon Diggs"
"3433",2023100800,220,9.69431431129907,14.6580063450297,13.6212202650545,21,42489,"Stefon Diggs"
"3434",2023100800,245,7.79912638098171,16.8311946499322,16.8311946499322,17,42489,"Stefon Diggs"
"3435",2023100800,657,18.8216692613244,22.6821183935229,16.966253497216,15,42489,"Stefon Diggs"
"3436",2023100800,682,9.54689042508176,14.9789347041604,14.9789347041604,25,42489,"Stefon Diggs"
"3437",2023100800,1006,11.6533699380346,22.8031791878588,22.8031791878588,15,42489,"Stefon Diggs"
"3438",2023100800,1053,0.0251028823729975,0.101639154509284,0,21,42489,"Stefon Diggs"
"3439",2023100800,1120,18.0156865907417,32.9714180085825,32.9714180085825,61,42489,"Stefon Diggs"
"3440",2023100800,1479,28.5602859539696,82.7913270187647,79.4953338947285,31,42489,"Stefon Diggs"
"3441",2023100800,1516,-0.0342243952184157,12.6420171007166,12.6420171007166,26,42489,"Stefon Diggs"
"3442",2023100800,1563,14.4208270886865,17.9534481426244,14.9320173485537,16,42489,"Stefon Diggs"
"3443",2023100800,1744,3.03082675961429,10.9501106561669,10.9501106561669,21,42489,"Stefon Diggs"
"3444",2023100800,1796,12.4061152413686,46.5207157013112,45.2177399972428,31,42489,"Stefon Diggs"
"3445",2023100800,1821,15.3225584005241,41.2301469417087,36.0207868538884,37,42489,"Stefon Diggs"
"3446",2023100800,1933,18.5984458014826,26.0200997125883,18.8763905919029,18,42489,"Stefon Diggs"
"3447",2023100800,1990,6.74866013614413,11.3700257838329,6.36983568344412,21,42489,"Stefon Diggs"
"3448",2023100800,2020,14.1963303442824,32.5472699268396,32.5472699268396,26,42489,"Stefon Diggs"
"3449",2023100800,2342,0.27780297626312,16.4275709327944,16.4275709327944,24,42489,"Stefon Diggs"
"3450",2023100800,2389,8.04425701719674,14.5345953734099,14.1368505978449,16,42489,"Stefon Diggs"
"3451",2023100800,2782,6.56681368840576,16.4550664851161,16.4550664851161,17,42489,"Stefon Diggs"
"3452",2023100800,2835,34.7763410620702,59.1266299381577,59.0812247546864,44,42489,"Stefon Diggs"
"3453",2023100800,3443,15.1049642794528,21.7670077032769,19.4559771039486,46,42489,"Stefon Diggs"
"3454",2023100800,3466,56.3640045655422,147.78151368536,147.78151368536,47,42489,"Stefon Diggs"
"3455",2023100800,3917,11.910317004783,29.851161490313,29.4272409347496,36,42489,"Stefon Diggs"
"3456",2023100800,3975,16.7423946936433,26.2312910973189,21.9453354829917,39,42489,"Stefon Diggs"
"3457",2023100800,4000,27.767019072687,56.907565664783,52.2134155968229,48,42489,"Stefon Diggs"
"3458",2023100800,4030,20.48848815299,26.0451753274463,15.964981010424,18,42489,"Stefon Diggs"
"3459",2023100800,4113,13.0229485957269,18.6181235615669,17.9131295205891,23,42489,"Stefon Diggs"
"3460",2023100800,4174,5.1745098882732,10.4123091328383,10.4123091328383,21,42489,"Stefon Diggs"
"3461",2023100800,4235,13.2977750910225,24.6757042279597,24.4111262418792,36,42489,"Stefon Diggs"
"3462",2023100800,4478,14.1363712186711,55.0410887091192,55.0410887091192,34,42489,"Stefon Diggs"
"3463",2023100800,4503,24.077573499923,59.0478780466613,50.6562536655083,42,42489,"Stefon Diggs"
"3464",2023100800,4731,8.46691772430812,29.0866327097738,27.5028097498531,29,42489,"Stefon Diggs"
"3465",2023101512,59,3.38034156603885,8.40392351421346,7.85240907179281,17,42489,"Stefon Diggs"
"3466",2023101512,96,6.90245959192951,19.322489824836,19.322489824836,20,42489,"Stefon Diggs"
"3467",2023101512,124,10.7109751883269,60.2472687273872,60.2472687273872,36,42489,"Stefon Diggs"
"3468",2023101512,310,10.289044600524,25.9192104317987,25.9192104317987,23,42489,"Stefon Diggs"
"3469",2023101512,359,5.73589245189823,11.3239829173303,11.3239829173303,18,42489,"Stefon Diggs"
"3470",2023101512,423,16.0880124833325,40.7239059351644,31.6630144898221,32,42489,"Stefon Diggs"
"3471",2023101512,845,14.9797677528286,44.6269588489277,44.6269588489277,42,42489,"Stefon Diggs"
"3472",2023101512,948,6.9820269067693,12.830729309893,12.5208024791871,21,42489,"Stefon Diggs"
"3473",2023101512,973,11.3621589985667,18.49861403104,18.49861403104,44,42489,"Stefon Diggs"
"3474",2023101512,1155,13.8241803489484,21.2322249788709,16.5434070265119,34,42489,"Stefon Diggs"
"3475",2023101512,1518,16.7066117833224,21.8196256289897,13.1973377102642,23,42489,"Stefon Diggs"
"3476",2023101512,1541,8.07084143420963,15.259433825599,15.259433825599,38,42489,"Stefon Diggs"
"3477",2023101512,2074,20.3781907708676,46.7529215729512,30.1434126109647,29,42489,"Stefon Diggs"
"3478",2023101512,2108,9.06130577795094,16.1985220127415,16.1985220127415,27,42489,"Stefon Diggs"
"3479",2023101512,2765,24.6333351895797,63.4300769654488,26.7857747887601,41,42489,"Stefon Diggs"
"3480",2023101512,2834,4.1388003002181,9.05069607217364,9.05069607217364,17,42489,"Stefon Diggs"
"3481",2023101512,2913,8.6505158224803,13.1031987488767,6.24283594710025,36,42489,"Stefon Diggs"
"3482",2023101512,2982,5.69906405599155,9.19340600184246,9.05389077935491,19,42489,"Stefon Diggs"
"3483",2023101512,3464,5.3078864592989,17.1718475170114,17.1718475170114,33,42489,"Stefon Diggs"
"3484",2023101512,3572,38.7735637937002,112.945627485966,95.2760315083964,63,42489,"Stefon Diggs"
"3485",2023101512,3666,2.51644599974003,7.33340593204333,7.33340593204333,25,42489,"Stefon Diggs"
"3486",2023101512,3691,7.3752708448218,20.2662041106211,17.7419758011772,23,42489,"Stefon Diggs"
"3487",2023101512,3738,11.4549498704889,23.1848838098954,19.8600660127499,52,42489,"Stefon Diggs"
"3488",2023101512,4068,6.13750302550543,12.2943393882156,12.2943393882156,35,42489,"Stefon Diggs"
"3489",2023102203,291,39.2744404659156,111.46912983997,110.964889384903,34,42489,"Stefon Diggs"
"3490",2023102203,567,9.8535698327236,15.0551132672267,11.467749743388,23,42489,"Stefon Diggs"
"3491",2023102203,625,17.7894693425528,36.8400188082942,35.9809283026661,43,42489,"Stefon Diggs"
"3492",2023102203,913,28.3490793430969,101.264342882071,100.243845444679,62,42489,"Stefon Diggs"
"3493",2023102203,1106,7.35624424382341,18.3565182745514,12.0886967557447,26,42489,"Stefon Diggs"
"3494",2023102203,1208,28.1057895250227,74.4754855247609,64.2773513226909,44,42489,"Stefon Diggs"
"3495",2023102203,1415,4.1690588346957,12.8243529916708,12.8243529916708,18,42489,"Stefon Diggs"
"3496",2023102203,1462,21.3001862268617,55.8618047292869,30.8884267335429,32,42489,"Stefon Diggs"
"3497",2023102203,1487,4.57211616510076,11.0845009996149,11.0845009996149,19,42489,"Stefon Diggs"
"3498",2023102203,1983,13.9620985602346,41.5055792620754,41.5055792620754,35,42489,"Stefon Diggs"
"3499",2023102203,2008,1.10807971619604,7.02665481192049,7.02665481192049,23,42489,"Stefon Diggs"
"3500",2023102203,2066,14.2857087253961,34.0673137640897,32.1806925534299,30,42489,"Stefon Diggs"
"3501",2023102203,2152,-1.19092049720619,4.67985633819024,4.67985633819024,25,42489,"Stefon Diggs"
"3502",2023102203,2199,18.8354328217222,40.398923605076,40.398923605076,50,42489,"Stefon Diggs"
"3503",2023102203,2224,29.7599958354313,35.1761817205426,28.0844672639275,18,42489,"Stefon Diggs"
"3504",2023102203,2580,24.1706153820751,64.644297200845,64.2595278477279,35,42489,"Stefon Diggs"
"3505",2023102203,2603,19.7457411914378,93.729247276963,93.729247276963,39,42489,"Stefon Diggs"
"3506",2023102203,2729,26.5416262519673,74.6498759411841,14.9213319105219,47,42489,"Stefon Diggs"
"3507",2023102203,2841,17.770868292096,29.3021255985419,21.4578880218954,19,42489,"Stefon Diggs"
"3508",2023102203,2866,29.2346763234522,73.4728868199091,73.4728868199091,49,42489,"Stefon Diggs"
"3509",2023102203,3259,6.59931414458639,35.2776102503724,31.9616079210702,33,42489,"Stefon Diggs"
"3510",2023102203,3284,7.55718263800244,11.425251318382,10.6872839193939,22,42489,"Stefon Diggs"
"3511",2023102203,3393,28.6468773837094,50.6226571257911,49.7798154255527,23,42489,"Stefon Diggs"
"3512",2023102203,3557,17.082467397787,25.1148610211604,22.3626320461082,38,42489,"Stefon Diggs"
"3513",2023102203,3651,32.0338562382529,45.4592590164115,44.2419105574085,20,42489,"Stefon Diggs"
"3514",2023102203,3694,11.3375528207517,19.567522047938,19.567522047938,35,42489,"Stefon Diggs"
"3515",2023102203,4129,31.4738504084534,56.2301138748914,42.9182075814462,49,42489,"Stefon Diggs"
"3516",2023102600,253,4.03432290456459,11.2005505126778,11.2005505126778,20,42489,"Stefon Diggs"
"3517",2023102600,307,4.33067255002746,16.9578867856151,16.9578867856151,26,42489,"Stefon Diggs"
"3518",2023102600,337,0.368546820957665,2.19729416661837,2.19729416661837,16,42489,"Stefon Diggs"
"3519",2023102600,367,4.22977528917451,20.5723011203819,20.5723011203819,19,42489,"Stefon Diggs"
"3520",2023102600,451,12.6520316944102,19.3159737103632,18.594511914928,28,42489,"Stefon Diggs"
"3521",2023102600,476,5.58240911598151,9.45527805142621,9.30906900672176,20,42489,"Stefon Diggs"
"3522",2023102600,800,19.2301654183265,42.4238994550268,25.3350728765117,51,42489,"Stefon Diggs"
"3523",2023102600,884,0.0402769824653751,0.060403019549834,0,17,42489,"Stefon Diggs"
"3524",2023102600,934,21.4945021774281,90.1542428586633,47.8790957320179,50,42489,"Stefon Diggs"
"3525",2023102600,1048,7.90860839739909,9.28565519046455,8.67199221873999,13,42489,"Stefon Diggs"
"3526",2023102600,1731,8.70529384596879,13.4219452336411,9.37075620517127,23,42489,"Stefon Diggs"
"3527",2023102600,1859,-0.924992813826559,0.76568799673951,0.76568799673951,17,42489,"Stefon Diggs"
"3528",2023102600,1904,35.886595659071,65.2041375016748,65.2041375016748,40,42489,"Stefon Diggs"
"3529",2023102600,2318,0.494406507517677,2.06562677151323,2.06562677151323,16,42489,"Stefon Diggs"
"3530",2023102600,2453,-2.55107577234509,4.46062652034444,3.72648933996478,19,42489,"Stefon Diggs"
"3531",2023102600,2478,0,0,0,13,42489,"Stefon Diggs"
"3532",2023102600,2539,10.8197732944514,16.4626338074082,14.908120886267,36,42489,"Stefon Diggs"
"3533",2023102600,2780,1.8863185649067,6.86154581577421,6.86154581577421,14,42489,"Stefon Diggs"
"3534",2023102600,2805,9.27048243071594,23.3889798963777,8.80631220520742,44,42489,"Stefon Diggs"
"3535",2023102600,2860,6.00423672055695,50.9054284249519,50.9054284249519,35,42489,"Stefon Diggs"
"3536",2023102600,2883,10.636013873939,17.2095453377198,16.7611037006759,22,42489,"Stefon Diggs"
"3537",2023102600,3070,0,0,0,13,42489,"Stefon Diggs"
"3538",2023102600,3129,1.37808725600908,8.41586141563414,8.41586141563414,16,42489,"Stefon Diggs"
"3539",2023102600,3159,10.5462531541941,16.1855161381342,10.968781752236,21,42489,"Stefon Diggs"
"3540",2023102600,3182,0,0,0,12,42489,"Stefon Diggs"
"3541",2023102600,3318,22.6834479597664,33.2238308819896,25.3779941562402,22,42489,"Stefon Diggs"
"3542",2023102600,3542,17.3443609228212,46.7204358693193,46.7204358693193,33,42489,"Stefon Diggs"
"3543",2023102600,3619,19.4200312533448,23.2752744971475,20.3527009052601,19,42489,"Stefon Diggs"
"3544",2023102600,4422,15.2864949851834,22.4274089577616,21.8426385435942,13,42489,"Stefon Diggs"
"3545",2023110511,329,0,0,0,14,42489,"Stefon Diggs"
"3546",2023110511,354,7.9842573901477,13.7515116440624,13.3520569672226,21,42489,"Stefon Diggs"
"3547",2023110511,377,17.5057398139019,28.8659996048957,25.4011661336083,26,42489,"Stefon Diggs"
"3548",2023110511,1340,6.54996920316595,9.9300772904135,7.74111233077779,28,42489,"Stefon Diggs"
"3549",2023110511,1945,6.05773785597874,13.2189693015258,13.2189693015258,43,42489,"Stefon Diggs"
"3550",2023110511,1970,13.1499438015119,20.5711408770686,8.87438005067295,21,42489,"Stefon Diggs"
"3551",2023110511,2004,18.0768147334973,26.6225828253779,25.9048100223899,19,42489,"Stefon Diggs"
"3552",2023110511,2029,15.1096742834188,56.7500228959877,56.036911830687,26,42489,"Stefon Diggs"
"3553",2023110511,2163,2.99751123934101,8.4613026849913,7.66181331892946,17,42489,"Stefon Diggs"
"3554",2023110511,2222,11.6514537512069,17.272145632762,12.6738393178691,22,42489,"Stefon Diggs"
"3555",2023110511,2247,13.2908078723721,26.7623978323326,4.90234666325053,72,42489,"Stefon Diggs"
"3556",2023110511,2283,0,0,0,17,42489,"Stefon Diggs"
"3557",2023110511,2308,11.2413422308242,30.7802398620184,21.0384198530325,26,42489,"Stefon Diggs"
"3558",2023110511,2338,9.85155006577042,12.2201280840247,11.6032832359539,27,42489,"Stefon Diggs"
"3559",2023110511,2445,7.66776127884217,11.5516119443356,11.2392170665134,20,42489,"Stefon Diggs"
"3560",2023110511,2718,5.18656041766478,13.3251524919237,7.64341906460337,26,42489,"Stefon Diggs"
"3561",2023110511,2750,5.73948815536979,8.33424147398925,8.33424147398925,19,42489,"Stefon Diggs"
"3562",2023110511,3034,8.7152881044221,19.1950847344315,19.1950847344315,16,42489,"Stefon Diggs"
"3563",2023110511,3081,12.543363000916,17.1094301920955,16.8473875191464,23,42489,"Stefon Diggs"
"3564",2023110511,3227,11.9076157445598,29.1311117794586,29.1311117794586,19,42489,"Stefon Diggs"
"3565",2023110511,3644,4.32181525668332,12.5056967156492,8.73492850171431,23,42489,"Stefon Diggs"
"3566",2023110511,3798,17.2937459484902,37.7205183452913,32.5790955315904,52,42489,"Stefon Diggs"
"3567",2023110511,3908,10.5538483562999,13.6784208360478,13.6784208360478,24,42489,"Stefon Diggs"
"3568",2023110511,3958,17.7591559052494,30.3213094186907,30.3213094186907,24,42489,"Stefon Diggs"
"3569",2023111300,272,24.3567528881741,86.923685205938,81.7339106529329,29,42489,"Stefon Diggs"
"3570",2023111300,295,0,0,0,14,42489,"Stefon Diggs"
"3571",2023111300,320,14.4042506457541,19.1742488871492,11.6690739343093,34,42489,"Stefon Diggs"
"3572",2023111300,440,13.1328102372996,20.7408295696697,20.7408295696697,22,42489,"Stefon Diggs"
"3573",2023111300,470,7.68005748249531,16.491937933192,5.38380812473393,29,42489,"Stefon Diggs"
"3574",2023111300,755,1.05540476965535,12.5063743559244,9.6873960594702,21,42489,"Stefon Diggs"
"3575",2023111300,840,4.75690704860246,8.82911612080305,7.84417386883728,22,42489,"Stefon Diggs"
"3576",2023111300,863,11.0527232825027,21.6259363807756,21.6259363807756,40,42489,"Stefon Diggs"
"3577",2023111300,1229,13.3083629323037,50.0900000568149,34.634057346354,35,42489,"Stefon Diggs"
"3578",2023111300,1254,6.93324210866913,8.85622240546426,6.38400047123886,29,42489,"Stefon Diggs"
"3579",2023111300,1617,-2.46684878447715,1.78941386795158,1.78941386795158,24,42489,"Stefon Diggs"
"3580",2023111300,1746,5.72766885916231,9.45094344512723,9.13263673332205,19,42489,"Stefon Diggs"
"3581",2023111300,1793,14.7702343982185,44.540791579144,33.0207371374267,33,42489,"Stefon Diggs"
"3582",2023111300,2166,19.6901595765949,52.1550610439146,49.1583129682044,30,42489,"Stefon Diggs"
"3583",2023111300,2557,8.57884675425421,16.0915528017741,16.0915528017741,26,42489,"Stefon Diggs"
"3584",2023111300,2580,7.0918956398025,11.9094914390341,11.9094914390341,28,42489,"Stefon Diggs"
"3585",2023111300,2605,21.5924620636729,33.7262879381229,32.9384900012516,54,42489,"Stefon Diggs"
"3586",2023111300,2839,4.29081945451119,11.5494516711451,11.5494516711451,31,42489,"Stefon Diggs"
"3587",2023111300,3190,10.0871612919415,19.6843272567276,19.6843272567276,41,42489,"Stefon Diggs"
"3588",2023111300,3371,2.92908970380691,12.2471666195153,9.76907100319199,25,42489,"Stefon Diggs"
"3589",2023111300,3423,1.42467076855008,5.402457924247,5.402457924247,17,42489,"Stefon Diggs"
"3590",2023111300,3448,26.9548267068955,65.642395821278,54.565211542628,36,42489,"Stefon Diggs"
"3591",2023111300,3500,23.9443331658937,49.1472733517497,49.1472733517497,33,42489,"Stefon Diggs"
"3592",2023111909,394,22.5288325585863,44.2471418863814,28.6864478440895,41,42489,"Stefon Diggs"
"3593",2023111909,458,14.142920896996,25.1028156813208,25.0439471337781,25,42489,"Stefon Diggs"
"3594",2023111909,576,4.21564614939306,9.73562377935923,9.73562377935923,18,42489,"Stefon Diggs"
"3595",2023111909,623,8.84316372858457,18.1360038930085,5.42200735298463,33,42489,"Stefon Diggs"
"3596",2023111909,922,4.22723779102556,9.55178785786474,8.13874127633786,20,42489,"Stefon Diggs"
"3597",2023111909,949,18.5917601593949,33.6061867430859,22.1992481615066,36,42489,"Stefon Diggs"
"3598",2023111909,1008,4.33586036141619,7.4995692862238,7.29776368393324,16,42489,"Stefon Diggs"
"3599",2023111909,1087,27.9051896936293,73.8343755231493,64.5482207148438,27,42489,"Stefon Diggs"
"3600",2023111909,1214,21.4940314152697,25.3437025902665,21.4600386817122,19,42489,"Stefon Diggs"
"3601",2023111909,1539,27.0576634363308,104.053116434623,103.286084735564,32,42489,"Stefon Diggs"
"3602",2023111909,1562,11.0408898263695,22.7876950956033,21.8922820578981,26,42489,"Stefon Diggs"
"3603",2023111909,1863,4.49018700172399,5.47889447929044,4.70366601917197,24,42489,"Stefon Diggs"
"3604",2023111909,2381,21.4422820854226,50.9448179353081,32.7941425817275,41,42489,"Stefon Diggs"
"3605",2023111909,2481,13.9717435748149,22.9863880875157,22.9863880875157,19,42489,"Stefon Diggs"
"3606",2023111909,2511,15.8877645360394,31.3555650290536,31.3555650290536,34,42489,"Stefon Diggs"
"3607",2023111909,2697,8.86234757023085,17.7349015488845,17.7349015488845,22,42489,"Stefon Diggs"
"3608",2023111909,2757,7.46012067198798,14.5113484240262,14.5113484240262,16,42489,"Stefon Diggs"
"3609",2023111909,2828,31.3164487246412,48.865575574252,47.967875465128,18,42489,"Stefon Diggs"
"3610",2023111909,2853,5.9810120407977,11.8494454987149,11.7164464301106,22,42489,"Stefon Diggs"
"3611",2023111909,3126,9.9435460539909,15.125351371159,15.125351371159,28,42489,"Stefon Diggs"
"3612",2023111909,3397,9.058798015157,29.440911128443,29.3664401461231,29,42489,"Stefon Diggs"
"3613",2023112609,301,10.6852149704432,33.1136884486235,33.1136884486235,28,42489,"Stefon Diggs"
"3614",2023112609,324,5.10238399464985,12.4784335568579,12.4784335568579,16,42489,"Stefon Diggs"
"3615",2023112609,420,10.4084969730745,16.624952378273,16.624952378273,19,42489,"Stefon Diggs"
"3616",2023112609,504,14.484634270389,32.624218829012,32.624218829012,25,42489,"Stefon Diggs"
"3617",2023112609,1007,12.6708960300443,28.6217576878256,19.4308675500284,39,42489,"Stefon Diggs"
"3618",2023112609,1032,1.48727371238841,10.5761460493007,10.4691478808,33,42489,"Stefon Diggs"
"3619",2023112609,1082,7.34305637732131,12.6888876076079,11.2512814551003,23,42489,"Stefon Diggs"
"3620",2023112609,1107,6.2128922001338,12.0249146853253,12.0249146853253,22,42489,"Stefon Diggs"
"3621",2023112609,1155,10.9765640096538,22.090050345886,21.2493235288374,19,42489,"Stefon Diggs"
"3622",2023112609,1256,5.33488592074682,11.3949247088406,11.3949247088406,14,42489,"Stefon Diggs"
"3623",2023112609,1279,11.9411493721357,21.2491757380795,21.2491757380795,22,42489,"Stefon Diggs"
"3624",2023112609,1436,13.4893060205263,22.9599613634309,22.9599613634309,26,42489,"Stefon Diggs"
"3625",2023112609,1461,10.5721074820738,18.8439628988109,18.4869744492065,27,42489,"Stefon Diggs"
"3626",2023112609,1486,17.4372261282718,35.8652226427228,21.4217245348059,47,42489,"Stefon Diggs"
"3627",2023112609,1742,8.40638099269422,18.8017086906394,10.107602278227,22,42489,"Stefon Diggs"
"3628",2023112609,1774,15.930289517546,31.3669789723612,31.3669789723612,35,42489,"Stefon Diggs"
"3629",2023112609,1829,-0.0545934386947571,1.64127152933851,1.64127152933851,36,42489,"Stefon Diggs"
"3630",2023112609,2002,11.3956539733136,41.9967995715508,41.9967995715508,27,42489,"Stefon Diggs"
"3631",2023112609,2030,12.4151862159048,22.8130827524934,14.8123789699016,20,42489,"Stefon Diggs"
"3632",2023112609,2060,12.4256513772065,27.2632526280718,27.2031625188231,40,42489,"Stefon Diggs"
"3633",2023112609,2097,6.0156348695178,11.5114841319449,9.69794724724553,22,42489,"Stefon Diggs"
"3634",2023112609,2239,29.9437398456079,44.670558713175,44.670558713175,22,42489,"Stefon Diggs"
"3635",2023112609,2377,18.4797478877904,31.0722958765813,31.0722958765813,22,42489,"Stefon Diggs"
"3636",2023112609,2465,22.9217819566329,40.3636484959002,40.3636484959002,19,42489,"Stefon Diggs"
"3637",2023112609,2513,17.9429175756374,24.6590013126932,22.08591984378,30,42489,"Stefon Diggs"
"3638",2023112609,2743,29.9292177412988,87.5946503243835,87.5946503243835,31,42489,"Stefon Diggs"
"3639",2023112609,2790,30.3059445188463,115.485403970541,112.496007264122,37,42489,"Stefon Diggs"
"3640",2023112609,2815,12.3923755843789,20.3865633475913,20.3865633475913,22,42489,"Stefon Diggs"
"3641",2023112609,2845,10.3617296506948,19.0299223005635,16.8469186700944,36,42489,"Stefon Diggs"
"3642",2023112609,2891,16.3687598518609,24.1438515079222,11.0838176786926,37,42489,"Stefon Diggs"
"3643",2023112609,3197,40.2502303957485,83.61786790336,53.9874861151845,45,42489,"Stefon Diggs"
"3644",2023112609,3631,5.77752539372032,9.90074370430859,6.64360928218145,22,42489,"Stefon Diggs"
"3645",2023112609,3798,7.26742994131052,13.5520459736865,11.9005020758742,23,42489,"Stefon Diggs"
"3646",2023112609,3845,16.3522755151348,28.748219513389,28.748219513389,32,42489,"Stefon Diggs"
"3647",2023112609,4142,12.6064003000079,24.1229708465312,24.1229708465312,16,42489,"Stefon Diggs"
"3648",2023112609,4247,3.70965663109324,9.28753287485654,9.28753287485654,18,42489,"Stefon Diggs"
"3649",2023112609,4804,6.37584439210935,15.727102145065,15.727102145065,19,42489,"Stefon Diggs"
"3650",2023112609,4827,45.9645003638872,150.68138135975,132.881330019503,37,42489,"Stefon Diggs"
"3651",2023112609,4880,23.7779739517381,58.5417745825075,50.5621605636369,28,42489,"Stefon Diggs"
"3652",2023112609,5048,15.0591898311088,20.6117798347364,13.4809849646448,22,42489,"Stefon Diggs"
"3653",2023121009,247,15.9572805025796,42.288125524071,35.0805432852558,30,42489,"Stefon Diggs"
"3654",2023121009,299,8.51214362440691,14.5978486425101,10.2071514871354,56,42489,"Stefon Diggs"
"3655",2023121009,536,8.93535687070636,11.9178753253599,8.26742225884053,23,42489,"Stefon Diggs"
"3656",2023121009,816,22.0179408866694,75.642960713091,32.8592940070436,36,42489,"Stefon Diggs"
"3657",2023121009,1072,12.6716724427775,19.5831970800857,9.09712308122262,55,42489,"Stefon Diggs"
"3658",2023121009,1527,0.194816726013869,8.18948404465005,8.18948404465005,24,42489,"Stefon Diggs"
"3659",2023121009,1612,12.2949380297487,24.9582777673272,24.9582777673272,32,42489,"Stefon Diggs"
"3660",2023121009,1644,33.3052738531143,90.660171594857,36.1948442924708,61,42489,"Stefon Diggs"
"3661",2023121009,2031,13.0517729982543,36.2246040699854,13.634664919499,52,42489,"Stefon Diggs"
"3662",2023121009,2056,19.6313421962182,75.1117372182642,75.1117372182642,35,42489,"Stefon Diggs"
"3663",2023121009,2109,17.1229977482157,31.3088865221618,30.4692183553079,34,42489,"Stefon Diggs"
"3664",2023121009,2134,25.9162020243842,54.0000578070133,54.0000578070133,50,42489,"Stefon Diggs"
"3665",2023121009,2331,5.76503860982558,16.1894485900632,16.1894485900632,23,42489,"Stefon Diggs"
"3666",2023121009,2502,15.8919808870188,27.3090935695405,27.3090935695405,26,42489,"Stefon Diggs"
"3667",2023121009,2926,-0.255433636741489,0,-1.72595116500716,20,42489,"Stefon Diggs"
"3668",2023121009,2973,10.1137641625707,19.0706904385397,16.0098797492787,19,42489,"Stefon Diggs"
"3669",2023121009,3234,8.35556478432943,16.7769749784046,15.6813699003055,37,42489,"Stefon Diggs"
"3670",2023121009,3571,13.9344417260449,55.8826747290328,55.8826747290328,29,42489,"Stefon Diggs"
"3671",2023121009,4037,8.61267707060211,13.5179139027525,9.72968379436647,34,42489,"Stefon Diggs"
"3672",2023121009,4208,0,0,0,12,42489,"Stefon Diggs"
"3673",2023121009,4231,17.5759794579625,35.759069586522,35.759069586522,25,42489,"Stefon Diggs"
"3674",2023121009,4254,30.7959553395603,66.9272708831695,66.03331952433,52,42489,"Stefon Diggs"
"3675",2023121706,81,-0.0362719560429707,0,-0.572058522356934,40,42489,"Stefon Diggs"
"3676",2023121706,172,19.8175558337804,57.8502482260162,57.0152361583907,41,42489,"Stefon Diggs"
"3677",2023121706,667,7.01572003709565,23.4716104569565,23.4716104569565,29,42489,"Stefon Diggs"
"3678",2023121706,690,10.3990689388265,19.4229514075716,17.3255209244755,19,42489,"Stefon Diggs"
"3679",2023121706,942,0.262884145583328,0.543313316291191,0,22,42489,"Stefon Diggs"
"3680",2023121706,1033,10.8832756521663,19.3717549082727,19.0649142001022,20,42489,"Stefon Diggs"
"3681",2023121706,1179,6.87417253759067,47.3180029957406,47.3180029957406,33,42489,"Stefon Diggs"
"3682",2023121706,1588,11.5418541538014,22.6142598702252,21.6286877376465,24,42489,"Stefon Diggs"
"3683",2023121706,2609,0.235157384975126,0.87299655705561,0,24,42489,"Stefon Diggs"
"3684",2023122301,159,18.8651948721954,57.8884324901375,57.8884324901375,32,42489,"Stefon Diggs"
"3685",2023122301,631,24.3916417550637,115.257988944079,115.257988944079,37,42489,"Stefon Diggs"
"3686",2023122301,700,20.2381130759587,38.5634498784482,33.2513349487237,41,42489,"Stefon Diggs"
"3687",2023122301,1234,16.0357614644407,29.5643836849946,29.5643836849946,20,42489,"Stefon Diggs"
"3688",2023122301,1259,12.9884503103185,31.2943150437723,22.7261455089588,37,42489,"Stefon Diggs"
"3689",2023122301,1409,5.46737029166147,10.4103965444239,6.10299665273863,57,42489,"Stefon Diggs"
"3690",2023122301,1716,6.03922996795828,8.37392560286378,8.1754972224279,21,42489,"Stefon Diggs"
"3691",2023122301,1797,3.29094722707632,11.8531458014541,11.8531458014541,17,42489,"Stefon Diggs"
"3692",2023122301,2221,40.1673190129562,181.483354631317,181.483354631317,48,42489,"Stefon Diggs"
"3693",2023122301,2536,13.4501905354744,27.5817943346158,26.9232055329186,29,42489,"Stefon Diggs"
"3694",2023122301,2590,6.12936673351257,12.5916810943091,12.5916810943091,22,42489,"Stefon Diggs"
"3695",2023122301,2640,6.92717412584127,30.5587219395751,30.5587219395751,28,42489,"Stefon Diggs"
"3696",2023122301,3715,15.9721930592979,24.562798413487,23.6981309673069,16,42489,"Stefon Diggs"
"3697",2023122301,3762,26.4759175382695,78.8961809759167,78.7605953043221,32,42489,"Stefon Diggs"
"3698",2023122301,3785,18.9430291157553,28.3308496655891,22.9057184543489,26,42489,"Stefon Diggs"
"3699",2023122301,3864,18.0540694613753,28.2239663415916,18.346495759612,25,42489,"Stefon Diggs"
"3700",2023123102,158,7.6782334257506,11.9847478073644,11.9847478073644,34,42489,"Stefon Diggs"
"3701",2023123102,299,19.2801713501993,59.2539993896186,56.892345142716,29,42489,"Stefon Diggs"
"3702",2023123102,1023,15.4865322822625,22.9148349011156,19.3663165077835,25,42489,"Stefon Diggs"
"3703",2023123102,1258,6.84108406015896,23.2975570410184,23.2975570410184,20,42489,"Stefon Diggs"
"3704",2023123102,1281,11.7063490251402,16.0017945428588,11.0704567155189,25,42489,"Stefon Diggs"
"3705",2023123102,1893,25.1361797341528,30.3694822228216,22.506239668084,25,42489,"Stefon Diggs"
"3706",2023123102,1940,11.0651345763351,13.9958799256869,11.3366437291216,23,42489,"Stefon Diggs"
"3707",2023123102,2315,14.4085629142529,20.3938043639456,16.3222180618281,19,42489,"Stefon Diggs"
"3708",2023123102,2374,10.4723614756209,17.1310575234744,17.1310575234744,22,42489,"Stefon Diggs"
"3709",2023123102,3037,54.3204177235176,193.40003949807,193.40003949807,37,42489,"Stefon Diggs"
"3710",2023123102,3542,8.41884154739255,17.0850293260621,17.0850293260621,30,42489,"Stefon Diggs"
"3711",2023123102,3589,0.197954943909568,0.679578393109231,0.679578393109231,11,42489,"Stefon Diggs"
"3712",2023123102,3880,17.0524729246123,21.5300924894532,17.9589264044924,21,42489,"Stefon Diggs"
"3713",2023123102,3927,18.1208260043545,27.1182659627693,26.1903588155057,21,42489,"Stefon Diggs"
"3714",2024010713,195,-0.564463344963291,1.72244246092594,1.44132255817328,20,42489,"Stefon Diggs"
"3715",2024010713,266,8.90338117568738,14.6783900881169,12.4643919048079,18,42489,"Stefon Diggs"
"3716",2024010713,291,-0.780357403713205,0,0,32,42489,"Stefon Diggs"
"3717",2024010713,345,17.1379123243095,33.9485301998703,28.3589368033204,45,42489,"Stefon Diggs"
"3718",2024010713,436,9.03891363721907,15.2418238972283,13.0175861779702,31,42489,"Stefon Diggs"
"3719",2024010713,459,15.9653567183358,26.1872878083159,22.9907279321462,25,42489,"Stefon Diggs"
"3720",2024010713,746,26.9726072881397,118.661899094733,118.661899094733,32,42489,"Stefon Diggs"
"3721",2024010713,821,1.99667924357167,2.38720776901236,2.10097207477814,21,42489,"Stefon Diggs"
"3722",2024010713,1211,15.1387740427405,53.6276751979749,27.6459484312455,47,42489,"Stefon Diggs"
"3723",2024010713,1344,13.3476802801248,30.8896736272963,30.4897187971865,30,42489,"Stefon Diggs"
"3724",2024010713,1786,6.78811105397776,13.1452012783596,13.1452012783596,19,42489,"Stefon Diggs"
"3725",2024010713,1811,24.9680496302236,61.2376350315906,28.6071656384979,38,42489,"Stefon Diggs"
"3726",2024010713,1864,11.3785793000381,16.4157347242961,13.2336012403198,20,42489,"Stefon Diggs"
"3727",2024010713,1918,16.6279724720361,25.6029863845988,22.6465882765223,21,42489,"Stefon Diggs"
"3728",2024010713,1943,13.4288499833159,16.258798466678,13.23272916736,21,42489,"Stefon Diggs"
"3729",2024010713,1973,24.099152542033,68.6372559790005,54.3453411970853,41,42489,"Stefon Diggs"
"3730",2024010713,2085,20.3291554634991,25.6716044338144,17.6329255631316,34,42489,"Stefon Diggs"
"3731",2024010713,2298,20.4804388372012,28.9290641948028,25.2612259689192,23,42489,"Stefon Diggs"
"3732",2024010713,2498,11.6993960991168,19.2337559379275,16.3566154427585,31,42489,"Stefon Diggs"
"3733",2024010713,2586,16.0027339456068,26.6246939888449,16.492753242872,21,42489,"Stefon Diggs"
"3734",2024010713,2611,11.9407283037128,33.5367077238948,30.893921152664,34,42489,"Stefon Diggs"
"3735",2024010713,2658,15.8111525583934,26.866471782974,26.866471782974,19,42489,"Stefon Diggs"
"3736",2024010713,2727,20.6684806045809,90.2559608169248,90.2559608169248,31,42489,"Stefon Diggs"
"3737",2024010713,2774,26.3471528722898,49.0025377520482,40.4007124610702,40,42489,"Stefon Diggs"
"3738",2024010713,3227,1.70501701265981,9.29159567592367,7.96787719408802,21,42489,"Stefon Diggs"
"3739",2024010713,3296,-0.603738195786296,4.40706511195933,4.40706511195933,29,42489,"Stefon Diggs"
"3740",2024010713,3351,-0.156229461214772,0,0,28,42489,"Stefon Diggs"
"3741",2024010713,3403,7.876697847178,15.9130029803314,15.9130029803314,21,42489,"Stefon Diggs"
"3742",2024010713,3570,6.74646003950551,15.4514038709145,11.9849864190083,28,42489,"Stefon Diggs"
"3743",2024010713,3836,17.110309587857,21.2308497397776,21.1462701764941,23,42489,"Stefon Diggs"
"3744",2023091002,110,19.1032494990619,38.2356590966329,33.5086347506091,23,53434,"Jamarr Chase"
"3745",2023091002,444,1.55045951582968,2.4934794737938,1.66158175942078,18,53434,"Jamarr Chase"
"3746",2023091002,767,10.3286955699653,20.5718184997942,20.5718184997942,17,53434,"Jamarr Chase"
"3747",2023091002,1048,7.77289087079158,15.5448998224598,14.9178840668156,25,53434,"Jamarr Chase"
"3748",2023091002,1071,12.0458977047746,24.1427664302202,24.1427664302202,24,53434,"Jamarr Chase"
"3749",2023091002,1412,9.95730178463968,23.4758023743468,23.4758023743468,24,53434,"Jamarr Chase"
"3750",2023091002,1944,21.4989264265685,43.9634510862096,34.3469796209079,49,53434,"Jamarr Chase"
"3751",2023091002,1974,14.9567389964324,26.351968159539,26.351968159539,25,53434,"Jamarr Chase"
"3752",2023091002,2517,1.57245559209935,12.0686160293563,12.0686160293563,19,53434,"Jamarr Chase"
"3753",2023091002,2620,27.6455988479989,52.730839132359,52.730839132359,50,53434,"Jamarr Chase"
"3754",2023091002,2847,11.3099466128903,20.9361172927047,20.7675484647177,28,53434,"Jamarr Chase"
"3755",2023091002,2872,2.98358134198712,10.3705472364448,10.3705472364448,17,53434,"Jamarr Chase"
"3756",2023091002,2942,4.52174749461576,13.8031257889543,13.8031257889543,23,53434,"Jamarr Chase"
"3757",2023091002,3253,23.6272576936205,44.6258719166312,31.8367781488309,23,53434,"Jamarr Chase"
"3758",2023091002,3314,14.8445069460605,28.917495136487,28.917495136487,25,53434,"Jamarr Chase"
"3759",2023091002,3337,26.8003008183277,62.4211852255006,61.9382050213901,36,53434,"Jamarr Chase"
"3760",2023091002,3571,2.2851631754703,7.77422648243507,6.64526070429669,21,53434,"Jamarr Chase"
"3761",2023091002,3594,9.40764115599303,25.031953026871,24.3894801849005,22,53434,"Jamarr Chase"
"3762",2023091002,3617,15.5717142971803,23.0037941905061,15.8138999254638,43,53434,"Jamarr Chase"
"3763",2023091002,3787,5.21253188459484,10.710689874572,7.20180504521145,19,53434,"Jamarr Chase"
"3764",2023091002,3812,6.36294715833534,19.5117905248886,19.5117905248886,26,53434,"Jamarr Chase"
"3765",2023091002,3835,7.59197262584095,12.7628797084311,12.7628797084311,20,53434,"Jamarr Chase"
"3766",2023091002,4036,34.2647622541777,88.7652644452901,88.7652644452901,26,53434,"Jamarr Chase"
"3767",2023091702,504,15.4780451442035,20.0233042158749,20.0233042158749,23,53434,"Jamarr Chase"
"3768",2023091702,529,21.0824620727622,33.4984574980369,33.4984574980369,25,53434,"Jamarr Chase"
"3769",2023091702,842,12.0644602687003,19.1347598900113,19.1347598900113,33,53434,"Jamarr Chase"
"3770",2023091702,1556,13.8769584806256,21.1189909637271,19.5143621430724,21,53434,"Jamarr Chase"
"3771",2023091702,1590,10.1047582930073,21.6270474853768,21.6270474853768,23,53434,"Jamarr Chase"
"3772",2023091702,1681,8.01008393242441,17.5682776485857,17.5682776485857,22,53434,"Jamarr Chase"
"3773",2023091702,1706,7.40818611773205,10.0894935116037,8.91594402414302,18,53434,"Jamarr Chase"
"3774",2023091702,1736,19.2650233408654,26.6575698458241,24.9667295370634,17,53434,"Jamarr Chase"
"3775",2023091702,2298,0,0,0,25,53434,"Jamarr Chase"
"3776",2023091702,2374,9.03068742658479,16.9890901969673,16.9890901969673,22,53434,"Jamarr Chase"
"3777",2023091702,2399,3.01722604663572,6.44376761463168,6.44376761463168,19,53434,"Jamarr Chase"
"3778",2023091702,2483,17.4460067675322,66.7105793054632,66.7105793054632,30,53434,"Jamarr Chase"
"3779",2023091702,2663,5.38993818836443,12.9643084334924,12.9643084334924,26,53434,"Jamarr Chase"
"3780",2023091702,2718,17.9140717810286,21.4239119008749,19.2754541961581,23,53434,"Jamarr Chase"
"3781",2023091702,2792,12.5990235531239,21.5732072354245,21.5732072354245,19,53434,"Jamarr Chase"
"3782",2023091702,2817,6.53265860746474,13.5613018555483,13.5613018555483,29,53434,"Jamarr Chase"
"3783",2023091702,2842,-2.06886747868018,2.77833313258298,2.77833313258298,18,53434,"Jamarr Chase"
"3784",2023091702,2900,11.2303731122242,16.0034367516079,14.618008713343,19,53434,"Jamarr Chase"
"3785",2023091702,2981,15.125556513847,24.6979128848749,24.2420612593017,23,53434,"Jamarr Chase"
"3786",2023091702,3483,25.3570463837249,30.8340242697042,30.7574821530058,19,53434,"Jamarr Chase"
"3787",2023091702,3661,1.07160337516854,6.25185095055611,6.25185095055611,29,53434,"Jamarr Chase"
"3788",2023091702,3700,12.9086034527945,30.3477842960368,29.2467338365729,31,53434,"Jamarr Chase"
"3789",2023091702,3771,20.3233656743857,27.1629778018602,25.5805617213349,15,53434,"Jamarr Chase"
"3790",2023091702,3796,11.4043218657032,24.013107546957,24.013107546957,23,53434,"Jamarr Chase"
"3791",2023091702,3876,14.1470030825327,20.763905561627,13.7388106455332,23,53434,"Jamarr Chase"
"3792",2023091702,3901,15.1687591978928,31.0621763097689,31.0621763097689,26,53434,"Jamarr Chase"
"3793",2023091702,4016,14.5600053177795,21.9573853030013,21.1818816317943,19,53434,"Jamarr Chase"
"3794",2023092501,79,6.24649535657932,8.6129100497414,6.71685190745158,18,53434,"Jamarr Chase"
"3795",2023092501,109,8.48696564184589,13.0360223877602,13.0360223877602,21,53434,"Jamarr Chase"
"3796",2023092501,156,17.3059445997139,31.4214778988423,29.3361826251264,19,53434,"Jamarr Chase"
"3797",2023092501,181,7.78916407350741,13.9025260765776,9.53015993105683,22,53434,"Jamarr Chase"
"3798",2023092501,238,9.92083653295524,17.6632930673609,17.6632930673609,20,53434,"Jamarr Chase"
"3799",2023092501,547,5.83143682036378,10.698145965129,10.583666547984,20,53434,"Jamarr Chase"
"3800",2023092501,625,18.3360428663741,34.0848005540005,34.0848005540005,30,53434,"Jamarr Chase"
"3801",2023092501,773,9.39909860455999,36.0587612705088,36.0587612705088,28,53434,"Jamarr Chase"
"3802",2023092501,845,18.2134417770538,42.1998387968704,19.5133217725371,40,53434,"Jamarr Chase"
"3803",2023092501,870,10.039199051136,17.8843750696573,15.661497473701,15,53434,"Jamarr Chase"
"3804",2023092501,895,3.62014180253922,21.8357875930019,21.8357875930019,24,53434,"Jamarr Chase"
"3805",2023092501,967,28.295479589613,71.5471925303166,61.8555922488548,28,53434,"Jamarr Chase"
"3806",2023092501,1056,14.8372985538968,50.6599739741852,50.6599739741852,28,53434,"Jamarr Chase"
"3807",2023092501,1110,13.4196018787149,22.36327695693,22.36327695693,26,53434,"Jamarr Chase"
"3808",2023092501,1398,8.717507256724,12.5642970219206,11.0330155246206,31,53434,"Jamarr Chase"
"3809",2023092501,1421,15.93958425218,23.9756205292939,20.2768635394006,27,53434,"Jamarr Chase"
"3810",2023092501,1451,8.01232305195773,18.0936361815897,18.0936361815897,21,53434,"Jamarr Chase"
"3811",2023092501,1494,23.59009306858,33.2000320737447,33.2000320737447,18,53434,"Jamarr Chase"
"3812",2023092501,1659,4.5474467124006,14.0204227058255,13.4492386989108,18,53434,"Jamarr Chase"
"3813",2023092501,1684,28.0195070159256,50.7700813606991,42.6377537314565,31,53434,"Jamarr Chase"
"3814",2023092501,1707,22.5752384430351,80.4025728405262,80.4025728405262,24,53434,"Jamarr Chase"
"3815",2023092501,1730,32.3594666492507,94.7900141820715,87.1344347580893,26,53434,"Jamarr Chase"
"3816",2023092501,1916,20.4230008220622,92.6113791533229,92.6113791533229,24,53434,"Jamarr Chase"
"3817",2023092501,1939,32.059729893813,73.2203318056517,60.7734615793644,34,53434,"Jamarr Chase"
"3818",2023092501,2147,13.7122025686273,43.2539947995855,43.2539947995855,24,53434,"Jamarr Chase"
"3819",2023092501,2177,18.8125281019011,29.4019296986575,13.0060688631545,29,53434,"Jamarr Chase"
"3820",2023092501,2202,20.6175803490325,47.0291263354643,37.8906069533816,27,53434,"Jamarr Chase"
"3821",2023092501,2669,10.2569724476524,15.9055184439388,15.2652941249395,26,53434,"Jamarr Chase"
"3822",2023092501,2745,15.9715796098524,28.562076310513,22.5067198940493,17,53434,"Jamarr Chase"
"3823",2023092501,2792,8.33449278678837,12.0265906919296,12.0265906919296,22,53434,"Jamarr Chase"
"3824",2023092501,2817,-1.60523784251917,0,-3.96557087547107,26,53434,"Jamarr Chase"
"3825",2023092501,2962,2.3365055431335,5.59292330885423,2.25099476683233,26,53434,"Jamarr Chase"
"3826",2023092501,3026,26.5773578006023,126.602116344623,125.624340464285,31,53434,"Jamarr Chase"
"3827",2023092501,3086,17.9663847195826,80.022245892327,80.022245892327,25,53434,"Jamarr Chase"
"3828",2023092501,3109,26.6074995824816,46.4100133168516,44.9461677150789,50,53434,"Jamarr Chase"
"3829",2023092501,3417,12.8121245980914,18.5802133521284,11.3955444612542,26,53434,"Jamarr Chase"
"3830",2023092501,3440,19.5227555577571,31.4881317869816,31.4881317869816,18,53434,"Jamarr Chase"
"3831",2023092501,3522,30.2680396885663,43.2115139931371,38.6540966809151,31,53434,"Jamarr Chase"
"3832",2023092501,3569,14.6567402768155,52.215699850446,52.215699850446,35,53434,"Jamarr Chase"
"3833",2023092501,3759,12.2303624065161,23.5572579504482,23.5572579504482,19,53434,"Jamarr Chase"
"3834",2023100109,146,7.06796589503865,11.6400710126024,11.6400710126024,19,53434,"Jamarr Chase"
"3835",2023100109,201,1.84606648706505,10.5676413346823,10.5676413346823,23,53434,"Jamarr Chase"
"3836",2023100109,253,7.71561309139975,9.15047010479355,7.60313245360872,19,53434,"Jamarr Chase"
"3837",2023100109,730,0,0,0,16,53434,"Jamarr Chase"
"3838",2023100109,787,9.48598035272052,23.0755746947557,23.0755746947557,26,53434,"Jamarr Chase"
"3839",2023100109,822,16.1085836693469,24.9639422066991,23.9265214238059,26,53434,"Jamarr Chase"
"3840",2023100109,1673,18.9053339460998,41.0286666581998,28.5567191199172,28,53434,"Jamarr Chase"
"3841",2023100109,1900,10.446161533494,23.2104203908923,20.7533229312912,19,53434,"Jamarr Chase"
"3842",2023100109,1947,16.3780345183543,26.0098546052611,23.7590879168929,18,53434,"Jamarr Chase"
"3843",2023100109,1979,19.7248083176712,54.6890347471382,54.6890347471382,24,53434,"Jamarr Chase"
"3844",2023100109,2883,0,0,0,18,53434,"Jamarr Chase"
"3845",2023100109,2908,7.05120498197542,12.7354804116875,12.7354804116875,25,53434,"Jamarr Chase"
"3846",2023100109,2933,12.4789137461337,30.662069395982,30.662069395982,32,53434,"Jamarr Chase"
"3847",2023100109,2958,-0.0750705911256656,-0.0404647812295508,-0.124754152773473,19,53434,"Jamarr Chase"
"3848",2023100109,3287,9.22067031126254,18.3662608364232,18.3662608364232,22,53434,"Jamarr Chase"
"3849",2023100109,3321,9.37922102669011,20.5276273938097,20.5276273938097,22,53434,"Jamarr Chase"
"3850",2023100109,3518,9.71773465711482,19.8966132524233,15.5388501678087,19,53434,"Jamarr Chase"
"3851",2023100109,3543,10.9574888654401,22.9473405166224,22.9473405166224,18,53434,"Jamarr Chase"
"3852",2023100109,3568,-0.599183957212327,-0.498524279640247,-0.498524279640247,12,53434,"Jamarr Chase"
"3853",2023100109,3621,8.74073819235335,11.4656736437147,7.93294270194623,19,53434,"Jamarr Chase"
"3854",2023100109,3742,22.0526004445218,63.5674496697853,63.5674496697853,30,53434,"Jamarr Chase"
"3855",2023100807,162,4.99794299673929,12.3447212841744,12.3447212841744,18,53434,"Jamarr Chase"
"3856",2023100807,187,3.05960395438996,11.6920610247218,11.6920610247218,22,53434,"Jamarr Chase"
"3857",2023100807,234,16.3485515499727,20.3814020638623,19.5983725253669,32,53434,"Jamarr Chase"
"3858",2023100807,286,10.280341310504,21.691653760809,20.4605379296699,18,53434,"Jamarr Chase"
"3859",2023100807,380,11.3191316537176,16.8631537897135,10.6916791026061,24,53434,"Jamarr Chase"
"3860",2023100807,405,9.34465626935201,21.0354365740785,21.0354365740785,43,53434,"Jamarr Chase"
"3861",2023100807,594,2.15650741247689,4.85106393771208,3.36964082760227,15,53434,"Jamarr Chase"
"3862",2023100807,644,-8.69672149949927,-3.4539913356304,-12.9359181987521,29,53434,"Jamarr Chase"
"3863",2023100807,674,10.8503174159371,18.8820059434412,18.5699003394026,21,53434,"Jamarr Chase"
"3864",2023100807,709,13.8997205437506,15.8424575648407,13.765817571158,28,53434,"Jamarr Chase"
"3865",2023100807,1382,17.1661326638114,57.9338185218401,56.4332559741069,28,53434,"Jamarr Chase"
"3866",2023100807,1561,9.53711206220798,16.9114372255926,16.9114372255926,20,53434,"Jamarr Chase"
"3867",2023100807,1640,10.8075407493048,21.4871898733677,18.8388004645985,20,53434,"Jamarr Chase"
"3868",2023100807,1665,51.2181659737842,113.474470522718,104.13561320757,58,53434,"Jamarr Chase"
"3869",2023100807,1715,56.4029603573628,146.643056550384,142.497754044814,32,53434,"Jamarr Chase"
"3870",2023100807,2100,13.7184658839378,21.97912454276,20.6797027618583,24,53434,"Jamarr Chase"
"3871",2023100807,2125,20.3832702983872,73.6368135788723,73.6368135788723,26,53434,"Jamarr Chase"
"3872",2023100807,2165,15.2494030515702,24.2727912587129,24.2727912587129,20,53434,"Jamarr Chase"
"3873",2023100807,2309,0,0,0,19,53434,"Jamarr Chase"
"3874",2023100807,2356,48.9590738090091,169.743315150171,169.743315150171,39,53434,"Jamarr Chase"
"3875",2023100807,2723,6.39473741797941,13.3036282206896,11.2862973441655,23,53434,"Jamarr Chase"
"3876",2023100807,2748,8.88234744253957,14.1447506407983,10.5800527453155,22,53434,"Jamarr Chase"
"3877",2023100807,2847,27.2246383471168,80.4073151020623,80.4073151020623,38,53434,"Jamarr Chase"
"3878",2023100807,2882,10.7963217412917,21.2687088681862,21.2687088681862,19,53434,"Jamarr Chase"
"3879",2023100807,2905,16.9140623536552,23.6211635013131,22.5012526239373,24,53434,"Jamarr Chase"
"3880",2023100807,3272,5.76358572829587,15.2290582289336,15.2290582289336,26,53434,"Jamarr Chase"
"3881",2023100807,3344,9.14022240607381,21.0766889347813,21.0766889347813,26,53434,"Jamarr Chase"
"3882",2023100807,3412,18.4131784135022,32.124552086154,32.124552086154,17,53434,"Jamarr Chase"
"3883",2023100807,3437,11.658462018551,19.2746073241346,15.2425732422202,21,53434,"Jamarr Chase"
"3884",2023100807,3959,18.279255136991,32.4329826463981,32.4329826463981,18,53434,"Jamarr Chase"
"3885",2023101503,452,12.9889362434406,19.8557889620478,16.7475807902421,15,53434,"Jamarr Chase"
"3886",2023101503,504,8.35187994661057,16.7996340581723,16.7996340581723,20,53434,"Jamarr Chase"
"3887",2023101503,529,14.2033614193836,27.3379949536907,27.3067313729144,21,53434,"Jamarr Chase"
"3888",2023101503,581,10.4271727605446,18.5492326489566,18.0165335381299,28,53434,"Jamarr Chase"
"3889",2023101503,611,-0.773496561639923,0,-1.42758650846857,30,53434,"Jamarr Chase"
"3890",2023101503,666,9.21728241822967,18.8920003215617,18.8920003215617,21,53434,"Jamarr Chase"
"3891",2023101503,691,-0.354553274802811,-0.18847441906094,-0.520166534567626,14,53434,"Jamarr Chase"
"3892",2023101503,746,10.5951916347901,21.4528718173795,21.4528718173795,20,53434,"Jamarr Chase"
"3893",2023101503,935,8.16303987399576,21.8082078669958,21.7613108848412,26,53434,"Jamarr Chase"
"3894",2023101503,997,7.82276434639251,17.0903273965313,17.0903273965313,19,53434,"Jamarr Chase"
"3895",2023101503,1044,6.12330107433533,8.38328164028318,8.38328164028318,18,53434,"Jamarr Chase"
"3896",2023101503,1091,4.2496393071964,12.8066421331087,9.20824791493653,62,53434,"Jamarr Chase"
"3897",2023101503,1429,3.59187353306694,13.4417854688319,13.3523309082013,22,53434,"Jamarr Chase"
"3898",2023101503,1483,8.4867100505519,13.9418472346255,12.458505757242,23,53434,"Jamarr Chase"
"3899",2023101503,1533,9.07774221192263,14.6160564213413,14.5960567546053,23,53434,"Jamarr Chase"
"3900",2023101503,1839,8.73299799540544,15.3371571625142,14.6890212907168,21,53434,"Jamarr Chase"
"3901",2023101503,1862,12.7815775380105,17.8614176357337,17.8614176357337,18,53434,"Jamarr Chase"
"3902",2023101503,1885,62.8915181232133,136.30368952804,69.7922404594159,106,53434,"Jamarr Chase"
"3903",2023101503,2066,8.43957464338208,21.7284488353563,21.7284488353563,25,53434,"Jamarr Chase"
"3904",2023101503,2374,2.32291085760893,4.12229216439824,3.52984127596567,19,53434,"Jamarr Chase"
"3905",2023101503,2411,-0.585298464514411,1.82769712014118,1.82769712014118,23,53434,"Jamarr Chase"
"3906",2023101503,2434,5.97718422711912,8.91560688187197,8.62089931171033,23,53434,"Jamarr Chase"
"3907",2023101503,2829,0.114969033110211,0.245090388438765,0,16,53434,"Jamarr Chase"
"3908",2023101503,3048,14.9572800618502,21.4737813740929,16.7851458902907,22,53434,"Jamarr Chase"
"3909",2023101503,3071,10.8199268755586,17.3945259329844,16.3311969666408,23,53434,"Jamarr Chase"
"3910",2023101503,3094,16.208739037856,26.3918125635534,26.3918125635534,22,53434,"Jamarr Chase"
"3911",2023101503,3356,10.2356184274486,16.6568682415137,15.7436895807488,16,53434,"Jamarr Chase"
"3912",2023101503,3381,2.83980084867614,9.00840211803032,9.00840211803032,21,53434,"Jamarr Chase"
"3913",2023101503,3426,39.6099423282968,122.771093065366,122.771093065366,34,53434,"Jamarr Chase"
"3914",2023101503,3703,7.5504839404816,25.0231962074638,25.0231962074638,28,53434,"Jamarr Chase"
"3915",2023101503,3755,6.40103513247663,13.4808878925314,13.4808878925314,23,53434,"Jamarr Chase"
"3916",2023102912,147,0.870326532485876,6.09142181286825,5.45424054552325,28,53434,"Jamarr Chase"
"3917",2023102912,189,-0.0898471328678865,0.452620020708888,0.384754999618247,19,53434,"Jamarr Chase"
"3918",2023102912,243,13.2311337041575,19.8202052055078,10.6449694284937,21,53434,"Jamarr Chase"
"3919",2023102912,266,29.563199356698,99.3841086671498,99.3841086671498,98,53434,"Jamarr Chase"
"3920",2023102912,365,11.2046297512336,37.3367415302866,34.5829147183296,28,53434,"Jamarr Chase"
"3921",2023102912,412,18.8195562250609,25.3922578758469,20.5509994097787,28,53434,"Jamarr Chase"
"3922",2023102912,437,13.3358549523338,17.136219249055,15.4064796133341,26,53434,"Jamarr Chase"
"3923",2023102912,823,15.9677265281182,74.5832384531211,74.5832384531211,31,53434,"Jamarr Chase"
"3924",2023102912,875,5.9307797203741,9.44996230613672,9.44996230613672,53,53434,"Jamarr Chase"
"3925",2023102912,1236,14.6999004692278,33.6012297394665,29.1951048118963,30,53434,"Jamarr Chase"
"3926",2023102912,1613,7.85613424485343,19.1518078313906,19.1518078313906,27,53434,"Jamarr Chase"
"3927",2023102912,1650,7.04976018573669,10.3073416789026,9.00590293490369,17,53434,"Jamarr Chase"
"3928",2023102912,1675,10.9160716050715,18.8564443765087,18.8564443765087,25,53434,"Jamarr Chase"
"3929",2023102912,1727,17.9380661803054,32.8810461436833,32.8810461436833,21,53434,"Jamarr Chase"
"3930",2023102912,1752,10.1340802202452,52.870893874994,52.870893874994,28,53434,"Jamarr Chase"
"3931",2023102912,1784,11.7187109615553,18.1254064154284,18.1254064154284,28,53434,"Jamarr Chase"
"3932",2023102912,2005,4.90676891615188,22.8514107789427,22.8514107789427,23,53434,"Jamarr Chase"
"3933",2023102912,2741,-0.184198643064303,0,-0.50883515330895,36,53434,"Jamarr Chase"
"3934",2023102912,2837,14.4255497354751,22.8721817774509,14.7094913491253,20,53434,"Jamarr Chase"
"3935",2023102912,2988,3.43008120210467,19.7859825576418,19.7859825576418,24,53434,"Jamarr Chase"
"3936",2023102912,3368,7.73237912350442,15.6750201338587,15.6750201338587,26,53434,"Jamarr Chase"
"3937",2023110511,156,14.3930939738889,64.413539498154,64.413539498154,24,53434,"Jamarr Chase"
"3938",2023110511,181,44.98670584613,86.0475987970836,57.2459559204219,48,53434,"Jamarr Chase"
"3939",2023110511,233,14.6138326145444,31.822474732957,31.822474732957,24,53434,"Jamarr Chase"
"3940",2023110511,258,5.68194363385323,8.5971492666824,7.46670959580587,24,53434,"Jamarr Chase"
"3941",2023110511,590,17.5785891520689,55.3248106334978,52.9963438421244,36,53434,"Jamarr Chase"
"3942",2023110511,682,19.0501341447801,32.2887343499266,32.2887343499266,27,53434,"Jamarr Chase"
"3943",2023110511,712,7.81162597429139,15.7306191061526,15.7306191061526,22,53434,"Jamarr Chase"
"3944",2023110511,746,-0.891617556214857,2.34569909201003,1.86548189834776,26,53434,"Jamarr Chase"
"3945",2023110511,769,18.3842904337463,34.6241569518948,25.6719968544744,60,53434,"Jamarr Chase"
"3946",2023110511,829,8.85711239837072,20.8838387734093,20.8838387734093,23,53434,"Jamarr Chase"
"3947",2023110511,1265,22.7286170874175,60.9023761728321,54.6167042654856,28,53434,"Jamarr Chase"
"3948",2023110511,1367,-0.332825444953021,-0.22296266508964,-0.499963836090441,27,53434,"Jamarr Chase"
"3949",2023110511,1739,11.2813353760237,21.5208495484754,21.5208495484754,24,53434,"Jamarr Chase"
"3950",2023110511,1762,15.6191829931111,21.137415681143,16.8686565887224,19,53434,"Jamarr Chase"
"3951",2023110511,1797,11.7406187397932,15.9100246159242,14.2552925713535,22,53434,"Jamarr Chase"
"3952",2023110511,1851,26.9257103977869,47.5295368732898,42.4920174215982,57,53434,"Jamarr Chase"
"3953",2023110511,1881,27.2274192294892,67.8903631489602,58.6759691884949,35,53434,"Jamarr Chase"
"3954",2023110511,2551,11.7171414704275,18.9813989636251,13.2276213535086,25,53434,"Jamarr Chase"
"3955",2023110511,2598,1.32457328593809,8.98388209420364,8.98388209420364,16,53434,"Jamarr Chase"
"3956",2023110511,2628,43.86633654076,134.444628318091,134.444628318091,38,53434,"Jamarr Chase"
"3957",2023110511,2859,16.2161236746097,67.179802031366,64.9017914345503,28,53434,"Jamarr Chase"
"3958",2023110511,2916,18.3551737356628,26.6612353982136,26.6612353982136,28,53434,"Jamarr Chase"
"3959",2023110511,2950,12.65531072435,23.6062124469849,23.6062124469849,38,53434,"Jamarr Chase"
"3960",2023110511,2973,11.9824795404657,18.2379120928029,18.2379120928029,32,53434,"Jamarr Chase"
"3961",2023110511,3268,7.9473143262831,16.5262864332888,16.5262864332888,27,53434,"Jamarr Chase"
"3962",2023110511,3310,15.1433726641762,70.1349445477791,70.1349445477791,25,53434,"Jamarr Chase"
"3963",2023110511,3340,-0.0728579180253273,0,0,23,53434,"Jamarr Chase"
"3964",2023110511,3399,13.3849404363199,26.57459354538,26.57459354538,25,53434,"Jamarr Chase"
"3965",2023110511,3482,7.95995484702318,14.2014671915096,14.2014671915096,19,53434,"Jamarr Chase"
"3966",2023110511,3536,19.6245096339507,31.359116791329,31.359116791329,23,53434,"Jamarr Chase"
"3967",2023110511,4013,8.50603772767157,25.46805684278,25.46805684278,28,53434,"Jamarr Chase"
"3968",2023111202,135,25.9569846956337,30.918345114319,28.5928285537146,25,53434,"Jamarr Chase"
"3969",2023111202,160,7.97318006288152,11.4715039968592,9.50425609262032,24,53434,"Jamarr Chase"
"3970",2023111202,307,13.1362053647966,18.2081265002916,18.1074166329408,23,53434,"Jamarr Chase"
"3971",2023111202,617,9.2496853038816,18.195381817392,18.1217425720552,28,53434,"Jamarr Chase"
"3972",2023111202,1033,2.98044017612825,6.33506951981336,6.33506951981336,22,53434,"Jamarr Chase"
"3973",2023111202,1056,13.2993865073502,21.0014262569413,20.9382115095478,30,53434,"Jamarr Chase"
"3974",2023111202,1081,-2.30527693917436,5.01543616984486,5.01543616984486,18,53434,"Jamarr Chase"
"3975",2023111202,1411,6.28281170091882,9.29207696661141,6.09429847856609,28,53434,"Jamarr Chase"
"3976",2023111202,1721,10.9643668224261,20.6325117662969,20.6325117662969,22,53434,"Jamarr Chase"
"3977",2023111202,1766,37.4780698249534,63.612454075142,40.8080998667082,29,53434,"Jamarr Chase"
"3978",2023111202,2532,19.8083854068633,28.7639848609946,20.6540035789747,27,53434,"Jamarr Chase"
"3979",2023111202,2835,12.9493908946049,20.9941722836109,20.6559118826394,23,53434,"Jamarr Chase"
"3980",2023111202,2860,16.7462964587734,22.6542628345088,17.3754524414407,22,53434,"Jamarr Chase"
"3981",2023111202,3039,6.63079957702385,11.0065689234358,10.5629208146248,23,53434,"Jamarr Chase"
"3982",2023111202,3131,32.0844583711218,102.983795722244,102.983795722244,62,53434,"Jamarr Chase"
"3983",2023111202,3441,8.90959766805027,15.2174744206467,15.1009664351041,32,53434,"Jamarr Chase"
"3984",2023111202,3471,0,0,0,33,53434,"Jamarr Chase"
"3985",2023111202,3496,4.78086895543894,15.7864934633662,15.7864934633662,24,53434,"Jamarr Chase"
"3986",2023111202,3541,12.7104735959986,23.0734370235641,23.0734370235641,23,53434,"Jamarr Chase"
"3987",2023111202,3731,9.77928873806672,26.7071147330605,26.7071147330605,26,53434,"Jamarr Chase"
"3988",2023111202,3761,22.4188407791071,37.8989695636052,29.178095832786,30,53434,"Jamarr Chase"
"3989",2023111202,3784,6.64174960564765,12.8110016470764,12.8110016470764,25,53434,"Jamarr Chase"
"3990",2023111202,3832,29.9043863386534,80.1309260486594,80.1309260486594,37,53434,"Jamarr Chase"
"3991",2023111202,3857,13.1000946862764,19.6294575822358,18.0286037457824,19,53434,"Jamarr Chase"
"3992",2023111202,4241,21.6379160384131,52.7005990142825,46.7790936166636,27,53434,"Jamarr Chase"
"3993",2023111202,4327,22.2021576745705,34.3427420916717,31.3625772449231,25,53434,"Jamarr Chase"
"3994",2023111600,364,3.73217881437046,5.26039090767071,4.52484876504835,21,53434,"Jamarr Chase"
"3995",2023111600,448,11.4043248726955,19.0152224484387,15.9528204743547,22,53434,"Jamarr Chase"
"3996",2023111600,676,14.7642144290095,40.965168826048,33.5130201592854,28,53434,"Jamarr Chase"
"3997",2023111600,883,4.65763794954905,9.25362868333253,9.25362868333253,25,53434,"Jamarr Chase"
"3998",2023111600,977,13.9994309003929,26.7189820191012,26.7189820191012,25,53434,"Jamarr Chase"
"3999",2023111600,1000,10.908310184334,15.6911563662245,15.6911563662245,29,53434,"Jamarr Chase"
"4000",2023111600,1243,45.4193079106009,105.11841168277,19.9612225900876,61,53434,"Jamarr Chase"
"4001",2023111600,1266,12.9024944535697,22.2888290157049,22.2888290157049,28,53434,"Jamarr Chase"
"4002",2023111600,1313,16.2552114309682,32.7487554454575,32.7487554454575,27,53434,"Jamarr Chase"
"4003",2023111600,1409,6.62820883060573,10.7603134164925,10.7603134164925,27,53434,"Jamarr Chase"
"4004",2023111600,1510,7.28340999581629,16.2255397566768,16.2255397566768,26,53434,"Jamarr Chase"
"4005",2023111600,1535,13.6976925209995,21.3919975875197,18.5442336172043,21,53434,"Jamarr Chase"
"4006",2023111600,1862,19.5053340753453,65.9771888883462,31.1303826920489,34,53434,"Jamarr Chase"
"4007",2023111600,1980,22.7040895507937,56.0593540643378,55.5914537981555,34,53434,"Jamarr Chase"
"4008",2023111600,2610,33.0365311630434,72.5233874680265,69.2555960556085,36,53434,"Jamarr Chase"
"4009",2023111600,2787,20.6757240058551,37.5828012576443,37.5828012576443,17,53434,"Jamarr Chase"
"4010",2023111600,3197,18.6808569452323,64.0855482276271,64.0855482276271,27,53434,"Jamarr Chase"
"4011",2023111600,3421,4.4731785392487,7.51093683643302,7.51093683643302,22,53434,"Jamarr Chase"
"4012",2023111600,3446,18.6417417297821,23.2809650509066,17.8190434572758,25,53434,"Jamarr Chase"
"4013",2023111600,3702,18.7775527259654,53.1187370398643,52.8231369466615,31,53434,"Jamarr Chase"
"4014",2023111600,4082,10.5958069130265,16.9181489730692,14.7071515727887,24,53434,"Jamarr Chase"
"4015",2023111600,4152,7.87681953420843,13.2832338806857,13.2832338806857,23,53434,"Jamarr Chase"
"4016",2023111600,4181,9.42670722696704,18.5858009062871,17.8194072379003,23,53434,"Jamarr Chase"
"4017",2023112601,577,6.61035702568408,10.7808014478668,9.15866344415671,23,53434,"Jamarr Chase"
"4018",2023112601,690,21.3169972545134,44.3375916276388,40.7989501040027,28,53434,"Jamarr Chase"
"4019",2023112601,1005,7.45603231949397,14.1081575981761,14.1081575981761,19,53434,"Jamarr Chase"
"4020",2023112601,1030,24.3246684312081,42.2635369840267,27.8776684639312,24,53434,"Jamarr Chase"
"4021",2023112601,1288,6.03389314240081,12.4616063792892,12.4616063792892,23,53434,"Jamarr Chase"
"4022",2023112601,1530,11.0548770727664,45.0045951385913,45.0045951385913,49,53434,"Jamarr Chase"
"4023",2023112601,1566,7.98713790072926,14.6954090369597,14.6954090369597,19,53434,"Jamarr Chase"
"4024",2023112601,1596,16.4269794704128,23.5089272572029,23.0549094181822,24,53434,"Jamarr Chase"
"4025",2023112601,1631,13.4473277221416,19.8145108114742,19.8145108114742,22,53434,"Jamarr Chase"
"4026",2023112601,2024,10.7076445145053,17.0264823818128,16.3417188195664,19,53434,"Jamarr Chase"
"4027",2023112601,2093,10.3525294515822,18.5296152755849,18.5296152755849,20,53434,"Jamarr Chase"
"4028",2023112601,2118,2.15492619591053,14.5618898441085,14.5618898441085,21,53434,"Jamarr Chase"
"4029",2023112601,2170,25.0239521745869,46.6264143797357,34.516747596682,40,53434,"Jamarr Chase"
"4030",2023112601,2200,24.2928410885309,33.5236680799842,20.1575814322451,20,53434,"Jamarr Chase"
"4031",2023112601,3169,12.4852777135211,129.80775926104,129.80775926104,24,53434,"Jamarr Chase"
"4032",2023112601,3194,15.952052205611,23.6105055298671,23.6105055298671,22,53434,"Jamarr Chase"
"4033",2023112601,3510,60.5428974850029,129.377220229485,128.753799884955,53,53434,"Jamarr Chase"
"4034",2023112601,3533,13.904098157773,21.027109596177,21.027109596177,23,53434,"Jamarr Chase"
"4035",2023112601,3558,10.9616528162484,23.4662249307859,23.4662249307859,23,53434,"Jamarr Chase"
"4036",2023120400,107,4.15452541570999,16.243806596271,16.243806596271,18,53434,"Jamarr Chase"
"4037",2023120400,132,6.24533511649192,13.2505550673809,13.2386330097697,30,53434,"Jamarr Chase"
"4038",2023120400,215,19.9809004645209,29.7228794863217,18.4602508536835,21,53434,"Jamarr Chase"
"4039",2023120400,502,-0.17670470942894,0,0,13,53434,"Jamarr Chase"
"4040",2023120400,574,0,0,0,13,53434,"Jamarr Chase"
"4041",2023120400,864,18.3886069551015,83.8093987071737,81.4342645920078,26,53434,"Jamarr Chase"
"4042",2023120400,889,22.9830500559104,79.6005354659137,79.6005354659137,29,53434,"Jamarr Chase"
"4043",2023120400,914,18.133154241631,51.8601556741282,32.616623840827,32,53434,"Jamarr Chase"
"4044",2023120400,942,13.4066580300767,20.1879386234595,15.6829374486752,22,53434,"Jamarr Chase"
"4045",2023120400,970,-1.21091165137073,-0.210638581073731,-0.210638581073731,22,53434,"Jamarr Chase"
"4046",2023120400,1378,0.243250544409208,0.453475449830213,-0.0651151594804858,19,53434,"Jamarr Chase"
"4047",2023120400,1472,2.31711002899427,6.94087285606334,0.638880870464377,43,53434,"Jamarr Chase"
"4048",2023120400,1547,23.1248133879708,56.2671318081063,51.7055238128808,25,53434,"Jamarr Chase"
"4049",2023120400,1606,45.5897707536455,80.3001172287281,37.5454569238433,37,53434,"Jamarr Chase"
"4050",2023120400,2064,8.21281860865692,13.3584674906701,13.3584674906701,18,53434,"Jamarr Chase"
"4051",2023120400,2089,15.1122772309142,27.9886433977364,27.9886433977364,21,53434,"Jamarr Chase"
"4052",2023120400,3063,14.0837740418053,31.0318556082942,29.6745106414065,31,53434,"Jamarr Chase"
"4053",2023120400,3137,30.4560771459662,59.034420901634,42.9900260675061,30,53434,"Jamarr Chase"
"4054",2023120400,3162,15.1985479697568,21.0637276063764,18.0466552020975,19,53434,"Jamarr Chase"
"4055",2023120400,3185,24.20098330437,46.9511197099892,35.4485022317046,27,53434,"Jamarr Chase"
"4056",2023120400,3529,5.22254953603579,7.73741015168605,7.62338557456986,19,53434,"Jamarr Chase"
"4057",2023120400,3708,26.4999840826791,33.0876193104669,30.3513574057612,22,53434,"Jamarr Chase"
"4058",2023120400,4087,38.3673490488672,82.40100609892,31.3217627312905,38,53434,"Jamarr Chase"
"4059",2023120400,4119,25.5993568958861,66.4914412281321,66.4914412281321,29,53434,"Jamarr Chase"
"4060",2023120400,4462,31.1912796106389,86.3754467745041,65.2893741975276,33,53434,"Jamarr Chase"
"4061",2023120400,4548,38.8472362412785,93.5198206064568,93.5198206064568,28,53434,"Jamarr Chase"
"4062",2023120400,4605,0,0,0,14,53434,"Jamarr Chase"
"4063",2023121003,172,16.3272555530379,45.9058366706464,25.0465841435058,31,53434,"Jamarr Chase"
"4064",2023121003,386,-0.394682284580317,0,-1.48836822084851,35,53434,"Jamarr Chase"
"4065",2023121003,440,8.86625376384895,21.3469232979943,21.3469232979943,21,53434,"Jamarr Chase"
"4066",2023121003,899,9.3109535255586,14.35665775538,12.4717453750327,53,53434,"Jamarr Chase"
"4067",2023121003,954,14.9935119457228,64.4164714264249,64.4164714264249,34,53434,"Jamarr Chase"
"4068",2023121003,1000,19.7065143819939,41.2340816837942,41.1026390287364,30,53434,"Jamarr Chase"
"4069",2023121003,1759,13.9943648457582,19.6001521882419,13.824225665238,25,53434,"Jamarr Chase"
"4070",2023121003,1823,8.74638186730053,15.5568909798816,14.441454768831,18,53434,"Jamarr Chase"
"4071",2023121003,1880,20.3998198945446,45.734397180175,32.345480861739,32,53434,"Jamarr Chase"
"4072",2023121003,2134,10.2189739264503,19.337709010887,19.337709010887,26,53434,"Jamarr Chase"
"4073",2023121003,2159,25.7275308789388,75.4675277864155,49.8645940351451,33,53434,"Jamarr Chase"
"4074",2023121003,2233,13.5638703052589,18.3938153604711,15.3059853641997,20,53434,"Jamarr Chase"
"4075",2023121003,2493,23.5484240477901,87.9761551321474,87.9761551321474,31,53434,"Jamarr Chase"
"4076",2023121003,2518,7.61711234350434,15.2155042643786,15.2155042643786,29,53434,"Jamarr Chase"
"4077",2023121003,2565,20.7327650905036,66.4434040606008,66.4434040606008,27,53434,"Jamarr Chase"
"4078",2023121003,2645,2.7481600105802,4.62596434731689,4.62596434731689,25,53434,"Jamarr Chase"
"4079",2023121003,2969,22.5874213280797,128.325846816742,128.325846816742,28,53434,"Jamarr Chase"
"4080",2023121003,3024,22.8807958191933,72.3055564418287,70.5179167669529,30,53434,"Jamarr Chase"
"4081",2023121600,130,3.34136554431474,6.16710032488457,5.87621495887308,25,53434,"Jamarr Chase"
"4082",2023121600,177,7.71747054804488,15.3508793178609,12.3245644276002,31,53434,"Jamarr Chase"
"4083",2023121600,202,2.00151309932808,21.1866575980673,21.1866575980673,24,53434,"Jamarr Chase"
"4084",2023121600,266,13.1382153960068,33.8388191090042,33.8388191090042,26,53434,"Jamarr Chase"
"4085",2023121600,690,0.733948637115981,10.7673194707442,10.7673194707442,25,53434,"Jamarr Chase"
"4086",2023121600,962,14.8980687535281,44.4141853606264,40.9947360052607,34,53434,"Jamarr Chase"
"4087",2023121600,1049,32.4240259753708,75.1477311441754,58.679086472094,34,53434,"Jamarr Chase"
"4088",2023121600,1544,14.6681564456763,18.3516884041588,18.3516884041588,20,53434,"Jamarr Chase"
"4089",2023121600,1910,34.5091794517452,135.287234017904,135.287234017904,32,53434,"Jamarr Chase"
"4090",2023121600,2398,5.16401263783347,12.8634507692917,12.8634507692917,30,53434,"Jamarr Chase"
"4091",2023121600,2428,5.06120475126077,8.926614110102,6.43887814431419,29,53434,"Jamarr Chase"
"4092",2023121600,2723,5.59498292278186,14.9452444142943,14.9452444142943,50,53434,"Jamarr Chase"
"4093",2023121600,2748,23.6415292289266,92.8350104113566,92.8350104113566,29,53434,"Jamarr Chase"
"4094",2023121600,2773,-3.71425160001662,-1.89978586858849,-3.41625855145204,33,53434,"Jamarr Chase"
"4095",2023121600,2798,6.57613107708795,8.73270171890293,8.02320951571199,21,53434,"Jamarr Chase"
"4096",2023121600,2848,8.72582688436677,21.0703516067794,21.0703516067794,28,53434,"Jamarr Chase"
"4097",2023121600,2893,5.49447973501074,11.6077627133413,9.58324219057533,25,53434,"Jamarr Chase"
"4098",2023121600,3079,15.6574744710736,43.9172202537815,43.9172202537815,27,53434,"Jamarr Chase"
"4099",2023121600,3138,7.57095083646999,12.2018807376439,11.6432244813132,24,53434,"Jamarr Chase"
"4100",2023121600,3220,43.7038748970714,67.5790439334674,37.8737519834651,35,53434,"Jamarr Chase"
"4101",2023121600,3639,7.77275148310464,14.6250098285514,14.6250098285514,21,53434,"Jamarr Chase"
"4102",2023121600,3664,58.2635863499108,101.348355402336,75.133487600683,58,53434,"Jamarr Chase"
"4103",2023123113,55,21.2746349932635,82.07789922678,82.07789922678,34,53434,"Jamarr Chase"
"4104",2023123113,240,3.52246314622178,8.35005925610475,8.35005925610475,19,53434,"Jamarr Chase"
"4105",2023123113,328,30.1563771423915,41.8721563799432,35.9051335353678,33,53434,"Jamarr Chase"
"4106",2023123113,398,13.4690946131082,22.7879513147296,19.7515817237862,29,53434,"Jamarr Chase"
"4107",2023123113,712,9.62669080593696,16.4749625224388,16.4126647215554,21,53434,"Jamarr Chase"
"4108",2023123113,742,16.9783320425454,80.9492540889899,80.9492540889899,30,53434,"Jamarr Chase"
"4109",2023123113,855,7.31030222748401,9.54193857483349,9.18416304215755,25,53434,"Jamarr Chase"
"4110",2023123113,909,13.6068061198674,31.8842600129686,30.1698561105611,31,53434,"Jamarr Chase"
"4111",2023123113,956,14.4268010915938,26.6383877391724,25.4934219803587,19,53434,"Jamarr Chase"
"4112",2023123113,1623,12.1119303595392,26.9821537320641,26.9821537320641,24,53434,"Jamarr Chase"
"4113",2023123113,1925,22.0029205892108,45.1099172571849,43.6764246663802,38,53434,"Jamarr Chase"
"4114",2023123113,2138,17.4310338361,99.6763531735587,99.6763531735587,26,53434,"Jamarr Chase"
"4115",2023123113,2161,16.518893198284,26.810720947558,26.810720947558,24,53434,"Jamarr Chase"
"4116",2023123113,2208,15.2834625371943,34.9784142842251,31.9799328655017,49,53434,"Jamarr Chase"
"4117",2023123113,2255,11.9209121761086,22.1857305761723,21.9253982518415,22,53434,"Jamarr Chase"
"4118",2023123113,2741,21.7773633365719,29.492145436858,25.4891110580386,19,53434,"Jamarr Chase"
"4119",2023123113,2766,14.4008259787047,38.6386527805712,31.2057460566922,32,53434,"Jamarr Chase"
"4120",2023123113,3066,4.53139787828095,10.9033706959966,10.9033706959966,22,53434,"Jamarr Chase"
"4121",2023123113,3089,52.3786228834497,117.657030464114,53.2037049435125,59,53434,"Jamarr Chase"
"4122",2023123113,3526,8.45743064706778,17.8341786204239,17.2969582379254,28,53434,"Jamarr Chase"
"4123",2023123113,3724,18.5218116462236,78.2029994461441,78.2029994461441,25,53434,"Jamarr Chase"
"4124",2023123113,3824,55.7635143598324,80.9525071241769,80.9525071241769,32,53434,"Jamarr Chase"
"4125",2023123113,3903,36.3419839182348,66.1293165402433,66.1293165402433,30,53434,"Jamarr Chase"
"4126",2023123113,3933,53.5477970894604,81.7470134377783,81.7470134377783,33,53434,"Jamarr Chase"
"4127",2024010701,183,-0.0438016516320411,1.21925382425416,1.21925382425416,29,53434,"Jamarr Chase"
"4128",2024010701,206,9.95182636573549,15.3963384551549,15.3963384551549,27,53434,"Jamarr Chase"
"4129",2024010701,395,16.2782440092996,49.1178703107406,46.7614319405129,34,53434,"Jamarr Chase"
"4130",2024010701,420,5.39884379290618,16.1770405674028,13.4132397068943,23,53434,"Jamarr Chase"
"4131",2024010701,711,6.9037912866455,13.2660171593329,13.2660171593329,28,53434,"Jamarr Chase"
"4132",2024010701,765,9.86330319262328,23.6744124062994,23.6744124062994,21,53434,"Jamarr Chase"
"4133",2024010701,795,2.97366432356876,5.41297253251936,5.3300572543797,19,53434,"Jamarr Chase"
"4134",2024010701,1078,29.268747924381,87.4585050971089,86.5085671980209,26,53434,"Jamarr Chase"
"4135",2024010701,1215,8.03923047152997,12.7297874375679,8.38348486424845,32,53434,"Jamarr Chase"
"4136",2024010701,1397,2.80312778794551,6.37612521167616,4.72687492733609,18,53434,"Jamarr Chase"
"4137",2024010701,1548,15.9414683123147,29.2145293054674,29.2145293054674,19,53434,"Jamarr Chase"
"4138",2024010701,1678,7.19470727476539,12.6737064409494,11.21603350699,40,53434,"Jamarr Chase"
"4139",2024010701,1726,10.3187796257631,12.3446606993889,1.53876173588206,13,53434,"Jamarr Chase"
"4140",2024010701,2023,-2.02514884593881,-0.0828674559130003,-2.60861104129638,24,53434,"Jamarr Chase"
"4141",2023091010,261,15.9199875122931,56.7280037894937,43.6210552802034,35,40024,"Keenan Allen"
"4142",2023091010,328,10.5716333886102,24.8246952878756,24.8246952878756,32,40024,"Keenan Allen"
"4143",2023091010,997,31.2076818943396,79.3980649994314,19.2673774791233,44,40024,"Keenan Allen"
"4144",2023091010,1337,13.3454778736457,20.1361480946774,10.9022210057413,35,40024,"Keenan Allen"
"4145",2023091010,1607,6.43800423106494,10.864160178429,10.3735279452267,19,40024,"Keenan Allen"
"4146",2023091010,2103,3.49134544219124,9.89867889286958,9.82182868935803,21,40024,"Keenan Allen"
"4147",2023091010,2151,12.1520810125535,21.8152421173583,13.0962923268126,29,40024,"Keenan Allen"
"4148",2023091010,2176,9.8035078503477,14.1963624169445,12.9711014144533,22,40024,"Keenan Allen"
"4149",2023091010,2206,8.55748543528817,14.1824997015313,14.1824997015313,33,40024,"Keenan Allen"
"4150",2023091010,2236,17.0827807331363,26.4594082638622,25.3895224425671,34,40024,"Keenan Allen"
"4151",2023091010,2261,11.782311526195,18.9536513252255,15.2457503767874,27,40024,"Keenan Allen"
"4152",2023091010,2284,9.30047345738436,17.6233664138897,17.6233664138897,20,40024,"Keenan Allen"
"4153",2023091010,3128,0.20711274088042,3.56082122292357,3.56082122292357,37,40024,"Keenan Allen"
"4154",2023091010,3274,2.38167369260806,9.68700932439259,9.67654439697242,28,40024,"Keenan Allen"
"4155",2023091010,3309,28.5376062717613,63.1477169724612,52.7221884471305,34,40024,"Keenan Allen"
"4156",2023091010,3494,5.67934076871521,12.3769170404146,12.2240151092244,29,40024,"Keenan Allen"
"4157",2023091010,3890,4.69529933977241,17.0388127756031,17.0388127756031,24,40024,"Keenan Allen"
"4158",2023091010,4076,7.75565006125656,12.333073569232,7.50770740501002,32,40024,"Keenan Allen"
"4159",2023091010,4099,33.1340938235491,50.1611871065486,35.9803798444678,34,40024,"Keenan Allen"
"4160",2023091010,4207,18.3094631247839,22.9876215854951,22.9876215854951,21,40024,"Keenan Allen"
"4161",2023091010,4615,9.36076834721367,33.5281469379775,33.5281469379775,30,40024,"Keenan Allen"
"4162",2023091010,4699,26.1299504982956,39.5238596474515,39.5238596474515,34,40024,"Keenan Allen"
"4163",2023091707,55,18.8992702995021,57.8796921339168,32.5322567820845,40,40024,"Keenan Allen"
"4164",2023091707,418,2.88684926332128,15.2715943014489,15.2715943014489,27,40024,"Keenan Allen"
"4165",2023091707,470,4.12755680844707,16.1565728012564,16.1565728012564,20,40024,"Keenan Allen"
"4166",2023091707,500,1.04642450272524,7.95668968743358,7.95668968743358,14,40024,"Keenan Allen"
"4167",2023091707,547,6.15723851211153,12.219466551466,12.1758022618298,22,40024,"Keenan Allen"
"4168",2023091707,577,3.36142989022697,12.6217591217168,9.82039816293043,51,40024,"Keenan Allen"
"4169",2023091707,824,9.05092405373894,23.209892107373,23.209892107373,21,40024,"Keenan Allen"
"4170",2023091707,925,-9.89900408603571,-3.14329971923295,-3.35690791198651,37,40024,"Keenan Allen"
"4171",2023091707,948,11.3751602658101,22.9917208581444,22.9917208581444,18,40024,"Keenan Allen"
"4172",2023091707,1093,9.92948956885361,18.1958464110682,18.1958464110682,25,40024,"Keenan Allen"
"4173",2023091707,1234,14.6106504725412,29.8208127710537,29.8208127710537,24,40024,"Keenan Allen"
"4174",2023091707,1259,13.7526059949518,21.6504318696724,21.6504318696724,30,40024,"Keenan Allen"
"4175",2023091707,1347,21.2810236470936,28.6780025138797,26.1172156228609,52,40024,"Keenan Allen"
"4176",2023091707,1576,16.277728847307,81.6921967891622,81.6921967891622,41,40024,"Keenan Allen"
"4177",2023091707,1646,10.7942075744499,18.7498395359585,18.7498395359585,18,40024,"Keenan Allen"
"4178",2023091707,2334,3.90033886339737,7.93255754141847,7.93255754141847,24,40024,"Keenan Allen"
"4179",2023091707,2678,3.66113060770479,17.0244423312503,17.0244423312503,20,40024,"Keenan Allen"
"4180",2023091707,2745,11.8202741462812,25.114243551085,25.114243551085,29,40024,"Keenan Allen"
"4181",2023091707,2792,7.75164752824751,15.2022046407547,15.2022046407547,24,40024,"Keenan Allen"
"4182",2023091707,2817,17.3111156011971,30.2436107661843,22.675552788985,26,40024,"Keenan Allen"
"4183",2023091707,2878,9.55198668291125,25.420714256054,25.420714256054,21,40024,"Keenan Allen"
"4184",2023091707,3091,11.0915781814774,23.3957716785806,10.5044839279132,30,40024,"Keenan Allen"
"4185",2023091707,3324,14.9944422676419,36.0949171486201,35.6657415892014,26,40024,"Keenan Allen"
"4186",2023091707,3376,10.4465030208361,24.4333496500172,11.893404906921,27,40024,"Keenan Allen"
"4187",2023091707,3399,24.7613929551149,51.456992772718,47.8450597439586,29,40024,"Keenan Allen"
"4188",2023091707,3707,13.8075739450549,19.1629356431044,17.3022419553397,20,40024,"Keenan Allen"
"4189",2023091707,3782,12.2200425059442,25.18036091413,24.3023403177475,21,40024,"Keenan Allen"
"4190",2023091707,3807,15.7650369177906,20.4219524838376,18.0814646518385,25,40024,"Keenan Allen"
"4191",2023091707,3830,29.0887858363017,41.0303243942966,27.4865448822137,24,40024,"Keenan Allen"
"4192",2023091707,3855,5.54050278382254,14.5655578900605,14.5655578900605,19,40024,"Keenan Allen"
"4193",2023091707,3880,9.8371777222238,16.5853577096811,15.5987382109256,17,40024,"Keenan Allen"
"4194",2023091707,4001,6.65180658075135,17.9393024811356,17.9393024811356,29,40024,"Keenan Allen"
"4195",2023092406,115,12.5906183472539,16.25562641296,7.44948746281052,18,40024,"Keenan Allen"
"4196",2023092406,361,4.77919976820554,14.1332837468961,12.3697879797197,19,40024,"Keenan Allen"
"4197",2023092406,415,0.643596086592598,5.9821904347646,5.9821904347646,18,40024,"Keenan Allen"
"4198",2023092406,438,5.1193360813196,11.7399811151085,11.7399811151085,27,40024,"Keenan Allen"
"4199",2023092406,463,13.7515605859738,18.4849796689094,18.4849796689094,22,40024,"Keenan Allen"
"4200",2023092406,535,9.75871780819653,24.1766959152095,24.1766959152095,31,40024,"Keenan Allen"
"4201",2023092406,597,9.50177993537169,16.2846221090767,12.932387311062,17,40024,"Keenan Allen"
"4202",2023092406,620,18.5487690489387,60.1416112188957,59.6834778143889,32,40024,"Keenan Allen"
"4203",2023092406,650,7.73139836999841,14.1592739556123,14.1592739556123,18,40024,"Keenan Allen"
"4204",2023092406,949,3.49170537418065,11.549940686164,11.549940686164,18,40024,"Keenan Allen"
"4205",2023092406,1027,12.6867077178108,16.4431266905289,10.530763140043,18,40024,"Keenan Allen"
"4206",2023092406,1052,15.597970696264,30.1662006998976,30.1662006998976,34,40024,"Keenan Allen"
"4207",2023092406,1115,16.7002195413575,22.3037596963042,20.0357989249879,18,40024,"Keenan Allen"
"4208",2023092406,1417,4.45964270784341,15.9595823467379,15.1908632045934,20,40024,"Keenan Allen"
"4209",2023092406,1467,6.50204176823726,14.4950333869997,12.7458844821315,13,40024,"Keenan Allen"
"4210",2023092406,1977,3.00905608086973,17.2783576182635,16.9879889504702,20,40024,"Keenan Allen"
"4211",2023092406,2019,14.569267280748,23.1239033774976,23.1239033774976,34,40024,"Keenan Allen"
"4212",2023092406,2074,7.86442038265689,29.2486695210009,29.2486695210009,18,40024,"Keenan Allen"
"4213",2023092406,2099,7.62574856072539,26.608091511257,26.608091511257,20,40024,"Keenan Allen"
"4214",2023092406,2162,10.8967426176815,19.0737270659271,18.8254489428657,16,40024,"Keenan Allen"
"4215",2023092406,2607,11.51838312775,17.6234819980412,17.6234819980412,26,40024,"Keenan Allen"
"4216",2023092406,2691,17.2077879978959,72.362017587495,70.9996094872004,35,40024,"Keenan Allen"
"4217",2023092406,2741,7.55557054739867,48.7040398990682,48.7040398990682,30,40024,"Keenan Allen"
"4218",2023092406,2764,15.0992124116327,52.3304716668567,52.3304716668567,31,40024,"Keenan Allen"
"4219",2023092406,3018,39.692020762702,173.127835007371,173.127835007371,45,40024,"Keenan Allen"
"4220",2023092406,3364,3.86302795080185,14.9836793765113,14.4544275837066,23,40024,"Keenan Allen"
"4221",2023092406,3832,0.594161932173688,7.12877079263006,7.12877079263006,25,40024,"Keenan Allen"
"4222",2023092406,3873,15.8096014646693,50.8875365693561,31.6785544268857,35,40024,"Keenan Allen"
"4223",2023092406,3898,0.296058028379161,4.19969013390091,4.19969013390091,28,40024,"Keenan Allen"
"4224",2023092406,4004,32.4184873367266,58.5467462189875,46.2035556522835,41,40024,"Keenan Allen"
"4225",2023092406,4029,3.27959542568669,13.0342856244386,9.57729346604532,22,40024,"Keenan Allen"
"4226",2023092406,4448,2.70038046758216,12.5516863434577,12.5516863434577,19,40024,"Keenan Allen"
"4227",2023092406,4524,10.9666274659949,22.4193492815346,22.4193492815346,15,40024,"Keenan Allen"
"4228",2023100110,526,9.21438605401098,22.7231853111053,22.7231853111053,33,40024,"Keenan Allen"
"4229",2023100110,556,11.1914828241042,33.2533987508778,31.1059037412036,29,40024,"Keenan Allen"
"4230",2023100110,963,6.33772458108364,16.0426473363585,16.0426473363585,24,40024,"Keenan Allen"
"4231",2023100110,1008,17.6578117499256,41.8136716588476,41.8136716588476,75,40024,"Keenan Allen"
"4232",2023100110,1082,8.24190297300912,28.460825770476,27.2780734773647,35,40024,"Keenan Allen"
"4233",2023100110,1129,5.05732520192653,13.6757733264906,13.6757733264906,25,40024,"Keenan Allen"
"4234",2023100110,1184,8.67690218743851,18.4837581859585,9.87899568058329,32,40024,"Keenan Allen"
"4235",2023100110,1209,6.17817127188826,14.6164608791323,14.6164608791323,24,40024,"Keenan Allen"
"4236",2023100110,1252,20.8712189284593,31.9486644129589,31.9486644129589,25,40024,"Keenan Allen"
"4237",2023100110,1752,19.4903142651232,64.3941270806415,64.3941270806415,36,40024,"Keenan Allen"
"4238",2023100110,2045,23.5875043675367,59.6459327030315,59.6459327030315,60,40024,"Keenan Allen"
"4239",2023100110,2435,31.3951871944487,109.887214818355,109.887214818355,31,40024,"Keenan Allen"
"4240",2023100110,2458,2.43556649447504,64.2218142201742,64.2218142201742,31,40024,"Keenan Allen"
"4241",2023100110,2979,10.1883713645068,25.7848361235419,25.7848361235419,29,40024,"Keenan Allen"
"4242",2023100110,3002,21.090678172466,33.639707332415,33.3668187345964,47,40024,"Keenan Allen"
"4243",2023100110,3911,-1.81088991054235,2.2173265902089,2.2173265902089,29,40024,"Keenan Allen"
"4244",2023100110,3936,43.7869367039439,151.827685559258,150.03178671993,59,40024,"Keenan Allen"
"4245",2023100110,4243,15.3254654288786,34.8625210513037,34.8625210513037,35,40024,"Keenan Allen"
"4246",2023101600,307,5.27082792786305,21.7992568600515,21.7992568600515,14,40024,"Keenan Allen"
"4247",2023101600,697,18.4860952824393,43.8272045930804,36.9446652901512,43,40024,"Keenan Allen"
"4248",2023101600,927,7.12332136207939,16.1449109746115,13.5389496554525,21,40024,"Keenan Allen"
"4249",2023101600,952,1.56686142001987,10.9882193445251,10.9882193445251,29,40024,"Keenan Allen"
"4250",2023101600,1165,6.66241129079128,13.1222414246406,12.6218415964081,40,40024,"Keenan Allen"
"4251",2023101600,1188,15.3169564396171,25.0857637984237,22.479328806652,22,40024,"Keenan Allen"
"4252",2023101600,1825,4.88680810585514,15.5775627228157,15.5775627228157,35,40024,"Keenan Allen"
"4253",2023101600,1850,8.73212050099698,17.674217531758,16.7455155836423,28,40024,"Keenan Allen"
"4254",2023101600,1887,7.8084453543131,12.9218503481008,11.9771971105258,22,40024,"Keenan Allen"
"4255",2023101600,1917,17.3328302312312,92.1034751009815,92.1034751009815,28,40024,"Keenan Allen"
"4256",2023101600,1974,18.468527745943,41.174111159373,41.174111159373,30,40024,"Keenan Allen"
"4257",2023101600,2370,10.5267570762193,19.3226320913109,19.3226320913109,49,40024,"Keenan Allen"
"4258",2023101600,2507,5.81660497222693,9.51863373270712,9.51863373270712,26,40024,"Keenan Allen"
"4259",2023101600,2532,11.1476213647295,16.0058372627133,15.2820938635177,32,40024,"Keenan Allen"
"4260",2023101600,2579,14.6493162909856,28.4193795209708,28.4193795209708,23,40024,"Keenan Allen"
"4261",2023101600,2627,9.5677597642253,18.2855199465529,15.0677801075933,26,40024,"Keenan Allen"
"4262",2023101600,2674,14.169616414699,25.5373518030095,25.5373518030095,39,40024,"Keenan Allen"
"4263",2023101600,2835,11.5224084528353,28.3051348968048,27.2867063079883,37,40024,"Keenan Allen"
"4264",2023101600,2865,9.75291008576358,22.2325316411305,22.2325316411305,30,40024,"Keenan Allen"
"4265",2023101600,2940,9.34762839435833,22.1683397382903,21.6780153055886,21,40024,"Keenan Allen"
"4266",2023101600,3038,14.4569555434345,26.7540114878706,25.172151982427,28,40024,"Keenan Allen"
"4267",2023101600,3421,1.4298527674657,22.6187767861878,22.6187767861878,29,40024,"Keenan Allen"
"4268",2023101600,3541,19.2789684005662,38.8824452719884,38.8824452719884,43,40024,"Keenan Allen"
"4269",2023101600,3599,13.6604693906006,43.3241336610926,43.3241336610926,34,40024,"Keenan Allen"
"4270",2023101600,3755,3.57627499118387,8.003076696794,8.003076696794,23,40024,"Keenan Allen"
"4271",2023101600,3778,0,0,0,24,40024,"Keenan Allen"
"4272",2023101600,3803,8.94584708096163,18.9173322108403,18.9173322108403,23,40024,"Keenan Allen"
"4273",2023101600,4456,12.6780130761572,28.386959160391,28.386959160391,40,40024,"Keenan Allen"
"4274",2023102209,55,1.96595592000902,5.91584937744565,2.88611739618697,26,40024,"Keenan Allen"
"4275",2023102209,613,13.9205282404585,54.9056789636617,54.9056789636617,30,40024,"Keenan Allen"
"4276",2023102209,687,6.4977501170947,9.93883132079937,9.93883132079937,24,40024,"Keenan Allen"
"4277",2023102209,1084,8.6285056779587,16.7076655058998,15.8792070279186,20,40024,"Keenan Allen"
"4278",2023102209,1131,2.600367874891,8.00527679489947,8.00527679489947,25,40024,"Keenan Allen"
"4279",2023102209,1375,8.35347113568024,18.1855732558037,14.454706596438,35,40024,"Keenan Allen"
"4280",2023102209,1400,6.10029511907522,12.9641826635291,12.9641826635291,17,40024,"Keenan Allen"
"4281",2023102209,1445,14.3425976747545,40.2456427454513,40.2456427454513,28,40024,"Keenan Allen"
"4282",2023102209,1658,11.1492879746766,15.8995610453491,14.2301876280705,22,40024,"Keenan Allen"
"4283",2023102209,1688,10.7158436012607,26.5898837929767,26.1817899117017,33,40024,"Keenan Allen"
"4284",2023102209,1731,23.0751523574501,39.6187272800271,39.6187272800271,33,40024,"Keenan Allen"
"4285",2023102209,2423,9.14273484648094,23.4627758316999,23.4627758316999,33,40024,"Keenan Allen"
"4286",2023102209,2519,10.986335003855,21.816385490988,19.536116342731,33,40024,"Keenan Allen"
"4287",2023102209,2577,13.7862089135784,26.5244269675445,24.2295282091485,50,40024,"Keenan Allen"
"4288",2023102209,3123,14.0282396192408,28.5751942489608,28.5751942489608,24,40024,"Keenan Allen"
"4289",2023102209,3148,18.4859454784263,24.5118967374074,17.4629778202615,25,40024,"Keenan Allen"
"4290",2023102209,3427,0.63729449106352,7.2482801208198,6.28779508910303,20,40024,"Keenan Allen"
"4291",2023102209,3770,10.7976723405957,19.7405606232717,17.0052440985716,26,40024,"Keenan Allen"
"4292",2023102209,3793,9.02990149630937,18.8661568238693,18.597107302941,29,40024,"Keenan Allen"
"4293",2023102209,3861,16.1363859185443,43.2689008289961,42.8593355894169,34,40024,"Keenan Allen"
"4294",2023102209,3909,8.92536229060715,17.7196318731148,17.0656312739477,18,40024,"Keenan Allen"
"4295",2023102209,4016,18.4708566268313,41.104781639863,41.104781639863,31,40024,"Keenan Allen"
"4296",2023102913,222,5.81034606343312,10.702003291316,7.98386572129916,23,40024,"Keenan Allen"
"4297",2023102913,247,4.61050317191715,7.58552030813788,6.45541701149233,17,40024,"Keenan Allen"
"4298",2023102913,294,4.6678163754135,17.8193214047057,17.4954182240877,20,40024,"Keenan Allen"
"4299",2023102913,324,7.82062204238867,19.3305933830978,19.3305933830978,37,40024,"Keenan Allen"
"4300",2023102913,655,6.74699785080371,20.4695830399486,20.4695830399486,22,40024,"Keenan Allen"
"4301",2023102913,736,5.41405842554064,8.79919115756312,8.13808401663052,17,40024,"Keenan Allen"
"4302",2023102913,793,9.30847330867444,16.3362740001167,16.3362740001167,25,40024,"Keenan Allen"
"4303",2023102913,879,10.5277105861804,21.4069150594431,21.4069150594431,33,40024,"Keenan Allen"
"4304",2023102913,1152,3.72547582363792,9.50789760069084,5.78257194586337,23,40024,"Keenan Allen"
"4305",2023102913,1184,24.4801409339413,63.4003884836108,44.48969668493,41,40024,"Keenan Allen"
"4306",2023102913,1231,4.77737983686188,7.05150052551452,7.05150052551452,18,40024,"Keenan Allen"
"4307",2023102913,1342,12.3274026063844,14.5542196378237,13.3539353466771,19,40024,"Keenan Allen"
"4308",2023102913,1862,2.38045683746625,9.23447869208312,9.23447869208312,27,40024,"Keenan Allen"
"4309",2023102913,1887,11.54857131757,18.4793213316813,16.2439753409137,25,40024,"Keenan Allen"
"4310",2023102913,1975,15.8423480327307,26.5003298987087,25.2356031887913,20,40024,"Keenan Allen"
"4311",2023102913,2037,11.2309462686072,26.6092779349428,26.6092779349428,26,40024,"Keenan Allen"
"4312",2023102913,2085,19.8439448128786,27.2717504469957,16.4143471447283,25,40024,"Keenan Allen"
"4313",2023102913,2236,11.3082004282672,17.9731094922404,17.8514882537226,20,40024,"Keenan Allen"
"4314",2023102913,2261,36.0593942033807,98.8421029426646,98.8421029426646,36,40024,"Keenan Allen"
"4315",2023102913,2415,8.71463204266906,14.4960008770224,9.78944806687379,35,40024,"Keenan Allen"
"4316",2023102913,2540,16.1967623158491,25.1957274465977,17.5665589099196,18,40024,"Keenan Allen"
"4317",2023102913,2733,65.8127714420227,148.112558289215,147.498600494516,51,40024,"Keenan Allen"
"4318",2023102913,2756,19.661273342075,22.7940319571195,21.8466063434249,33,40024,"Keenan Allen"
"4319",2023102913,2964,24.131373541711,61.1655194745924,40.6037363729471,42,40024,"Keenan Allen"
"4320",2023102913,3421,21.1655458447604,96.9830724438737,96.9830724438737,35,40024,"Keenan Allen"
"4321",2023102913,3451,12.4901316751022,25.1164691546917,24.9387083144228,19,40024,"Keenan Allen"
"4322",2023102913,3849,7.20523858277586,21.6222804266032,21.6222804266032,22,40024,"Keenan Allen"
"4323",2023110600,534,26.0408310727391,44.5404432616634,37.3081938874152,34,40024,"Keenan Allen"
"4324",2023110600,805,35.6048221616699,100.326834642787,82.9144761461161,50,40024,"Keenan Allen"
"4325",2023110600,852,6.60078718817682,9.35885549411475,6.2726023163182,33,40024,"Keenan Allen"
"4326",2023110600,1167,15.6304145695466,68.3920854496812,68.3920854496812,33,40024,"Keenan Allen"
"4327",2023110600,1234,9.1530193456399,16.8222116688921,12.7863383784338,39,40024,"Keenan Allen"
"4328",2023110600,1463,14.2500615163762,32.0643892568589,29.1818009317288,43,40024,"Keenan Allen"
"4329",2023110600,1829,21.5926377112724,51.491838585091,51.491838585091,36,40024,"Keenan Allen"
"4330",2023110600,1852,20.1435698458106,31.9303071731176,27.5018222936343,29,40024,"Keenan Allen"
"4331",2023110600,2071,1.30405946326646,7.7532806466928,7.7532806466928,27,40024,"Keenan Allen"
"4332",2023110600,2116,3.79478567978977,11.0320466492279,11.0320466492279,23,40024,"Keenan Allen"
"4333",2023110600,2153,10.8377034426704,15.5198810544448,13.3962471179195,25,40024,"Keenan Allen"
"4334",2023110600,2176,3.50370627365904,10.7008515912735,10.7008515912735,23,40024,"Keenan Allen"
"4335",2023110600,2356,22.5831021174067,47.1487894745368,30.7798141955135,35,40024,"Keenan Allen"
"4336",2023110600,2381,8.40571189757907,14.7761565687376,11.9923610011095,18,40024,"Keenan Allen"
"4337",2023110600,2760,6.5072028411284,12.5318095907935,12.3717080062954,20,40024,"Keenan Allen"
"4338",2023110600,3248,11.9530687146609,19.6254438439022,10.6076075963516,24,40024,"Keenan Allen"
"4339",2023110600,3293,6.81757188057523,15.0972100405371,15.0972100405371,27,40024,"Keenan Allen"
"4340",2023110600,3363,11.7270351985366,14.7303212715912,11.631801019148,18,40024,"Keenan Allen"
"4341",2023110600,3443,4.57279246007997,11.9215125925507,11.9215125925507,26,40024,"Keenan Allen"
"4342",2023110600,3488,26.8415040840103,60.1992174016958,57.9123301144444,32,40024,"Keenan Allen"
"4343",2023111208,77,19.2332196964067,30.3995955856015,27.5170556380794,26,40024,"Keenan Allen"
"4344",2023111208,402,5.50272512377524,12.7925785647053,12.5819819837702,18,40024,"Keenan Allen"
"4345",2023111208,427,4.96311441312689,13.2550753827117,13.2550753827117,21,40024,"Keenan Allen"
"4346",2023111208,475,5.17039867427854,13.9584043565606,10.6134949973561,29,40024,"Keenan Allen"
"4347",2023111208,527,9.38734886249876,28.5091218098046,28.5091218098046,35,40024,"Keenan Allen"
"4348",2023111208,1146,2.01480227343005,8.08639635929463,7.72845042918803,22,40024,"Keenan Allen"
"4349",2023111208,1188,5.3900669639318,13.1541979262859,13.0169521482671,21,40024,"Keenan Allen"
"4350",2023111208,1213,6.468873398187,14.938107147261,14.938107147261,50,40024,"Keenan Allen"
"4351",2023111208,1559,12.7729206524032,22.007010435312,19.3106929859994,32,40024,"Keenan Allen"
"4352",2023111208,1606,8.04565975698842,19.984303815936,19.7178891620534,33,40024,"Keenan Allen"
"4353",2023111208,1629,25.6456819320148,63.1176301618605,43.0240917772746,39,40024,"Keenan Allen"
"4354",2023111208,1654,11.3262467456426,21.5236875402135,20.5502335522909,25,40024,"Keenan Allen"
"4355",2023111208,1677,9.46610219166217,19.8213034385465,19.3655498982492,30,40024,"Keenan Allen"
"4356",2023111208,1724,27.9085374085819,83.0845553017729,82.00663735055,32,40024,"Keenan Allen"
"4357",2023111208,1932,9.85352501672594,17.6608362047463,17.2975274425603,26,40024,"Keenan Allen"
"4358",2023111208,1989,8.10836216598839,15.3064317386187,15.3064317386187,23,40024,"Keenan Allen"
"4359",2023111208,2012,6.76384437691694,18.8441013945146,18.8441013945146,29,40024,"Keenan Allen"
"4360",2023111208,2037,9.55102505675294,13.6363918294793,11.0490858849594,30,40024,"Keenan Allen"
"4361",2023111208,2458,-3.38543749377803,1.43640552782753,1.43640552782753,24,40024,"Keenan Allen"
"4362",2023111208,2546,10.4198466255459,20.1533983632041,20.1533983632041,26,40024,"Keenan Allen"
"4363",2023111208,2571,3.06367337666767,8.74358886766583,8.74358886766583,19,40024,"Keenan Allen"
"4364",2023111208,2599,0,0,0,25,40024,"Keenan Allen"
"4365",2023111208,2622,14.2298073671547,26.0764343194767,26.0764343194767,19,40024,"Keenan Allen"
"4366",2023111208,2669,10.8412938549416,38.2571618672247,38.2571618672247,28,40024,"Keenan Allen"
"4367",2023111208,2694,7.31557265400606,19.4540164192966,19.4540164192966,33,40024,"Keenan Allen"
"4368",2023111208,3016,3.63499322410237,6.98723800706542,6.98723800706542,19,40024,"Keenan Allen"
"4369",2023111208,3483,11.3010951153537,27.6441631043445,27.6441631043445,20,40024,"Keenan Allen"
"4370",2023111208,3768,8.9910041159177,12.9543479993414,9.65392105964748,27,40024,"Keenan Allen"
"4371",2023111208,3859,9.73193026114189,15.3305392232402,15.0138388963765,27,40024,"Keenan Allen"
"4372",2023111208,3906,18.2412073694002,34.8839713171495,34.2753455856851,28,40024,"Keenan Allen"
"4373",2023111903,313,8.54398055516098,21.2679845015468,13.0084733948999,27,40024,"Keenan Allen"
"4374",2023111903,338,8.82418115393302,11.9245715593661,7.07818297736773,34,40024,"Keenan Allen"
"4375",2023111903,372,14.3373579800409,26.8056342893427,26.8056342893427,31,40024,"Keenan Allen"
"4376",2023111903,551,16.6010942736915,26.7980152693272,26.7980152693272,27,40024,"Keenan Allen"
"4377",2023111903,598,7.68911860808253,17.3307633798019,15.7712321795252,19,40024,"Keenan Allen"
"4378",2023111903,718,10.5019301698934,15.9838294321406,13.4064109154534,21,40024,"Keenan Allen"
"4379",2023111903,743,19.0575910430196,32.9646613142792,28.7138869425258,28,40024,"Keenan Allen"
"4380",2023111903,1077,6.92397197426075,15.0938366817674,15.0938366817674,23,40024,"Keenan Allen"
"4381",2023111903,1129,14.4796779078913,39.4283303321311,39.4283303321311,35,40024,"Keenan Allen"
"4382",2023111903,1152,12.8257031534016,18.313884848809,16.1381353152395,27,40024,"Keenan Allen"
"4383",2023111903,1541,9.39874751431099,14.5218644807247,10.4694912477914,27,40024,"Keenan Allen"
"4384",2023111903,2166,22.1615183440202,53.6618747366426,31.3804445061826,50,40024,"Keenan Allen"
"4385",2023111903,2238,26.9041281611039,74.9404537203995,74.9404537203995,39,40024,"Keenan Allen"
"4386",2023111903,2359,17.559337725379,37.2731125331791,37.2731125331791,28,40024,"Keenan Allen"
"4387",2023111903,2699,-0.822829141377797,12.6416103461028,12.6416103461028,20,40024,"Keenan Allen"
"4388",2023111903,2758,6.28611433486265,13.2908261179056,11.6603198046763,27,40024,"Keenan Allen"
"4389",2023111903,3042,14.4182239106448,85.5890711761473,85.5890711761473,38,40024,"Keenan Allen"
"4390",2023111903,3067,5.30318964479997,14.4697547966182,8.01292718054538,46,40024,"Keenan Allen"
"4391",2023111903,3092,10.8266128562431,36.72144861138,36.72144861138,36,40024,"Keenan Allen"
"4392",2023111903,3122,6.08706706519623,14.4231786276143,14.4231786276143,22,40024,"Keenan Allen"
"4393",2023111903,3414,10.5616460000691,48.1047612835988,48.1047612835988,37,40024,"Keenan Allen"
"4394",2023111903,3439,5.75037260718499,17.1677758726578,17.1677758726578,25,40024,"Keenan Allen"
"4395",2023111903,3503,9.70986377756684,63.3029167414029,63.3029167414029,31,40024,"Keenan Allen"
"4396",2023111903,3650,6.87994097675096,14.6442990917716,14.6442990917716,22,40024,"Keenan Allen"
"4397",2023111903,3673,14.3068827822271,19.0595818800683,19.0595818800683,27,40024,"Keenan Allen"
"4398",2023111903,3954,4.95021635848827,16.7260388013388,16.7260388013388,20,40024,"Keenan Allen"
"4399",2023111903,3977,8.18115809077864,14.9898639365633,14.9898639365633,26,40024,"Keenan Allen"
"4400",2023111903,4158,10.9154661681092,39.1326498826204,14.6563789114763,48,40024,"Keenan Allen"
"4401",2023111903,4285,12.5188234458688,19.8609522832433,18.5237937438494,27,40024,"Keenan Allen"
"4402",2023111903,4310,21.2772472565677,55.9911698110285,55.9911698110285,39,40024,"Keenan Allen"
"4403",2023112610,99,13.3060678120233,23.0642646957315,18.5865148281416,39,40024,"Keenan Allen"
"4404",2023112610,124,9.52653508477112,20.6756229657836,20.5267644014792,33,40024,"Keenan Allen"
"4405",2023112610,203,2.179477224895,9.76529099521763,9.76529099521763,21,40024,"Keenan Allen"
"4406",2023112610,631,4.6115373453481,15.5610840118622,15.5610840118622,16,40024,"Keenan Allen"
"4407",2023112610,710,17.5820683280742,55.5139530093077,55.5139530093077,53,40024,"Keenan Allen"
"4408",2023112610,1204,19.8666836407893,68.9422311100294,22.7611869135958,38,40024,"Keenan Allen"
"4409",2023112610,1587,10.1294783356237,19.2202909025421,12.8934498446661,25,40024,"Keenan Allen"
"4410",2023112610,1805,8.12954726595799,14.2888072066314,14.0795017569378,21,40024,"Keenan Allen"
"4411",2023112610,1830,10.2267469764746,21.9765974562471,21.9765974562471,22,40024,"Keenan Allen"
"4412",2023112610,1855,28.5423057043868,77.6726025534366,69.9253626311232,34,40024,"Keenan Allen"
"4413",2023112610,2329,8.60679041704442,18.1354553073075,16.0939953607464,24,40024,"Keenan Allen"
"4414",2023112610,2354,5.22758604294809,9.68574210911728,6.64540291357023,26,40024,"Keenan Allen"
"4415",2023112610,2659,-2.42452874260864,2.68180735537562,2.68180735537562,31,40024,"Keenan Allen"
"4416",2023112610,2691,8.91220831067451,35.8164340454136,32.9503375765887,28,40024,"Keenan Allen"
"4417",2023112610,2741,3.43705070342257,8.67817087188289,8.67817087188289,23,40024,"Keenan Allen"
"4418",2023112610,2791,2.9480126158984,5.4629093195661,4.15240201963915,23,40024,"Keenan Allen"
"4419",2023112610,2865,13.4336524366518,31.0926751505192,30.183518072054,31,40024,"Keenan Allen"
"4420",2023112610,2922,17.580543188428,36.4009219519966,35.7901416231031,20,40024,"Keenan Allen"
"4421",2023112610,3009,6.48097614531143,11.5733246043514,11.5733246043514,31,40024,"Keenan Allen"
"4422",2023112610,3032,11.4226921460008,15.0061445142798,11.2984394386871,21,40024,"Keenan Allen"
"4423",2023112610,3157,12.1372253497592,25.9848478998411,25.9848478998411,23,40024,"Keenan Allen"
"4424",2023112610,3187,6.4429237804583,11.0038408115807,11.0038408115807,26,40024,"Keenan Allen"
"4425",2023112610,3237,13.263598939854,18.9991580540092,18.6914178707964,33,40024,"Keenan Allen"
"4426",2023112610,3398,-3.18297447546798,5.35126402668236,5.35126402668236,19,40024,"Keenan Allen"
"4427",2023112610,3487,6.14245964198126,12.5193859864633,11.6669101993524,26,40024,"Keenan Allen"
"4428",2023112610,3534,12.7948882685133,23.4063529497381,21.8527934403855,23,40024,"Keenan Allen"
"4429",2023112610,3557,8.07451697605867,13.8388581047918,12.4542939337783,18,40024,"Keenan Allen"
"4430",2023112610,3893,19.1336522945726,87.9582282473451,87.9582282473451,33,40024,"Keenan Allen"
"4431",2023112610,3946,16.6946189119355,23.9573493572232,18.841283708607,27,40024,"Keenan Allen"
"4432",2023112610,3971,2.22273078176854,7.83069742258083,7.83069742258083,15,40024,"Keenan Allen"
"4433",2023112610,4148,10.9585014329484,52.953578663594,52.953578663594,30,40024,"Keenan Allen"
"4434",2023112610,4178,18.5800203164166,20.8046072857807,15.7855637851308,27,40024,"Keenan Allen"
"4435",2023112610,4221,24.0033695360927,35.8662489375138,34.9776025564597,31,40024,"Keenan Allen"
"4436",2023112610,4244,58.2797708770697,81.8489643685171,67.1728769531433,22,40024,"Keenan Allen"
"4437",2023120300,151,7.9935938702867,14.8180788099778,11.835244368319,23,40024,"Keenan Allen"
"4438",2023120300,198,8.75409305125608,18.7040291767564,18.7040291767564,33,40024,"Keenan Allen"
"4439",2023120300,826,7.58777291957842,13.8362261864028,12.6957745777248,28,40024,"Keenan Allen"
"4440",2023120300,895,14.012315837953,54.3708188602323,50.0260827983932,30,40024,"Keenan Allen"
"4441",2023120300,927,9.37947947641346,20.7765473324244,7.57345954246651,42,40024,"Keenan Allen"
"4442",2023120300,977,17.9657167267336,32.6819290318536,31.7494812055729,20,40024,"Keenan Allen"
"4443",2023120300,1178,6.29083702836797,11.2066533565711,10.3967038721436,19,40024,"Keenan Allen"
"4444",2023120300,1247,11.1687924958094,39.390391618549,39.390391618549,26,40024,"Keenan Allen"
"4445",2023120300,1270,14.7816342347136,22.719542636313,22.4697118363031,23,40024,"Keenan Allen"
"4446",2023120300,1533,7.82083850111291,9.63444473550681,9.63444473550681,26,40024,"Keenan Allen"
"4447",2023120300,1558,15.690235808802,40.7440016376723,40.7440016376723,28,40024,"Keenan Allen"
"4448",2023120300,1658,7.81008434950621,22.263373512588,22.263373512588,22,40024,"Keenan Allen"
"4449",2023120300,1681,7.2720854114545,12.9488865077305,9.19675349794509,19,40024,"Keenan Allen"
"4450",2023120300,1896,13.1512663817214,23.175672030054,21.9627315875558,20,40024,"Keenan Allen"
"4451",2023120300,1926,8.70804031619958,15.1059773499384,15.0187584026168,23,40024,"Keenan Allen"
"4452",2023120300,2086,23.1337462098314,65.5141723326906,42.2805452569057,35,40024,"Keenan Allen"
"4453",2023120300,2111,9.27182274117255,19.0630654948676,19.0630654948676,22,40024,"Keenan Allen"
"4454",2023120300,2134,20.4132285786447,40.8953878933293,39.1535001173488,28,40024,"Keenan Allen"
"4455",2023120300,2510,9.94627616956474,25.7602953489468,21.2518324774024,30,40024,"Keenan Allen"
"4456",2023120300,2535,3.93608587726249,14.6284278792554,14.6284278792554,27,40024,"Keenan Allen"
"4457",2023120300,2560,8.64023983441692,18.1870846414199,14.5489867333416,27,40024,"Keenan Allen"
"4458",2023120300,2632,8.61329056372178,55.8740700368697,55.8740700368697,36,40024,"Keenan Allen"
"4459",2023120300,2655,22.2359920076087,33.2536216870912,27.3210497919458,26,40024,"Keenan Allen"
"4460",2023120300,2705,16.4555847101899,39.364571941412,39.364571941412,26,40024,"Keenan Allen"
"4461",2023120300,2728,27.8191882710663,117.850426673769,117.850426673769,47,40024,"Keenan Allen"
"4462",2023120300,3023,8.3982206017702,16.4893877877263,14.4491546632782,25,40024,"Keenan Allen"
"4463",2023120300,3070,11.343047164372,35.9415958293926,35.9415958293926,34,40024,"Keenan Allen"
"4464",2023120300,3139,5.85506510115318,9.09401764555561,8.94430973922371,29,40024,"Keenan Allen"
"4465",2023120300,3380,8.47054167884617,13.462755823986,13.2777582787298,29,40024,"Keenan Allen"
"4466",2023120300,3449,7.03124152177653,10.3967990978753,7.95901562527734,20,40024,"Keenan Allen"
"4467",2023120300,3479,11.2219405090599,16.4362433815325,16.4362433815325,37,40024,"Keenan Allen"
"4468",2023120300,3801,12.0499297669616,23.491412769018,23.491412769018,38,40024,"Keenan Allen"
"4469",2023121010,99,16.0261646820782,77.2987823452226,77.2987823452226,41,40024,"Keenan Allen"
"4470",2023121010,297,25.0440200769774,43.0947250991335,39.4659333132992,33,40024,"Keenan Allen"
"4471",2023121010,322,12.9899715613333,32.5108986171163,25.3102673599584,36,40024,"Keenan Allen"
"4472",2023121010,599,49.5160325869966,115.244816262577,84.4800036485112,46,40024,"Keenan Allen"
"4473",2023121010,710,5.65094193898868,13.8145440531185,10.5397410209825,27,40024,"Keenan Allen"
"4474",2023121010,1051,5.69344216922438,12.5925965246575,12.1745474043069,25,40024,"Keenan Allen"
"4475",2023121010,1104,6.29706330500358,10.2887349365913,7.04818165695987,27,40024,"Keenan Allen"
"4476",2023121010,1362,8.44017309191475,26.3925256867336,26.3925256867336,40,40024,"Keenan Allen"
"4477",2023121010,1409,0,0,0,25,40024,"Keenan Allen"
"4478",2023121010,1434,4.79381857927577,9.87088627018888,9.57487302782186,27,40024,"Keenan Allen"
"4479",2023121010,1459,15.8276963888821,46.003627653819,46.003627653819,33,40024,"Keenan Allen"
"4480",2023121010,1536,21.6865246599525,35.6386104674418,35.1813075986314,39,40024,"Keenan Allen"
"4481",2023121010,1753,3.63785231548706,13.5268021604905,12.7599332811425,22,40024,"Keenan Allen"
"4482",2023121010,1783,11.868731318044,20.6120824288524,20.6120824288524,27,40024,"Keenan Allen"
"4483",2023121010,2456,12.6242730961255,21.0155099588651,12.2895506866573,23,40024,"Keenan Allen"
"4484",2023121010,2740,8.39203810365543,48.9362372338307,48.9362372338307,27,40024,"Keenan Allen"
"4485",2023121010,3062,16.9470505939944,51.9360443117862,50.9479086556306,34,40024,"Keenan Allen"
"4486",2023121010,3087,35.5505688389335,119.204272958651,119.204272958651,33,40024,"Keenan Allen"
"4487",2023121010,3112,9.31722560769538,17.1929721680942,12.6659164388629,28,40024,"Keenan Allen"
"4488",2023121010,3137,3.65845110897118,16.3367646136465,16.3367646136465,23,40024,"Keenan Allen"
"4489",2023121010,3160,0,0,0,19,40024,"Keenan Allen"
"4490",2023121010,3228,11.9118156668513,24.1828766288835,24.1828766288835,23,40024,"Keenan Allen"
"4491",2023121010,3258,12.7281555536075,22.3351153229682,17.0458715433854,45,40024,"Keenan Allen"
"4492",2023121010,3281,13.3156187048775,20.5289663619248,15.3768037933684,33,40024,"Keenan Allen"
"4493",2023121010,3311,22.3089372805979,102.539532483846,102.539532483846,32,40024,"Keenan Allen"
"4494",2023121010,3334,28.1128240976777,36.0207576893401,25.8116020682808,54,40024,"Keenan Allen"
"4495",2023121010,3486,16.7393300026478,64.9617437743185,64.9617437743185,36,40024,"Keenan Allen"
"4496",2023121010,3511,7.66297560036648,12.3910035651612,11.5536923147691,27,40024,"Keenan Allen"
"4497",2023121010,3582,7.38940549224584,11.6699928724531,10.9235327912992,22,40024,"Keenan Allen"
"4498",2023121010,4016,6.54316792914328,45.3422140911509,45.3422140911509,33,40024,"Keenan Allen"
"4499",2023121010,4046,13.4447203259643,22.6148761325734,9.42574060106278,30,40024,"Keenan Allen"
"4500",2023121010,4071,11.397948496759,28.5497152972213,28.4256974846269,30,40024,"Keenan Allen"
"4501",2023121010,4141,19.8140555372069,55.2626497083198,55.2626497083198,51,40024,"Keenan Allen"
"4502",2023091002,319,19.5844572465069,38.4504398256708,37.9966152001161,35,42347,"Amari Cooper"
"4503",2023091002,873,48.7758062441634,95.7246591574726,79.0791311861665,45,42347,"Amari Cooper"
"4504",2023091002,1209,7.86414078206159,15.6444045032579,14.3378484751726,20,42347,"Amari Cooper"
"4505",2023091002,1832,32.0677671524295,57.6314499967963,42.8158687369944,41,42347,"Amari Cooper"
"4506",2023091002,2039,25.8857084921928,49.222719975715,49.222719975715,24,42347,"Amari Cooper"
"4507",2023091002,2095,17.562525473621,26.4272282795974,26.4272282795974,22,42347,"Amari Cooper"
"4508",2023091002,2127,7.12185623001728,18.4499181200336,18.4144113890616,24,42347,"Amari Cooper"
"4509",2023091002,2179,11.911995592195,18.6420605933541,11.1425152379768,25,42347,"Amari Cooper"
"4510",2023091002,2211,7.69178541287963,16.722241821097,16.722241821097,18,42347,"Amari Cooper"
"4511",2023091002,2441,16.6370257559581,29.9476726751176,29.9476726751176,28,42347,"Amari Cooper"
"4512",2023091002,2693,12.2386076360074,53.0479341464143,47.1242810539346,39,42347,"Amari Cooper"
"4513",2023091002,3138,11.7093960430207,20.5157125762672,17.3492354706251,27,42347,"Amari Cooper"
"4514",2023091002,3170,13.4776469787015,25.6567246765797,25.6567246765797,22,42347,"Amari Cooper"
"4515",2023091801,56,2.79054284606703,11.9293915061547,11.9293915061547,19,42347,"Amari Cooper"
"4516",2023091801,144,25.112854171137,100.059587981444,100.059587981444,26,42347,"Amari Cooper"
"4517",2023091801,176,8.45346817052763,17.2799593438742,17.2799593438742,28,42347,"Amari Cooper"
"4518",2023091801,230,17.6877996304427,25.1045700982464,21.1025249527917,17,42347,"Amari Cooper"
"4519",2023091801,384,9.85582758303735,19.5680962275289,18.9935565249696,26,42347,"Amari Cooper"
"4520",2023091801,592,30.0193192980969,74.715363919533,73.6918564017226,29,42347,"Amari Cooper"
"4521",2023091801,807,8.62974649530251,20.8850484022897,20.8850484022897,25,42347,"Amari Cooper"
"4522",2023091801,911,19.2545720529461,38.345357262185,38.345357262185,43,42347,"Amari Cooper"
"4523",2023091801,1163,19.6496941653886,31.453670867292,26.0144779334355,23,42347,"Amari Cooper"
"4524",2023091801,1216,6.25717961769931,16.9431273331053,5.43705606932401,54,42347,"Amari Cooper"
"4525",2023091801,1743,6.46497050733261,11.6762712796068,10.7992037153737,30,42347,"Amari Cooper"
"4526",2023091801,1945,10.5485124409298,48.2935643952094,48.2935643952094,28,42347,"Amari Cooper"
"4527",2023091801,1990,24.5995279226446,63.4313849824255,63.4313849824255,35,42347,"Amari Cooper"
"4528",2023091801,2253,9.05826996134855,45.0826089923445,45.0826089923445,35,42347,"Amari Cooper"
"4529",2023091801,2308,9.80126998931,19.4009668118055,19.4009668118055,22,42347,"Amari Cooper"
"4530",2023091801,2789,21.6457418938778,85.5767560615018,81.1019555807417,32,42347,"Amari Cooper"
"4531",2023091801,3131,-0.339325216198464,2.84465540619118,2.84465540619118,19,42347,"Amari Cooper"
"4532",2023091801,3154,8.74636686960624,14.2090785119538,9.79535044526314,19,42347,"Amari Cooper"
"4533",2023091801,3179,5.11775427692592,11.6584827376955,11.6584827376955,20,42347,"Amari Cooper"
"4534",2023091801,3265,57.036701071293,103.771285569806,103.771285569806,27,42347,"Amari Cooper"
"4535",2023091801,3554,0.624815256867245,9.6816243302664,9.6816243302664,22,42347,"Amari Cooper"
"4536",2023091801,3640,46.003194474492,94.859772162306,76.2060436446194,39,42347,"Amari Cooper"
"4537",2023091801,3826,28.4469146546563,46.4632277492082,34.5573330672249,18,42347,"Amari Cooper"
"4538",2023091801,4004,-1.77445916556857,14.9281997853521,14.9281997853521,32,42347,"Amari Cooper"
"4539",2023091801,4371,10.9215892687527,50.6994010811363,50.6994010811363,40,42347,"Amari Cooper"
"4540",2023091801,4401,10.9049082431507,24.1428460859916,19.753033212566,20,42347,"Amari Cooper"
"4541",2023091801,4431,16.9375171942109,51.9450766554116,44.5966262845046,31,42347,"Amari Cooper"
"4542",2023092401,112,11.07373724325,16.5711219015098,16.0486015430291,59,42347,"Amari Cooper"
"4543",2023092401,189,10.5347659032365,15.9116731901306,15.9116731901306,22,42347,"Amari Cooper"
"4544",2023092401,518,2.37437016817838,9.29955344290841,7.25623571416119,25,42347,"Amari Cooper"
"4545",2023092401,572,9.21424912276517,24.8103173656387,24.8103173656387,35,42347,"Amari Cooper"
"4546",2023092401,768,23.3989153352341,60.9950177126354,42.7753219409058,33,42347,"Amari Cooper"
"4547",2023092401,793,3.23444974707958,14.3925279918729,14.3925279918729,26,42347,"Amari Cooper"
"4548",2023092401,818,3.52559737593855,8.61201446949221,8.61201446949221,18,42347,"Amari Cooper"
"4549",2023092401,1016,4.01238969812475,9.06272168002098,9.06272168002098,24,42347,"Amari Cooper"
"4550",2023092401,1063,3.33901176530216,11.1099847873745,10.9957596295225,22,42347,"Amari Cooper"
"4551",2023092401,1241,16.9434806496846,24.8325566576972,10.5606837570183,35,42347,"Amari Cooper"
"4552",2023092401,1288,17.6970935944437,58.0962121945619,51.8207660816852,29,42347,"Amari Cooper"
"4553",2023092401,1746,9.28700194845148,27.1139768712202,27.1139768712202,23,42347,"Amari Cooper"
"4554",2023092401,1781,16.6264667054466,53.761419229318,27.9893354449676,41,42347,"Amari Cooper"
"4555",2023092401,1840,20.6655507543927,42.92080962225,20.7420106198874,56,42347,"Amari Cooper"
"4556",2023092401,2493,9.62068392361932,78.1596942668988,78.1596942668988,27,42347,"Amari Cooper"
"4557",2023092401,2662,12.1165834139079,18.6188642631424,15.1076969191292,17,42347,"Amari Cooper"
"4558",2023092401,2687,6.4314490457942,9.40814578245669,9.00530559394587,28,42347,"Amari Cooper"
"4559",2023092401,2943,19.565446923888,51.3590710668659,33.2652293046128,35,42347,"Amari Cooper"
"4560",2023092401,3015,28.9473132498957,74.5562438575204,34.3737988371253,33,42347,"Amari Cooper"
"4561",2023092401,3045,4.30963751522476,8.72290770559514,8.72290770559514,15,42347,"Amari Cooper"
"4562",2023092401,3075,3.44562901268797,6.70835928955615,6.70835928955615,24,42347,"Amari Cooper"
"4563",2023092401,3100,11.4093241163387,27.1991042514012,27.1991042514012,23,42347,"Amari Cooper"
"4564",2023092401,3452,10.9641091237221,20.5568123646176,20.5568123646176,17,42347,"Amari Cooper"
"4565",2023092401,3521,45.1460530668955,182.799731876769,182.799731876769,30,42347,"Amari Cooper"
"4566",2023100104,228,-0.3703533411146,9.07158447945535,9.07158447945535,18,42347,"Amari Cooper"
"4567",2023100104,291,9.34246799340624,12.5684558296761,12.3396528270947,23,42347,"Amari Cooper"
"4568",2023100104,341,9.12512908413999,13.6412158881184,6.4741052634819,25,42347,"Amari Cooper"
"4569",2023100104,590,30.4179732296939,68.0350645186572,68.0350645186572,42,42347,"Amari Cooper"
"4570",2023100104,613,9.31604761152002,18.2331639686179,11.0722148534626,28,42347,"Amari Cooper"
"4571",2023100104,767,11.3301023065173,18.8792819004906,17.2572812504882,28,42347,"Amari Cooper"
"4572",2023100104,903,16.4601664070257,24.3246021162516,19.9869600573436,28,42347,"Amari Cooper"
"4573",2023100104,1137,12.3710859248482,37.6791751113933,21.6767442667304,48,42347,"Amari Cooper"
"4574",2023100104,1237,18.8507855079305,50.4521841669088,50.4521841669088,31,42347,"Amari Cooper"
"4575",2023100104,1490,10.1535473311852,21.5953531362625,21.5953531362625,16,42347,"Amari Cooper"
"4576",2023100104,1513,11.1292202768106,14.5837879446817,14.5837879446817,24,42347,"Amari Cooper"
"4577",2023100104,1560,9.3811263861851,11.8402981905163,11.1051372408592,16,42347,"Amari Cooper"
"4578",2023100104,1893,9.82444314583925,22.0626241393165,22.0626241393165,31,42347,"Amari Cooper"
"4579",2023100104,2457,11.6508514580572,50.3313278918261,50.3313278918261,30,42347,"Amari Cooper"
"4580",2023100104,2527,15.6737287212753,28.2470721690361,26.797706525274,25,42347,"Amari Cooper"
"4581",2023100104,2853,28.0452260637082,87.6443187307976,44.5334483399376,36,42347,"Amari Cooper"
"4582",2023100104,2914,12.0020218777284,38.9716181899124,35.7758952603027,34,42347,"Amari Cooper"
"4583",2023100104,2937,22.299266650698,45.2949869626251,24.4055709956516,35,42347,"Amari Cooper"
"4584",2023100104,3048,30.3070408798772,71.6349232714835,71.1887590964982,30,42347,"Amari Cooper"
"4585",2023100104,3242,6.99222850094363,16.1400526860545,16.1400526860545,28,42347,"Amari Cooper"
"4586",2023100104,3289,9.71859203350208,23.3116269952712,23.0263651007643,30,42347,"Amari Cooper"
"4587",2023100104,3732,6.53958770504746,13.5916583587477,13.5916583587477,27,42347,"Amari Cooper"
"4588",2023100104,3757,6.02889162213277,27.0697420874439,27.0697420874439,29,42347,"Amari Cooper"
"4589",2023100104,3782,0.588151122868558,7.76637447322777,7.76637447322777,23,42347,"Amari Cooper"
"4590",2023101504,310,2.18587630263854,6.38988566655895,6.38988566655895,24,42347,"Amari Cooper"
"4591",2023101504,386,9.14700574517247,16.5345747392676,15.8716224161149,23,42347,"Amari Cooper"
"4592",2023101504,655,13.0886529610711,43.1189307436466,43.1189307436466,28,42347,"Amari Cooper"
"4593",2023101504,678,25.2115490851878,44.9706619165116,44.9706619165116,19,42347,"Amari Cooper"
"4594",2023101504,1123,10.4866228761301,18.4949227851746,14.6317009046361,17,42347,"Amari Cooper"
"4595",2023101504,1173,16.4245037313535,31.0411851420622,16.6090100715749,29,42347,"Amari Cooper"
"4596",2023101504,1585,5.14843783250608,16.5565517133269,16.4334834338378,28,42347,"Amari Cooper"
"4597",2023101504,2081,7.60972470708172,51.6887285144094,51.6887285144094,29,42347,"Amari Cooper"
"4598",2023101504,2450,11.6101490492072,23.4094266335345,22.5222575491713,25,42347,"Amari Cooper"
"4599",2023101504,2507,8.22361801156778,18.5815758522241,18.5815758522241,30,42347,"Amari Cooper"
"4600",2023101504,2802,4.37350973652779,16.4986116665627,16.4986116665627,30,42347,"Amari Cooper"
"4601",2023101504,3080,6.66905893076268,13.3073122435343,13.3073122435343,23,42347,"Amari Cooper"
"4602",2023101504,3327,22.7198637308761,118.625718811701,118.625718811701,37,42347,"Amari Cooper"
"4603",2023101504,3372,10.2617253200779,19.9705535526064,19.9367093777096,27,42347,"Amari Cooper"
"4604",2023101504,3619,10.166946513601,20.5829099694283,20.5829099694283,26,42347,"Amari Cooper"
"4605",2023101504,3712,17.0184978282633,61.7611796582177,61.7611796582177,34,42347,"Amari Cooper"
"4606",2023101504,3794,13.3522601993354,25.6017168048475,24.1395373245981,44,42347,"Amari Cooper"
"4607",2023101504,3886,30.2940214072875,40.4569735188732,31.2359162680069,21,42347,"Amari Cooper"
"4608",2023101504,3911,13.8444635274051,31.1977067847654,31.1977067847654,20,42347,"Amari Cooper"
"4609",2023101504,3958,11.1322227753182,16.0646711690689,14.7961913439681,21,42347,"Amari Cooper"
"4610",2023101504,3988,5.70830169421514,13.2926504129431,13.2926504129431,21,42347,"Amari Cooper"
"4611",2023101504,4208,40.0022872057263,106.146615606446,85.1561231924752,37,42347,"Amari Cooper"
"4612",2023101504,4231,26.5611363403555,49.5382486352019,12.3356803230164,49,42347,"Amari Cooper"
"4613",2023102202,62,28.3950121192573,117.255868084463,117.255868084463,35,42347,"Amari Cooper"
"4614",2023102202,443,17.6181833277204,29.6541481174144,15.8091827308167,41,42347,"Amari Cooper"
"4615",2023102202,634,-1.56936769415663,10.9413379356052,10.9413379356052,17,42347,"Amari Cooper"
"4616",2023102202,938,112.653252800288,250.396896975334,242.866769124161,76,42347,"Amari Cooper"
"4617",2023102202,1603,28.7076418858033,90.7534586492532,90.7534586492532,27,42347,"Amari Cooper"
"4618",2023102202,1896,29.5007072045841,104.066910695891,104.066910695891,36,42347,"Amari Cooper"
"4619",2023102202,1922,27.5594850331614,80.1699961312471,23.4380248743397,43,42347,"Amari Cooper"
"4620",2023102202,2068,21.8864154225752,48.6053873528143,47.0557578259342,37,42347,"Amari Cooper"
"4621",2023102202,2380,16.8873237507039,77.9648411508065,77.9648411508065,33,42347,"Amari Cooper"
"4622",2023102202,2405,11.0628201878304,15.0004484147131,12.5478458992006,21,42347,"Amari Cooper"
"4623",2023102202,2435,23.8672786190723,49.0584571797593,46.3162661975765,33,42347,"Amari Cooper"
"4624",2023102202,2460,12.5397388313896,18.4272371933034,18.2317070226991,30,42347,"Amari Cooper"
"4625",2023102202,2728,9.45128814783941,22.7131396286057,22.7131396286057,23,42347,"Amari Cooper"
"4626",2023102202,2931,6.29152348540241,14.0884489815051,10.6625927592686,26,42347,"Amari Cooper"
"4627",2023102202,3330,28.8654081323062,82.8905515191694,43.8219852235604,39,42347,"Amari Cooper"
"4628",2023102202,3353,24.9417646761219,31.7949949719872,26.9229944314582,24,42347,"Amari Cooper"
"4629",2023102202,3769,12.2686608993555,20.0843991532129,20.0843991532129,24,42347,"Amari Cooper"
"4630",2023102202,3824,21.7352008606452,79.3794974755856,54.9542873538484,33,42347,"Amari Cooper"
"4631",2023102202,3858,52.4606782321684,125.72014255423,125.247739452027,40,42347,"Amari Cooper"
"4632",2023102202,4094,7.73392962077116,16.2192213360783,16.2192213360783,20,42347,"Amari Cooper"
"4633",2023102202,4265,10.8225266477807,35.1629066793454,35.1629066793454,36,42347,"Amari Cooper"
"4634",2023102202,4513,13.7548399768443,30.0673540280443,29.1013154958866,22,42347,"Amari Cooper"
"4635",2023102202,4536,7.67780366544628,19.2939608801889,19.2939608801889,26,42347,"Amari Cooper"
"4636",2023102202,4617,18.7336589595735,49.4643325022334,44.2291712499042,30,42347,"Amari Cooper"
"4637",2023102202,4664,15.7713578040366,25.7700044936047,25.7700044936047,20,42347,"Amari Cooper"
"4638",2023102909,84,9.59373063939093,19.3530193946147,11.0818200146418,27,42347,"Amari Cooper"
"4639",2023102909,425,3.38532409303461,13.8644410510008,13.8644410510008,21,42347,"Amari Cooper"
"4640",2023102909,470,4.20791360811523,14.8342702527083,14.8342702527083,35,42347,"Amari Cooper"
"4641",2023102909,831,4.75559132388628,18.613941932034,18.0467298608967,31,42347,"Amari Cooper"
"4642",2023102909,1110,9.20469542090828,14.2608086368954,7.32491444148498,29,42347,"Amari Cooper"
"4643",2023102909,1133,12.9977089348453,61.1255801501435,61.1255801501435,34,42347,"Amari Cooper"
"4644",2023102909,1280,5.93434165470435,21.048533196574,21.048533196574,25,42347,"Amari Cooper"
"4645",2023102909,1332,12.8502314452616,45.141679473344,45.141679473344,27,42347,"Amari Cooper"
"4646",2023102909,1689,25.930018681678,82.6787152597386,82.6787152597386,55,42347,"Amari Cooper"
"4647",2023102909,2513,6.91851055912198,13.6372925811389,12.6015456439526,20,42347,"Amari Cooper"
"4648",2023102909,2565,15.2788076007217,90.4382782416704,90.4382782416704,31,42347,"Amari Cooper"
"4649",2023102909,2637,14.7616591083324,31.470721904655,30.1239093852118,20,42347,"Amari Cooper"
"4650",2023102909,2952,16.5666590065332,24.6547743972148,21.3710951941987,24,42347,"Amari Cooper"
"4651",2023102909,3149,14.3632756182873,74.0344719544426,74.0344719544426,27,42347,"Amari Cooper"
"4652",2023102909,3270,12.4273969802942,20.6128646930822,19.9366175077782,26,42347,"Amari Cooper"
"4653",2023102909,3385,17.9417994843795,25.298979248719,20.8429511459148,21,42347,"Amari Cooper"
"4654",2023102909,4101,19.0624029832317,50.0491325415318,42.8562875294213,38,42347,"Amari Cooper"
"4655",2023102909,4124,11.9075939744564,23.6721585774001,23.3544415240594,33,42347,"Amari Cooper"
"4656",2023102909,4174,52.1392437334702,83.8280155319136,49.9744720354588,71,42347,"Amari Cooper"
"4657",2023110503,283,17.1558919417441,41.6475833647426,33.1589285875963,38,42347,"Amari Cooper"
"4658",2023110503,354,14.0025346488626,26.0365444680996,26.0365444680996,25,42347,"Amari Cooper"
"4659",2023110503,384,12.1188789672674,18.7089253596976,9.26623831482092,41,42347,"Amari Cooper"
"4660",2023110503,626,5.09889808708838,12.2209725870392,8.70328483713376,18,42347,"Amari Cooper"
"4661",2023110503,676,22.509079028724,52.9933050364518,25.3039361771279,53,42347,"Amari Cooper"
"4662",2023110503,701,9.38547358053247,15.5752321607567,15.5752321607567,21,42347,"Amari Cooper"
"4663",2023110503,838,52.9942429890363,216.075487657798,216.075487657798,39,42347,"Amari Cooper"
"4664",2023110503,1611,9.69755737987943,12.2902207697876,8.29720723426039,17,42347,"Amari Cooper"
"4665",2023110503,1839,12.5788668059312,38.0283081621934,20.8639306787472,33,42347,"Amari Cooper"
"4666",2023110503,1864,14.3186495776554,28.0483990576318,28.0151240226537,34,42347,"Amari Cooper"
"4667",2023110503,1931,15.0702268901103,21.9562425063,9.1211898832605,21,42347,"Amari Cooper"
"4668",2023110503,1976,16.5216600222566,55.2692533518689,55.2692533518689,31,42347,"Amari Cooper"
"4669",2023110503,2001,35.2683399124154,68.4812387273644,29.8005855935129,37,42347,"Amari Cooper"
"4670",2023110503,2024,9.67268318069779,21.6302226476663,21.6302226476663,17,42347,"Amari Cooper"
"4671",2023110503,2213,21.2091008567918,52.2045163331331,25.1227572380965,37,42347,"Amari Cooper"
"4672",2023110503,2404,29.4436350643856,78.7780354180751,78.7780354180751,40,42347,"Amari Cooper"
"4673",2023110503,2498,16.2370768977551,20.7781909117195,15.5364540109647,24,42347,"Amari Cooper"
"4674",2023110503,2636,30.2021462124158,36.9246228688275,34.2772635831656,17,42347,"Amari Cooper"
"4675",2023110503,3046,13.8832303455523,25.7832108343688,24.6111199383816,35,42347,"Amari Cooper"
"4676",2023110503,3495,27.830362247813,107.927015566703,107.927015566703,33,42347,"Amari Cooper"
"4677",2023111201,199,8.68811444847432,13.3820702189491,11.1042598744476,23,42347,"Amari Cooper"
"4678",2023111201,222,14.5004650369195,24.1463997398877,24.1463997398877,24,42347,"Amari Cooper"
"4679",2023111201,543,12.9632594544506,77.0890605227391,77.0890605227391,34,42347,"Amari Cooper"
"4680",2023111201,589,23.6156128175434,92.0599908996054,92.0599908996054,41,42347,"Amari Cooper"
"4681",2023111201,676,27.4242618790589,60.3621352770759,31.9497451052547,59,42347,"Amari Cooper"
"4682",2023111201,699,9.04068247553556,20.762857781216,20.762857781216,20,42347,"Amari Cooper"
"4683",2023111201,1285,14.5210377454491,38.4072272973827,28.900738021032,38,42347,"Amari Cooper"
"4684",2023111201,1383,7.63011892651521,19.1921942580891,19.1921942580891,30,42347,"Amari Cooper"
"4685",2023111201,1951,10.878242391499,26.9830584400032,26.8795185631971,26,42347,"Amari Cooper"
"4686",2023111201,2239,27.0631248079358,38.1340916580381,27.4631660498238,26,42347,"Amari Cooper"
"4687",2023111201,2644,5.86186154269692,10.9574404341178,8.8231440251405,20,42347,"Amari Cooper"
"4688",2023111201,2669,4.00228368098604,5.04700789667203,4.52888491043684,27,42347,"Amari Cooper"
"4689",2023111201,2887,7.4656288686308,12.8247383868748,12.8247383868748,20,42347,"Amari Cooper"
"4690",2023111201,2912,20.933881406728,27.4086611806446,22.476677809063,25,42347,"Amari Cooper"
"4691",2023111201,2937,6.25895235359025,16.006917762945,16.006917762945,17,42347,"Amari Cooper"
"4692",2023111201,3016,19.9597128606084,30.9229162764314,30.1648050532574,26,42347,"Amari Cooper"
"4693",2023111201,3652,34.4741912605463,84.3055379942314,78.2640669150617,33,42347,"Amari Cooper"
"4694",2023111201,3699,6.06480377830855,16.451214785085,16.451214785085,19,42347,"Amari Cooper"
"4695",2023111201,3761,3.16384023485251,5.68349774705515,5.68349774705515,15,42347,"Amari Cooper"
"4696",2023111201,3786,14.0060313833551,27.459594810484,7.65254311572938,48,42347,"Amari Cooper"
"4697",2023111201,4182,2.26231998953739,3.84146947775582,3.71206867810171,18,42347,"Amari Cooper"
"4698",2023111201,4237,13.1839823083918,47.223777325118,46.0686101364201,34,42347,"Amari Cooper"
"4699",2023111901,169,3.62596732486641,10.6505945020881,10.6505945020881,24,42347,"Amari Cooper"
"4700",2023111901,221,8.68954388775364,14.786743950529,13.7631465689584,20,42347,"Amari Cooper"
"4701",2023111901,419,3.37970115961385,11.2483975143725,11.2483975143725,34,42347,"Amari Cooper"
"4702",2023111901,446,2.45239486011845,6.8414002948624,6.8414002948624,17,42347,"Amari Cooper"
"4703",2023111901,859,3.64575142667439,8.29627036030199,8.29627036030199,15,42347,"Amari Cooper"
"4704",2023111901,882,6.71051084895153,13.7896789933356,13.7896789933356,20,42347,"Amari Cooper"
"4705",2023111901,1431,6.6319535235693,26.0195845811016,26.0195845811016,25,42347,"Amari Cooper"
"4706",2023111901,1461,5.11094040394051,10.4830510118947,10.4830510118947,22,42347,"Amari Cooper"
"4707",2023111901,1699,8.2596753542411,13.3710949709491,13.1480072632736,24,42347,"Amari Cooper"
"4708",2023111901,1724,5.09711065139722,9.39565673618641,9.39565673618641,19,42347,"Amari Cooper"
"4709",2023111901,1781,17.0975083113038,22.7765894453825,22.1715600800007,21,42347,"Amari Cooper"
"4710",2023111901,1813,12.8678748680988,26.1791026854186,26.1791026854186,19,42347,"Amari Cooper"
"4711",2023111901,1868,4.63374349593544,9.77947038889197,8.67713734420849,16,42347,"Amari Cooper"
"4712",2023111901,2155,6.16150332601929,12.2956321152669,5.00897275981696,27,42347,"Amari Cooper"
"4713",2023111901,2246,7.73291113274534,13.1293004326079,11.2018409838753,22,42347,"Amari Cooper"
"4714",2023111901,2293,9.68339286118168,18.3260725680599,17.3728287157781,19,42347,"Amari Cooper"
"4715",2023111901,2316,19.7381120586311,63.690453202475,63.690453202475,34,42347,"Amari Cooper"
"4716",2023111901,2494,8.07666792469423,18.3553117253639,18.3553117253639,16,42347,"Amari Cooper"
"4717",2023111901,2519,14.8664691860955,21.3411536089119,17.5671575432141,19,42347,"Amari Cooper"
"4718",2023111901,2832,3.71497888808462,13.4921965344997,13.4921965344997,32,42347,"Amari Cooper"
"4719",2023111901,2879,24.3352093392269,54.2389868910859,48.2311692965596,35,42347,"Amari Cooper"
"4720",2023111901,2941,7.99876433826836,15.5810429057809,15.5810429057809,20,42347,"Amari Cooper"
"4721",2023111901,2966,14.9361264595365,26.0196859974059,25.6614852277119,18,42347,"Amari Cooper"
"4722",2023111901,3125,27.851872546461,51.8491931943785,51.8491931943785,27,42347,"Amari Cooper"
"4723",2023111901,3581,14.8656294053912,34.0459600366814,33.0843943351337,34,42347,"Amari Cooper"
"4724",2023111901,3604,6.32159383151262,18.3802530903607,18.351039202573,29,42347,"Amari Cooper"
"4725",2023111901,3782,5.5115672377967,18.9889020401933,18.9889020401933,33,42347,"Amari Cooper"
"4726",2023111901,3836,2.76095625642952,7.11164797923811,6.58861361147545,16,42347,"Amari Cooper"
"4727",2023111901,3859,9.2564566252892,21.1634251203154,21.1634251203154,24,42347,"Amari Cooper"
"4728",2023111901,3884,5.28497404498328,8.22383066983064,8.18880058845935,23,42347,"Amari Cooper"
"4729",2023111901,4040,11.614546955538,21.9715313277023,21.9715313277023,27,42347,"Amari Cooper"
"4730",2023111901,4065,11.0310498092176,22.4227962113257,22.1594070871461,19,42347,"Amari Cooper"
"4731",2023111901,4095,6.82558743788338,14.4167680967585,14.4167680967585,18,42347,"Amari Cooper"
"4732",2023111901,4120,3.9707962018128,9.26153942179434,9.26153942179434,22,42347,"Amari Cooper"
"4733",2023112607,82,7.79474010194371,19.1521463729963,19.1521463729963,22,42347,"Amari Cooper"
"4734",2023112607,107,9.21250612982483,17.214076638041,15.3425441972271,42,42347,"Amari Cooper"
"4735",2023112607,496,9.22589670021855,26.7529473603461,26.7529473603461,28,42347,"Amari Cooper"
"4736",2023112607,526,6.01597836795957,11.6039745435845,10.1506890804806,31,42347,"Amari Cooper"
"4737",2023112607,556,4.45561980304313,12.0806969618671,11.0342829353476,24,42347,"Amari Cooper"
"4738",2023112607,634,5.53983665226002,15.457277358912,15.457277358912,22,42347,"Amari Cooper"
"4739",2023112607,866,10.8887384775782,15.9002754171966,14.5023686435582,27,42347,"Amari Cooper"
"4740",2023112607,1344,10.6760473103838,39.6188210071329,36.8281185106361,39,42347,"Amari Cooper"
"4741",2023112607,1506,14.13383178322,80.2465325134534,80.2465325134534,33,42347,"Amari Cooper"
"4742",2023112607,1529,10.9258544586634,22.9091098833405,22.9091098833405,26,42347,"Amari Cooper"
"4743",2023112607,1618,11.237629802473,18.4333191675768,18.4333191675768,29,42347,"Amari Cooper"
"4744",2023112607,1641,22.5245754660036,57.0872477662914,54.8576938103081,32,42347,"Amari Cooper"
"4745",2023112607,1947,2.84627836518179,11.8594286912553,11.8594286912553,33,42347,"Amari Cooper"
"4746",2023112607,1984,4.82998968911579,9.03550831589843,7.61789132512034,24,42347,"Amari Cooper"
"4747",2023112607,2101,8.11207755332053,15.8200141939672,15.8200141939672,38,42347,"Amari Cooper"
"4748",2023112607,2131,9.28952380803302,15.3075344530217,8.75906505657466,32,42347,"Amari Cooper"
"4749",2023112607,2440,2.5849196971818,7.85681918197758,5.3416506926162,26,42347,"Amari Cooper"
"4750",2023112607,2492,8.52672705664531,18.6793044670684,18.6793044670684,24,42347,"Amari Cooper"
"4751",2023112607,2544,5.84407518443806,19.4243099824539,19.4243099824539,31,42347,"Amari Cooper"
"4752",2023112607,2727,9.56427069212803,17.2376001512719,9.59132372605965,18,42347,"Amari Cooper"
"4753",2023112607,3104,3.91424845511785,9.736842199994,4.50752343913921,26,42347,"Amari Cooper"
"4754",2023112607,3127,7.73360958687361,16.0574592129497,9.64197127426673,35,42347,"Amari Cooper"
"4755",2023112607,3762,-2.29527019890931,1.35625308936157,1.02302288519719,24,42347,"Amari Cooper"
"4756",2023112607,3810,1.99289596738004,7.83020637572592,5.35568945595086,34,42347,"Amari Cooper"
"4757",2023112607,3840,15.4603497646933,48.8732611835292,48.8732611835292,37,42347,"Amari Cooper"
"4758",2023112607,3888,11.6670817778741,25.7623975205359,24.824758705646,36,42347,"Amari Cooper"
"4759",2023120308,55,4.78124393622519,9.5717004004181,4.25965348479242,21,42347,"Amari Cooper"
"4760",2023120308,146,7.5051843901022,14.6932313149419,14.6932313149419,22,42347,"Amari Cooper"
"4761",2023120308,169,34.6070869796984,47.5812026172565,41.6997882289973,20,42347,"Amari Cooper"
"4762",2023120308,194,20.1437669612184,43.4733956848894,32.2089225587258,33,42347,"Amari Cooper"
"4763",2023120308,241,5.26433229892049,24.2759932886069,24.2759932886069,39,42347,"Amari Cooper"
"4764",2023120308,600,8.17766216006,12.8028729307105,12.8028729307105,34,42347,"Amari Cooper"
"4765",2023120308,750,7.08774402277792,17.4987393263382,17.4987393263382,26,42347,"Amari Cooper"
"4766",2023120308,775,-1.5940780383018,0.228781790588544,-2.08016260203741,28,42347,"Amari Cooper"
"4767",2023120308,798,11.3739696481977,18.506539887692,14.969961337928,25,42347,"Amari Cooper"
"4768",2023120308,823,47.3797916066497,126.170974553246,126.170974553246,36,42347,"Amari Cooper"
"4769",2023120308,1178,3.74233349999348,18.2741450474729,18.2741450474729,24,42347,"Amari Cooper"
"4770",2023120308,1230,11.6954702940394,16.684954632298,16.684954632298,22,42347,"Amari Cooper"
"4771",2023120308,1410,10.3211227515469,61.6636624105929,61.6636624105929,27,42347,"Amari Cooper"
"4772",2023120308,1442,6.81661621320919,13.9389206269472,12.4879130989539,23,42347,"Amari Cooper"
"4773",2023120308,1467,6.20314050165591,10.0326015129519,7.07320692623709,20,42347,"Amari Cooper"
"4774",2023121004,103,5.61869721100178,15.1803239924116,15.1803239924116,21,42347,"Amari Cooper"
"4775",2023121004,150,6.10252600492864,10.6875275918635,9.89464154886508,20,42347,"Amari Cooper"
"4776",2023121004,357,5.64492787034984,13.9716552154919,13.9716552154919,36,42347,"Amari Cooper"
"4777",2023121004,1196,4.06376891709104,19.631065525989,19.631065525989,20,42347,"Amari Cooper"
"4778",2023121004,1391,3.59660379235938,10.1283349607894,9.10127599347654,16,42347,"Amari Cooper"
"4779",2023121004,1494,7.89552131600844,28.0313783797897,28.0313783797897,21,42347,"Amari Cooper"
"4780",2023121004,1680,7.86813084490845,20.6693018179561,17.1522921979459,21,42347,"Amari Cooper"
"4781",2023121004,1845,11.5586038697887,27.654577874777,27.291568048685,24,42347,"Amari Cooper"
"4782",2023121004,1917,7.81079391371656,16.9971868979653,13.5746522852376,19,42347,"Amari Cooper"
"4783",2023121004,2283,2.41733866883764,8.51454244126838,8.51454244126838,19,42347,"Amari Cooper"
"4784",2023121004,2313,29.294520529106,70.9353813005047,56.3804970950971,57,42347,"Amari Cooper"
"4785",2023121004,2434,27.2293122840185,46.0514984988411,40.6168458880647,63,42347,"Amari Cooper"
"4786",2023121004,2588,13.6057291011066,17.027579326097,13.7399407323188,35,42347,"Amari Cooper"
"4787",2023121004,2611,25.91062656268,44.8296154256994,37.4219547810007,31,42347,"Amari Cooper"
"4788",2023121004,2669,18.9944616504526,26.495629769486,26.495629769486,20,42347,"Amari Cooper"
"4789",2023121004,2694,18.1436157294815,27.530831384856,27.530831384856,24,42347,"Amari Cooper"
"4790",2023121004,2969,10.1396613112102,15.2773590644805,12.9204032406004,26,42347,"Amari Cooper"
"4791",2023121004,3042,7.49001769094171,14.6055326911676,11.636094100108,32,42347,"Amari Cooper"
"4792",2023121004,3572,10.055543097266,16.292171776513,11.8691227572251,26,42347,"Amari Cooper"
"4793",2023121004,3597,25.428730686015,38.7735124438317,38.4683649113538,25,42347,"Amari Cooper"
"4794",2023121004,3627,10.7433025260437,23.1030273045042,20.7198948153546,17,42347,"Amari Cooper"
"4795",2023121004,3652,6.15457657131369,11.1376858554226,9.07463569031953,25,42347,"Amari Cooper"
"4796",2023121004,3703,11.74049851435,17.2601932919046,15.1268240612542,20,42347,"Amari Cooper"
"4797",2023121004,3848,5.42346619160109,9.25972071506281,8.4974043105375,21,42347,"Amari Cooper"
"4798",2023121004,3895,7.46086472311665,13.9801769765409,12.6475314042671,27,42347,"Amari Cooper"
"4799",2023121004,3918,21.3956854087013,31.6844349882434,29.2598951281041,23,42347,"Amari Cooper"
"4800",2023121004,4298,28.2406403811799,87.4678380551938,87.4678380551938,36,42347,"Amari Cooper"
"4801",2023121004,4401,6.83099770180132,10.6225639208205,9.95849950196988,18,42347,"Amari Cooper"
"4802",2023121004,4483,36.3639760115186,103.047474018371,102.12323222361,29,42347,"Amari Cooper"
"4803",2023121004,4556,3.40747051996137,11.5341128752128,11.4015489860398,21,42347,"Amari Cooper"
"4804",2023121004,4601,34.9080358292509,56.7494978670779,33.2146088260174,53,42347,"Amari Cooper"
"4805",2023121004,4841,15.8905846982301,26.3684377550763,26.2370297892072,20,42347,"Amari Cooper"
"4806",2023121710,100,22.0363549374576,39.1592732864233,31.3451094079582,24,42347,"Amari Cooper"
"4807",2023121710,149,4.32406874637079,16.1238752119601,16.1238752119601,34,42347,"Amari Cooper"
"4808",2023121710,206,13.7677708172195,29.1661552475243,29.1661552475243,28,42347,"Amari Cooper"
"4809",2023121710,374,21.0359082569937,59.8911596466471,32.0840996224975,40,42347,"Amari Cooper"
"4810",2023121710,584,6.19372762274775,18.3164923331689,18.3164923331689,18,42347,"Amari Cooper"
"4811",2023121710,935,3.17605272003059,13.4091525081229,13.4091525081229,19,42347,"Amari Cooper"
"4812",2023121710,998,5.40234679342929,15.1949146331559,15.1949146331559,24,42347,"Amari Cooper"
"4813",2023121710,1244,5.22816774144107,8.07194980744973,7.34166101395371,25,42347,"Amari Cooper"
"4814",2023121710,1549,5.6616116653329,9.59785964225916,9.2246831985356,24,42347,"Amari Cooper"
"4815",2023121710,1574,16.30151228889,65.7444480455991,59.5802152741711,38,42347,"Amari Cooper"
"4816",2023121710,1599,13.519052015498,19.6906384121911,13.8387630581536,19,42347,"Amari Cooper"
"4817",2023121710,1622,59.0975620608461,191.763910491343,191.763910491343,53,42347,"Amari Cooper"
"4818",2023121710,1657,2.08581770040669,3.87957155942932,3.76199835139508,19,42347,"Amari Cooper"
"4819",2023121710,1755,23.6537250942449,50.3031408985424,50.3031408985424,29,42347,"Amari Cooper"
"4820",2023121710,1976,16.6838205987757,55.6503890661881,6.47060012093261,67,42347,"Amari Cooper"
"4821",2023121710,2001,10.084594786095,17.387949341514,10.4442695674796,17,42347,"Amari Cooper"
"4822",2023121710,2067,15.6760362662628,43.189110757334,42.945980243214,31,42347,"Amari Cooper"
"4823",2023121710,2623,7.40005855738814,18.0485791406752,18.0485791406752,26,42347,"Amari Cooper"
"4824",2023121710,2756,14.8421334661583,26.8715630462467,26.603956695699,26,42347,"Amari Cooper"
"4825",2023121710,3061,17.3267902693541,41.7776268034785,35.9422283867069,35,42347,"Amari Cooper"
"4826",2023121710,3084,16.4377125218736,36.5758373571486,36.5758373571486,26,42347,"Amari Cooper"
"4827",2023121710,3250,8.40502150788524,19.0895082583254,18.94144716243,20,42347,"Amari Cooper"
"4828",2023121710,3275,25.0782471663769,69.1180002176295,57.9658934851724,37,42347,"Amari Cooper"
"4829",2023121710,3298,38.0530825098843,101.974829325765,54.0242058125119,42,42347,"Amari Cooper"
"4830",2023121710,3373,8.74665332797367,29.5223498218434,29.5223498218434,26,42347,"Amari Cooper"
"4831",2023121710,3622,16.15040755385,39.1113554323296,27.3608543822637,40,42347,"Amari Cooper"
"4832",2023121710,3647,1.14916121071182,6.0145989108548,6.0145989108548,19,42347,"Amari Cooper"
"4833",2023121710,3710,8.632833489348,13.410503106913,11.6921960307325,21,42347,"Amari Cooper"
"4834",2023121710,3733,20.6004583020228,31.9198385734767,23.4216546958282,24,42347,"Amari Cooper"
"4835",2023121710,3930,30.0477348425165,103.564055850174,103.564055850174,32,42347,"Amari Cooper"
"4836",2023121710,4179,7.49862517784396,16.2174666682726,16.2174666682726,67,42347,"Amari Cooper"
"4837",2023121710,4262,12.0933954847631,26.0394638107128,26.0394638107128,31,42347,"Amari Cooper"
"4838",2023121710,4297,20.9546746602904,53.4916596433765,47.0526322818651,39,42347,"Amari Cooper"
"4839",2023121710,4450,3.02965480227453,13.6790545787458,13.6790545787458,28,42347,"Amari Cooper"
"4840",2023121710,4514,12.3710604859001,20.7306310214015,20.7306310214015,22,42347,"Amari Cooper"
"4841",2023121710,4562,41.0151506900584,130.477521627288,130.477521627288,27,42347,"Amari Cooper"
"4842",2023122404,68,39.6820956432767,109.847425968803,109.847425968803,37,42347,"Amari Cooper"
"4843",2023122404,124,7.65743123069643,9.11041707148564,7.70197360613087,19,42347,"Amari Cooper"
"4844",2023122404,433,7.6479835985727,16.028087317536,15.7986493096668,25,42347,"Amari Cooper"
"4845",2023122404,492,24.2766401823708,46.3649918623027,44.684601753147,51,42347,"Amari Cooper"
"4846",2023122404,561,16.937941103185,57.8026336429613,53.2567259417185,38,42347,"Amari Cooper"
"4847",2023122404,778,14.8490132380893,43.3972831079966,43.3972831079966,39,42347,"Amari Cooper"
"4848",2023122404,868,22.0110992489095,80.2472294847594,76.4936670843274,34,42347,"Amari Cooper"
"4849",2023122404,1230,14.2055291209979,55.3160823037515,31.4092337043198,42,42347,"Amari Cooper"
"4850",2023122404,1347,3.47131565392393,12.1437815072481,12.1437815072481,22,42347,"Amari Cooper"
"4851",2023122404,1783,37.057163461818,111.411690586851,111.411690586851,39,42347,"Amari Cooper"
"4852",2023122404,1855,13.5364073205375,29.4118654891178,22.670098328389,29,42347,"Amari Cooper"
"4853",2023122404,2042,18.8345622135017,51.6985678755134,51.6985678755134,35,42347,"Amari Cooper"
"4854",2023122404,2235,12.995164495469,41.4901183278078,41.4901183278078,38,42347,"Amari Cooper"
"4855",2023122404,2260,17.2237169316787,37.9068042255803,37.9068042255803,28,42347,"Amari Cooper"
"4856",2023122404,2313,51.68054127483,84.043135605669,52.2650381397405,25,42347,"Amari Cooper"
"4857",2023122404,2513,0.278998843868655,2.27141803021548,2.27141803021548,20,42347,"Amari Cooper"
"4858",2023122404,2545,3.73347042619539,10.5485043254142,10.5485043254142,23,42347,"Amari Cooper"
"4859",2023122404,2570,5.61030113998414,14.300183949015,14.300183949015,24,42347,"Amari Cooper"
"4860",2023122404,2691,9.64852936925562,14.9276605146007,13.8144787738187,20,42347,"Amari Cooper"
"4861",2023122404,2738,21.2446233239091,78.455213190588,78.455213190588,41,42347,"Amari Cooper"
"4862",2023122404,2830,23.8453011636444,68.5656144347441,16.5363803629888,47,42347,"Amari Cooper"
"4863",2023122404,2953,18.5737445231241,30.7714363707621,28.5455809676174,24,42347,"Amari Cooper"
"4864",2023122404,3100,2.73453733148321,16.6367336283684,16.6367336283684,28,42347,"Amari Cooper"
"4865",2023122404,3137,29.1737339319528,89.7195212540356,89.7195212540356,33,42347,"Amari Cooper"
"4866",2023122404,3224,14.7813057153511,23.4559258164888,23.4559258164888,24,42347,"Amari Cooper"
"4867",2023122404,3271,13.7239864101664,21.5376623498983,18.6192521128302,25,42347,"Amari Cooper"
"4868",2023122404,3319,13.2885705739199,22.7314080221684,19.8000267965837,26,42347,"Amari Cooper"
"4869",2023122404,4342,8.68961228248384,16.2220143098581,15.7318381291037,28,42347,"Amari Cooper"
"4870",2023122404,4394,32.5148863159789,45.2218557369695,42.0307994179731,25,42347,"Amari Cooper"
"4871",2023091001,284,8.80169289585641,12.1889876243694,11.8354863564602,18,53518,"Nico Collins"
"4872",2023091001,1042,26.0220746776223,68.5364005024637,65.4733023563039,30,53518,"Nico Collins"
"4873",2023091001,1065,26.8384488852501,50.4279972964209,36.085899742385,34,53518,"Nico Collins"
"4874",2023091001,1368,6.41886789981556,10.4888932872672,8.24449381310037,26,53518,"Nico Collins"
"4875",2023091001,1470,10.3104516805065,16.4753990168651,16.4753990168651,32,53518,"Nico Collins"
"4876",2023091001,1517,25.4719213070831,117.700097996916,117.700097996916,30,53518,"Nico Collins"
"4877",2023091001,1549,7.15826977480934,20.0954568784389,20.0954568784389,18,53518,"Nico Collins"
"4878",2023091001,1574,10.5941511776191,16.7289058062743,15.1773279291509,25,53518,"Nico Collins"
"4879",2023091001,2033,20.9550020040124,93.7368424782664,93.7368424782664,29,53518,"Nico Collins"
"4880",2023091001,2759,36.9788146071143,76.0995351344168,42.5448934734446,30,53518,"Nico Collins"
"4881",2023091001,3086,9.68447145653113,15.1462010528101,13.5002851754675,21,53518,"Nico Collins"
"4882",2023091001,3111,5.47986139869696,13.4096017974277,13.4096017974277,25,53518,"Nico Collins"
"4883",2023091001,3383,27.3238932908484,78.4922499118706,70.7525264700879,32,53518,"Nico Collins"
"4884",2023091001,3514,10.4781564090795,17.5086974762084,14.328129571955,24,53518,"Nico Collins"
"4885",2023091001,3879,6.6017290380634,17.2257235461023,17.2178219814761,25,53518,"Nico Collins"
"4886",2023091001,3902,11.7282251202992,25.6009594194819,25.6009594194819,24,53518,"Nico Collins"
"4887",2023091001,4191,19.7187277890773,85.304546300761,85.304546300761,33,53518,"Nico Collins"
"4888",2023091001,4564,10.1883823575624,16.7362020102393,16.7362020102393,29,53518,"Nico Collins"
"4889",2023091001,4589,12.6417782690238,25.4553216665756,22.467248002662,17,53518,"Nico Collins"
"4890",2023091001,4614,15.8567107824231,23.3990046815568,18.9104065451249,20,53518,"Nico Collins"
"4891",2023091704,368,6.00440725370531,10.3136593882386,10.3136593882386,19,53518,"Nico Collins"
"4892",2023091704,565,11.1043834628179,19.9170867501995,19.427148935011,24,53518,"Nico Collins"
"4893",2023091704,591,7.47536960263416,14.7652546408547,13.3945260435947,17,53518,"Nico Collins"
"4894",2023091704,683,20.2428068978229,32.1088990518518,28.5559355501842,34,53518,"Nico Collins"
"4895",2023091704,706,15.594770114672,44.815389172296,44.815389172296,28,53518,"Nico Collins"
"4896",2023091704,822,20.2833934817493,40.124856782079,13.3406098713773,35,53518,"Nico Collins"
"4897",2023091704,1332,27.8764632936699,40.6246432932737,39.6619130282806,16,53518,"Nico Collins"
"4898",2023091704,1584,21.5888334040769,69.3084336046863,26.3358235828816,37,53518,"Nico Collins"
"4899",2023091704,1609,8.79460676067055,18.3138353800901,18.3138353800901,19,53518,"Nico Collins"
"4900",2023091704,1807,16.9852270043715,30.5385424599178,30.5385424599178,28,53518,"Nico Collins"
"4901",2023091704,2396,15.7159100239178,24.6607822851193,21.0139757418297,28,53518,"Nico Collins"
"4902",2023091704,2421,26.6582971491783,74.7111667261418,73.3683119451772,31,53518,"Nico Collins"
"4903",2023091704,3010,4.30609084920844,15.2518803683444,15.2518803683444,26,53518,"Nico Collins"
"4904",2023091704,3079,10.8448594402973,21.5147728456716,21.5147728456716,24,53518,"Nico Collins"
"4905",2023091704,3104,3.9892007670952,15.0191595855014,15.0191595855014,23,53518,"Nico Collins"
"4906",2023091704,3134,14.5087956948234,84.7620024104928,84.7620024104928,25,53518,"Nico Collins"
"4907",2023091704,3164,3.81551937883778,20.0672083263065,20.0672083263065,26,53518,"Nico Collins"
"4908",2023091704,3571,6.55968241645194,11.0666665271953,10.4813484291074,30,53518,"Nico Collins"
"4909",2023091704,3619,9.87093023052821,13.7532938974814,13.7532938974814,29,53518,"Nico Collins"
"4910",2023091704,3644,4.93967566864397,19.5414119094335,19.5414119094335,25,53518,"Nico Collins"
"4911",2023091704,3895,11.3608503631051,27.9577806833628,27.9577806833628,27,53518,"Nico Collins"
"4912",2023091704,3920,8.01705308092765,15.6555283713728,15.6555283713728,20,53518,"Nico Collins"
"4913",2023091704,3991,29.5355770312109,44.1559171408212,43.6947031605741,15,53518,"Nico Collins"
"4914",2023091704,4016,19.1198442193687,30.8743384161529,16.7228820293526,31,53518,"Nico Collins"
"4915",2023091704,4041,13.0744728070139,18.0434780136882,9.4242501167015,21,53518,"Nico Collins"
"4916",2023091704,4277,13.4811949737391,28.3768215252224,25.1974561483573,23,53518,"Nico Collins"
"4917",2023091704,4302,25.8814070143974,70.7084219915765,33.3182193280895,36,53518,"Nico Collins"
"4918",2023092404,299,8.24761560488819,22.5700641908966,22.5700641908966,27,53518,"Nico Collins"
"4919",2023092404,733,13.1920711872714,27.3492311966974,27.3492311966974,27,53518,"Nico Collins"
"4920",2023092404,1200,8.52396296254025,28.9875431657837,28.9875431657837,34,53518,"Nico Collins"
"4921",2023092404,1269,25.6871604639036,36.3071437841608,33.612021622439,19,53518,"Nico Collins"
"4922",2023092404,1367,18.1087865669472,27.6045942660113,27.6045942660113,21,53518,"Nico Collins"
"4923",2023092404,1725,8.36597042633422,10.4181209489426,9.71048043941864,25,53518,"Nico Collins"
"4924",2023092404,2033,71.5210270025388,198.361743171428,176.119053541069,42,53518,"Nico Collins"
"4925",2023092404,2063,14.0375710606171,24.4537579688618,16.0955523011142,23,53518,"Nico Collins"
"4926",2023092404,2110,21.8440448425565,77.8156448224289,77.8156448224289,32,53518,"Nico Collins"
"4927",2023092404,2178,12.5085759282291,29.7325555354937,29.7325555354937,30,53518,"Nico Collins"
"4928",2023092404,2203,17.7436849986425,24.380263037368,12.3305292904679,23,53518,"Nico Collins"
"4929",2023092404,2235,10.864608457393,20.8767449723673,20.8767449723673,22,53518,"Nico Collins"
"4930",2023092404,2265,34.0139481223293,69.5875279572568,67.39959248304,26,53518,"Nico Collins"
"4931",2023092404,2744,8.30388619172733,19.3872319115628,19.3872319115628,24,53518,"Nico Collins"
"4932",2023092404,3343,25.8829907209492,58.5702459552525,32.5707643068936,44,53518,"Nico Collins"
"4933",2023092404,3740,12.4034100295739,22.0684988570036,22.0684988570036,28,53518,"Nico Collins"
"4934",2023100105,436,10.8725349258103,20.4368444499498,20.4368444499498,23,53518,"Nico Collins"
"4935",2023100105,805,15.1081783114002,26.279461329961,26.279461329961,18,53518,"Nico Collins"
"4936",2023100105,875,9.01985378467978,14.3290442463541,14.3290442463541,25,53518,"Nico Collins"
"4937",2023100105,1195,15.8281252089427,26.3725799043699,26.3725799043699,23,53518,"Nico Collins"
"4938",2023100105,1360,5.22378580084671,15.4016247601418,15.4016247601418,21,53518,"Nico Collins"
"4939",2023100105,1439,20.0385964919137,90.1164182943737,90.1164182943737,27,53518,"Nico Collins"
"4940",2023100105,1486,11.2554225075884,15.4477966816006,12.5953215488002,22,53518,"Nico Collins"
"4941",2023100105,1780,12.0985754044026,22.2637345545262,22.2637345545262,23,53518,"Nico Collins"
"4942",2023100105,2102,23.6414367071379,72.3236322841842,29.2356767511662,34,53518,"Nico Collins"
"4943",2023100105,2526,16.699016432101,25.0689993231179,24.7680382821087,21,53518,"Nico Collins"
"4944",2023100105,3157,52.8581192263476,157.33291207399,82.2987659457333,52,53518,"Nico Collins"
"4945",2023100105,3246,30.4503234266076,96.2646963280573,88.9110727768278,40,53518,"Nico Collins"
"4946",2023100105,3752,39.9462583378325,79.7155817719945,79.7155817719945,38,53518,"Nico Collins"
"4947",2023100105,3777,23.6528921784142,125.208402439125,125.208402439125,30,53518,"Nico Collins"
"4948",2023100801,199,6.39732905161646,13.8515270785084,13.8515270785084,19,53518,"Nico Collins"
"4949",2023100801,224,0.563471811936104,3.25663827769984,3.25663827769984,18,53518,"Nico Collins"
"4950",2023100801,590,10.9532654725485,13.8920268877977,13.8920268877977,23,53518,"Nico Collins"
"4951",2023100801,615,18.4625809788267,31.332016279784,16.3990299226887,33,53518,"Nico Collins"
"4952",2023100801,868,7.71807771821236,18.9098435920949,18.9098435920949,25,53518,"Nico Collins"
"4953",2023100801,915,7.6602843731301,14.7181220154316,14.7181220154316,23,53518,"Nico Collins"
"4954",2023100801,982,10.6947971955909,93.2175267479824,93.2175267479824,30,53518,"Nico Collins"
"4955",2023100801,1005,9.24513207893473,18.5330557667178,18.5330557667178,29,53518,"Nico Collins"
"4956",2023100801,1245,9.70371173914258,20.903455054215,14.7085235989486,39,53518,"Nico Collins"
"4957",2023100801,1268,45.5516093104175,109.848267804801,103.180559166191,48,53518,"Nico Collins"
"4958",2023100801,1614,10.1590727780091,24.3051611703689,24.3051611703689,31,53518,"Nico Collins"
"4959",2023100801,1967,30.8409097930877,112.63244457341,111.614671307624,29,53518,"Nico Collins"
"4960",2023100801,1999,11.8343067223562,26.1800845337837,26.1800845337837,25,53518,"Nico Collins"
"4961",2023100801,2058,13.4072987425894,28.0882143230363,27.6893120610526,25,53518,"Nico Collins"
"4962",2023100801,2081,10.9129324140624,32.567662516339,32.567662516339,25,53518,"Nico Collins"
"4963",2023100801,2104,20.1151646763732,62.3919617336791,62.3919617336791,46,53518,"Nico Collins"
"4964",2023100801,2132,14.2449507465344,28.4712610681668,28.4712610681668,27,53518,"Nico Collins"
"4965",2023100801,2171,24.1300032643693,57.7245929665389,57.7245929665389,25,53518,"Nico Collins"
"4966",2023100801,2346,16.1370765785451,72.8125768349411,72.8125768349411,31,53518,"Nico Collins"
"4967",2023100801,2393,31.4752763512111,60.5381947257218,44.3575412113396,46,53518,"Nico Collins"
"4968",2023100801,2418,10.5330933184975,19.61007034568,19.61007034568,21,53518,"Nico Collins"
"4969",2023100801,2493,11.9639703131304,20.9125281337868,17.3659278822382,34,53518,"Nico Collins"
"4970",2023100801,2675,5.83596560501372,10.0171126214387,10.0171126214387,21,53518,"Nico Collins"
"4971",2023100801,3481,15.302945504622,90.5161207955619,90.5161207955619,34,53518,"Nico Collins"
"4972",2023100801,4012,11.5214121203247,15.8485560388598,13.1550111377442,28,53518,"Nico Collins"
"4973",2023100801,4088,13.2483710098093,25.4278255133957,25.4278255133957,27,53518,"Nico Collins"
"4974",2023101505,118,26.7571008228277,57.3033980022317,53.3798176649647,56,53518,"Nico Collins"
"4975",2023101505,147,2.85537595320783,12.490423211776,12.490423211776,25,53518,"Nico Collins"
"4976",2023101505,170,10.589517640788,17.6182519649537,16.3098406603868,27,53518,"Nico Collins"
"4977",2023101505,240,10.8588804984853,33.5694008830241,33.5694008830241,57,53518,"Nico Collins"
"4978",2023101505,527,16.2242479952659,62.2988437875226,62.2988437875226,26,53518,"Nico Collins"
"4979",2023101505,614,22.7919101061759,102.769445481436,23.4462824977407,37,53518,"Nico Collins"
"4980",2023101505,637,30.704846906192,104.377409467202,85.6224953482792,31,53518,"Nico Collins"
"4981",2023101505,1053,33.8990765713551,96.1185646564956,96.1185646564956,32,53518,"Nico Collins"
"4982",2023101505,1145,12.5322003448257,26.6696971146351,26.6696971146351,27,53518,"Nico Collins"
"4983",2023101505,1389,17.2946586340513,48.8946830845281,48.8946830845281,39,53518,"Nico Collins"
"4984",2023101505,1597,16.1493584320829,24.8771486330332,24.8771486330332,27,53518,"Nico Collins"
"4985",2023101505,2338,17.0478441672432,38.4456534071736,38.4456534071736,28,53518,"Nico Collins"
"4986",2023101505,3019,21.5550146942133,60.1039706504164,39.9006040319282,34,53518,"Nico Collins"
"4987",2023101505,3419,26.0807166528553,79.1358630019424,71.2024868341042,39,53518,"Nico Collins"
"4988",2023101505,3792,7.18044735417753,11.1202698354619,11.1202698354619,20,53518,"Nico Collins"
"4989",2023102900,554,1.89568283098237,9.78274204622562,9.78274204622562,15,53518,"Nico Collins"
"4990",2023102900,586,37.6950168248575,150.961787433784,150.961787433784,35,53518,"Nico Collins"
"4991",2023102900,631,15.2074143011048,26.3580765868496,26.3580765868496,21,53518,"Nico Collins"
"4992",2023102900,660,4.68327378637511,12.9899572419889,12.9899572419889,18,53518,"Nico Collins"
"4993",2023102900,751,8.11396489773871,16.5564382448244,16.5564382448244,23,53518,"Nico Collins"
"4994",2023102900,825,10.6913136208421,17.7950065922329,17.7950065922329,21,53518,"Nico Collins"
"4995",2023102900,934,9.89798147285427,16.7862754164815,16.7862754164815,21,53518,"Nico Collins"
"4996",2023102900,2617,29.4500653763429,49.3944020613063,24.853101808986,49,53518,"Nico Collins"
"4997",2023102900,2785,2.03959837914141,2.85761963628482,0,15,53518,"Nico Collins"
"4998",2023102900,3139,21.2884495137758,54.270127831705,47.0542973757153,35,53518,"Nico Collins"
"4999",2023102900,3162,15.5619842058727,25.1851329843385,15.4848495025857,27,53518,"Nico Collins"
"5000",2023102900,3350,29.0028826342562,53.4294730136127,50.3350202806285,30,53518,"Nico Collins"
"5001",2023102900,3407,56.6354104716181,205.653124723276,205.653124723276,37,53518,"Nico Collins"
"5002",2023102900,3454,6.19311193289252,9.31666425080352,9.08744774616449,25,53518,"Nico Collins"
"5003",2023110505,56,11.4723965087428,31.7939149011989,29.2722269276759,27,53518,"Nico Collins"
"5004",2023110505,109,16.140947069865,33.552147970345,33.552147970345,38,53518,"Nico Collins"
"5005",2023110505,341,11.2289943401971,16.3437576520097,16.3437576520097,25,53518,"Nico Collins"
"5006",2023110505,410,26.4328999250628,58.5674308410293,58.5674308410293,39,53518,"Nico Collins"
"5007",2023110505,446,3.3230933350087,12.2256121543818,12.2256121543818,17,53518,"Nico Collins"
"5008",2023110505,925,62.5315840266179,272.523969611652,272.523969611652,36,53518,"Nico Collins"
"5009",2023110505,1467,22.7253539463622,42.066413397489,35.1409590629533,40,53518,"Nico Collins"
"5010",2023110505,1492,28.4024166607748,74.326620913923,59.5985198464153,30,53518,"Nico Collins"
"5011",2023110505,1517,13.6855093647814,23.4527799475739,22.9737258003922,20,53518,"Nico Collins"
"5012",2023110505,1540,20.1815291681506,57.7074860334712,27.409298448471,37,53518,"Nico Collins"
"5013",2023110505,1563,12.0399183774096,20.4989659469835,20.4989659469835,18,53518,"Nico Collins"
"5014",2023110505,1588,16.5629995381261,30.2926621902703,29.5534803840783,27,53518,"Nico Collins"
"5015",2023110505,1812,3.61944506432862,10.5810759385556,10.5810759385556,17,53518,"Nico Collins"
"5016",2023110505,1986,29.6446289215636,54.2683195775212,54.2683195775212,36,53518,"Nico Collins"
"5017",2023110505,2639,37.6782050640214,97.354625279979,95.6985510340437,32,53518,"Nico Collins"
"5018",2023110505,2769,-1.42295994282949,3.93357300563884,3.7886726707994,33,53518,"Nico Collins"
"5019",2023110505,2949,81.3179227278118,193.251299228046,189.783252279453,40,53518,"Nico Collins"
"5020",2023110505,3054,7.60550716587381,16.3198623302919,13.7450274681705,28,53518,"Nico Collins"
"5021",2023110505,3145,20.370025679764,27.740543340502,27.740543340502,23,53518,"Nico Collins"
"5022",2023110505,3174,21.5623101044457,30.845425606351,26.1290475264055,24,53518,"Nico Collins"
"5023",2023110505,3492,16.4905186855704,45.8396260111417,45.8396260111417,36,53518,"Nico Collins"
"5024",2023110505,3607,31.8439713179158,59.0431662376087,21.9988491968605,46,53518,"Nico Collins"
"5025",2023110505,4322,28.5843030936539,49.8170328481958,35.6861294175054,29,53518,"Nico Collins"
"5026",2023110505,4347,33.9533217482493,58.8352331686458,52.0531461986462,32,53518,"Nico Collins"
"5027",2023110505,4379,34.6465654416933,75.1825555272442,75.1825555272442,29,53518,"Nico Collins"
"5028",2023110505,4434,41.3014241492155,73.8625660984244,72.6534558029878,32,53518,"Nico Collins"
"5029",2023110505,4459,26.6435443535195,41.0015336649454,41.0015336649454,26,53518,"Nico Collins"
"5030",2023111904,276,10.6518212195477,24.1265089244426,17.0765454987598,31,53518,"Nico Collins"
"5031",2023111904,299,13.2996890741879,22.8432185741389,16.7180418904603,35,53518,"Nico Collins"
"5032",2023111904,322,20.8016183735646,31.4872954222848,27.1916486412257,31,53518,"Nico Collins"
"5033",2023111904,391,19.092054521941,35.6030847048942,34.4000624064163,23,53518,"Nico Collins"
"5034",2023111904,564,75.5882400943068,242.523587898985,242.523587898985,34,53518,"Nico Collins"
"5035",2023111904,643,8.41307727230762,18.329290541593,12.8249397319535,24,53518,"Nico Collins"
"5036",2023111904,666,23.6323882247016,39.9782752768472,37.3598708295543,21,53518,"Nico Collins"
"5037",2023111904,1011,8.26084098683396,13.1280571521601,13.1280571521601,18,53518,"Nico Collins"
"5038",2023111904,1036,26.6232740563324,60.2753000242241,47.9340613278637,34,53518,"Nico Collins"
"5039",2023111904,1179,8.59988888083143,20.843292568865,19.401226685332,26,53518,"Nico Collins"
"5040",2023111904,1356,6.484825056585,10.8539397938359,5.19810742268665,21,53518,"Nico Collins"
"5041",2023111904,1483,10.3483512027994,17.863276752743,4.58714346037725,45,53518,"Nico Collins"
"5042",2023111904,1530,22.1628316044596,33.9881620751831,26.5679347985188,29,53518,"Nico Collins"
"5043",2023111904,1790,18.8714024316116,35.5856423964324,32.1894580337832,23,53518,"Nico Collins"
"5044",2023111904,1815,12.5655604871325,22.7101360676568,17.876969571355,18,53518,"Nico Collins"
"5045",2023111904,1840,22.0945754995319,28.8428662185699,23.9570338372413,23,53518,"Nico Collins"
"5046",2023111904,1865,39.7972076346171,104.195945128332,36.1597198742219,52,53518,"Nico Collins"
"5047",2023111904,2095,4.86096149273665,8.19331598861743,4.66497125281355,21,53518,"Nico Collins"
"5048",2023111904,2194,38.8793390987105,75.366767639769,29.4185436097204,38,53518,"Nico Collins"
"5049",2023111904,2274,22.3255766334192,30.2239737358606,23.2580453992673,23,53518,"Nico Collins"
"5050",2023111904,3079,10.6937296136334,17.2895038827032,15.0104573534256,18,53518,"Nico Collins"
"5051",2023111904,3238,11.416204560382,25.7658371766042,25.7658371766042,19,53518,"Nico Collins"
"5052",2023111904,3286,13.333330890748,25.2270121740911,25.2270121740911,28,53518,"Nico Collins"
"5053",2023111904,3468,8.72204071068555,21.0486765663524,21.0486765663524,18,53518,"Nico Collins"
"5054",2023111904,3493,18.6003827809281,94.8928968749798,92.2406214075706,26,53518,"Nico Collins"
"5055",2023112602,548,13.2129646366545,42.867126253395,42.867126253395,28,53518,"Nico Collins"
"5056",2023112602,596,29.7974484439331,61.525530151147,31.801279986224,53,53518,"Nico Collins"
"5057",2023112602,1350,17.8199515646458,42.4198021184483,19.8001929526726,88,53518,"Nico Collins"
"5058",2023112602,1666,50.962156448302,127.9785511615,127.9785511615,36,53518,"Nico Collins"
"5059",2023112602,1728,12.8641377911998,22.9933156173604,10.8198856218296,37,53518,"Nico Collins"
"5060",2023112602,1753,31.6413473718617,54.4362575983133,36.4422880885133,62,53518,"Nico Collins"
"5061",2023112602,1805,21.0345867985937,55.0087103901889,41.4557267946008,37,53518,"Nico Collins"
"5062",2023112602,1830,30.9134214408537,53.1585863633622,44.354765130021,37,53518,"Nico Collins"
"5063",2023112602,2343,29.528499653799,46.5375352010589,28.5356895672889,34,53518,"Nico Collins"
"5064",2023112602,2375,13.9288384925642,26.4266118290025,24.2641041327268,29,53518,"Nico Collins"
"5065",2023112602,2400,12.1760327758569,23.9259483407847,23.9259483407847,22,53518,"Nico Collins"
"5066",2023112602,2848,35.0695123579696,87.9963809474526,53.3792621685284,30,53518,"Nico Collins"
"5067",2023112602,2895,13.24500791942,43.0728625461196,43.0728625461196,29,53518,"Nico Collins"
"5068",2023112602,3419,25.4963592127995,89.3028978186091,89.3028978186091,47,53518,"Nico Collins"
"5069",2023112602,3442,43.2979989120095,145.298974568459,145.298974568459,36,53518,"Nico Collins"
"5070",2023112602,3605,49.2363606589057,111.463682526764,67.1714896055707,68,53518,"Nico Collins"
"5071",2023112602,3685,15.7084707172626,25.299122535134,25.299122535134,18,53518,"Nico Collins"
"5072",2023112602,3710,20.185597563558,26.8474833308998,21.8014340520963,43,53518,"Nico Collins"
"5073",2023112602,3967,12.8572379680969,25.8267790600283,25.8267790600283,19,53518,"Nico Collins"
"5074",2023112602,3992,14.219319579959,18.922251115382,18.2846034173135,20,53518,"Nico Collins"
"5075",2023112602,4037,26.9843541500234,53.99015345074,26.9791016383022,44,53518,"Nico Collins"
"5076",2023112602,4069,22.6866113802861,29.3481897283388,18.5735975599987,41,53518,"Nico Collins"
"5077",2023112602,4114,20.2478228908071,49.5591629043051,48.2881267758895,27,53518,"Nico Collins"
"5078",2023112602,4146,35.3081633272063,62.6122188004122,30.7102380414115,107,53518,"Nico Collins"
"5079",2023120307,265,-0.0939178257820609,7.07110013643757,7.07110013643757,15,53518,"Nico Collins"
"5080",2023120307,345,8.39874650628114,11.4788856206725,11.2889342190359,26,53518,"Nico Collins"
"5081",2023120307,495,53.7520449644718,200.007921948188,200.007921948188,35,53518,"Nico Collins"
"5082",2023120307,559,13.6069013016678,25.7535722889082,25.7535722889082,19,53518,"Nico Collins"
"5083",2023120307,672,16.414169477134,35.9038301395192,33.8948291151553,55,53518,"Nico Collins"
"5084",2023120307,719,4.36542706348539,10.6530079675881,10.6530079675881,19,53518,"Nico Collins"
"5085",2023120307,964,49.0710215762464,195.905684226941,170.091946312592,37,53518,"Nico Collins"
"5086",2023120307,1045,31.7206099574472,79.0554939325947,71.0044929994015,34,53518,"Nico Collins"
"5087",2023120307,1324,34.5067218787577,94.6456244579413,91.0867862744758,32,53518,"Nico Collins"
"5088",2023120307,1450,14.7809018515306,27.5717881511714,27.2991635177828,22,53518,"Nico Collins"
"5089",2023120307,1975,13.8456475128866,21.944200892781,10.4025596084879,50,53518,"Nico Collins"
"5090",2023120307,2246,34.7988929772715,71.693796791917,59.4716050339331,45,53518,"Nico Collins"
"5091",2023120307,2520,0.987617894534083,8.7217293486297,8.7217293486297,16,53518,"Nico Collins"
"5092",2023120307,2579,16.1674641861348,69.5785271862762,47.6723879791051,33,53518,"Nico Collins"
"5093",2023120307,2773,35.1791003327395,88.9307980843585,72.9436876860701,44,53518,"Nico Collins"
"5094",2023120307,2798,5.68007686667851,9.78000960377939,9.78000960377939,18,53518,"Nico Collins"
"5095",2023120307,2992,17.8324398702245,29.6529627107693,29.6529627107693,28,53518,"Nico Collins"
"5096",2023120307,3064,15.2969465409787,42.7298496405328,42.7298496405328,39,53518,"Nico Collins"
"5097",2023120307,3329,35.8512508521538,73.3754248492419,51.5156421955576,31,53518,"Nico Collins"
"5098",2023120307,3463,22.5913571815261,56.3375354437431,56.3375354437431,36,53518,"Nico Collins"
"5099",2023120307,3546,14.4860067865239,25.683634226444,24.8225734252169,19,53518,"Nico Collins"
"5100",2023121006,77,21.8766316692807,78.7794176972097,78.7794176972097,41,53518,"Nico Collins"
"5101",2023122404,224,34.4705337201567,82.8216260141566,74.4847344583337,38,53518,"Nico Collins"
"5102",2023122404,691,56.7065002936115,202.189092948171,202.189092948171,43,53518,"Nico Collins"
"5103",2023122404,1503,10.6948362912728,16.9324287705391,16.1287116212074,17,53518,"Nico Collins"
"5104",2023122404,1642,0.1187936049338,0.295501050325646,0,23,53518,"Nico Collins"
"5105",2023122404,2069,15.7835524669622,70.1969419327916,70.1969419327916,31,53518,"Nico Collins"
"5106",2023122404,2116,7.32332000449586,14.4772680013344,13.8799129476582,19,53518,"Nico Collins"
"5107",2023122404,2144,15.0808788920802,19.5214048891907,19.5214048891907,20,53518,"Nico Collins"
"5108",2023122404,2176,40.2329497780083,138.024178838423,138.024178838423,33,53518,"Nico Collins"
"5109",2023122404,2433,9.96219599428446,19.5571908794516,19.1514757194628,20,53518,"Nico Collins"
"5110",2023122404,2463,33.2191285325051,50.3783926907697,45.7975906081841,25,53518,"Nico Collins"
"5111",2023122404,3460,14.4789746004842,23.3622943730379,21.1187940612068,20,53518,"Nico Collins"
"5112",2023122404,3489,4.694664622921,9.05752462688232,9.00438115760416,24,53518,"Nico Collins"
"5113",2023122404,3536,76.4424522899867,235.319346666342,190.98591586691,40,53518,"Nico Collins"
"5114",2023122404,3702,5.15749359884711,19.0157082974824,19.0157082974824,25,53518,"Nico Collins"
"5115",2023122404,3732,11.6604819618282,19.1693255670739,19.1693255670739,18,53518,"Nico Collins"
"5116",2023122404,3755,20.5689550443019,49.6254422792025,49.6254422792025,29,53518,"Nico Collins"
"5117",2023122404,3911,12.444272223888,15.7743991759231,14.6411307783535,19,53518,"Nico Collins"
"5118",2023122404,3934,12.6663894239812,23.9064428390123,23.9064428390123,18,53518,"Nico Collins"
"5119",2023123104,209,13.4912599302201,20.5858510697822,16.0230605889026,23,53518,"Nico Collins"
"5120",2023123104,281,4.85128407275542,13.9346443583855,13.7564632911092,18,53518,"Nico Collins"
"5121",2023123104,428,16.3485519042583,32.04989852766,32.04989852766,26,53518,"Nico Collins"
"5122",2023123104,755,12.4821339964836,23.1797350532054,10.5001234591133,25,53518,"Nico Collins"
"5123",2023123104,780,10.2765607877043,24.202562121534,24.202562121534,24,53518,"Nico Collins"
"5124",2023123104,862,7.67199466779016,14.0399668314353,10.6946436347466,22,53518,"Nico Collins"
"5125",2023123104,907,42.6957847364529,140.172015823132,140.172015823132,32,53518,"Nico Collins"
"5126",2023123104,1048,14.9860210590616,26.3742813042939,25.6105639395513,28,53518,"Nico Collins"
"5127",2023123104,1341,29.2581755297089,98.6156564843512,89.4633314651478,33,53518,"Nico Collins"
"5128",2023123104,1404,15.2493438946302,25.91838122915,25.91838122915,18,53518,"Nico Collins"
"5129",2023123104,1682,17.9044760098541,22.2205059461733,22.2205059461733,22,53518,"Nico Collins"
"5130",2023123104,1964,62.8438162939228,167.349048880467,165.275685775515,43,53518,"Nico Collins"
"5131",2023123104,2036,9.35120562554838,15.5857531630812,15.5857531630812,30,53518,"Nico Collins"
"5132",2023123104,2083,32.7855728055157,89.671539641868,76.6812955685375,30,53518,"Nico Collins"
"5133",2023123104,2834,15.2797908566878,29.1099642882754,28.1325442340612,22,53518,"Nico Collins"
"5134",2023123104,2968,30.1938811190667,38.183809020479,24.1188191875561,26,53518,"Nico Collins"
"5135",2024010601,403,90.0554359649196,262.51662168766,262.51662168766,41,53518,"Nico Collins"
"5136",2024010601,641,3.79259584418584,12.9243579253223,12.9243579253223,21,53518,"Nico Collins"
"5137",2024010601,875,12.3249708524336,41.772589262668,41.772589262668,33,53518,"Nico Collins"
"5138",2024010601,898,14.741985795393,23.9639543316422,20.3593498888956,19,53518,"Nico Collins"
"5139",2024010601,991,28.6232610520133,52.9455128639197,52.2692867775112,27,53518,"Nico Collins"
"5140",2024010601,1255,19.6657135652888,28.8991541828875,17.9394676705659,18,53518,"Nico Collins"
"5141",2024010601,1280,13.1884752076665,30.4097304789027,28.8300444404763,32,53518,"Nico Collins"
"5142",2024010601,1305,13.8491923148154,35.3611656786617,27.5404507760611,32,53518,"Nico Collins"
"5143",2024010601,1350,12.1018417530839,20.42330740896,20.42330740896,17,53518,"Nico Collins"
"5144",2024010601,1555,30.6579280175055,70.6780205068435,67.2177322661462,40,53518,"Nico Collins"
"5145",2024010601,1702,10.9418629092542,17.0297661962938,8.62565570448094,24,53518,"Nico Collins"
"5146",2024010601,2237,41.1234839960141,127.583717701307,122.524476336015,32,53518,"Nico Collins"
"5147",2024010601,2566,14.9961918667953,37.0587911204137,37.0587911204137,26,53518,"Nico Collins"
"5148",2024010601,2866,36.2292123454219,111.528641700417,90.030161856768,40,53518,"Nico Collins"
"5149",2024010601,3282,11.9817370658574,19.9826931045186,19.5010931607562,20,53518,"Nico Collins"
"5150",2024010601,3349,12.905894612143,19.838192655483,14.4977527060025,25,53518,"Nico Collins"
"5151",2024010601,3374,12.5329674835272,28.3765386608833,28.3765386608833,19,53518,"Nico Collins"
"5152",2024010601,3432,11.8843947555627,15.9660387346037,15.9660387346037,23,53518,"Nico Collins"
"5153",2024010601,3457,19.1310025665585,49.4055983373038,49.4055983373038,58,53518,"Nico Collins"
"5154",2024010601,3576,25.005340392359,91.4890988648613,75.1837448725122,29,53518,"Nico Collins"
"5155",2023091006,144,12.098231574479,27.2804482865969,27.1718314506648,22,52433,"Brandon Aiyuk"
"5156",2023091006,213,11.6689156185354,15.6292764847146,13.0433705073251,24,52433,"Brandon Aiyuk"
"5157",2023091006,282,28.5792057224286,48.3539895767796,40.9777578952111,33,52433,"Brandon Aiyuk"
"5158",2023091006,492,16.4783118466006,32.4471932217936,32.4471932217936,22,52433,"Brandon Aiyuk"
"5159",2023091006,575,13.771249508999,18.6842800537588,15.8754157261251,23,52433,"Brandon Aiyuk"
"5160",2023091006,598,41.5253393232446,85.5328177853599,65.4001023596629,40,52433,"Brandon Aiyuk"
"5161",2023091006,899,6.87170757607404,13.2475102676368,7.06587628097965,24,52433,"Brandon Aiyuk"
"5162",2023091006,960,6.94706592915385,16.995868994156,16.995868994156,23,52433,"Brandon Aiyuk"
"5163",2023091006,1027,12.5057245784435,16.6658959119407,16.6658959119407,21,52433,"Brandon Aiyuk"
"5164",2023091006,1143,13.1698392976092,21.8002680627943,21.8002680627943,24,52433,"Brandon Aiyuk"
"5165",2023091006,1421,17.5177688822086,45.1881761568911,44.6823772742158,29,52433,"Brandon Aiyuk"
"5166",2023091006,1446,16.8088029383539,45.5815550369254,45.5815550369254,41,52433,"Brandon Aiyuk"
"5167",2023091006,1828,12.298334553034,23.6439786024435,22.3136083150691,21,52433,"Brandon Aiyuk"
"5168",2023091006,1974,51.7278161890471,85.6797669035378,78.4105043306642,54,52433,"Brandon Aiyuk"
"5169",2023091006,1999,10.1965011752575,11.4283332130519,9.53873193573479,30,52433,"Brandon Aiyuk"
"5170",2023091006,2657,44.0306271648128,97.127511270288,85.8487715112887,36,52433,"Brandon Aiyuk"
"5171",2023091006,2861,14.1759549276842,65.197325478932,64.2133361383495,28,52433,"Brandon Aiyuk"
"5172",2023091006,2930,41.7549877049197,137.783834488461,126.329507196759,31,52433,"Brandon Aiyuk"
"5173",2023091006,3596,22.70608202955,111.280229862781,111.280229862781,25,52433,"Brandon Aiyuk"
"5174",2023091006,4079,18.5022588847616,22.1057247893475,22.1057247893475,20,52433,"Brandon Aiyuk"
"5175",2023091709,77,2.6725172344681,8.58644295355526,8.58644295355526,19,52433,"Brandon Aiyuk"
"5176",2023091709,102,44.6540715431886,99.2093167646206,46.3563941666514,49,52433,"Brandon Aiyuk"
"5177",2023091709,171,9.05613874655213,24.2146529918165,23.8989588060835,28,52433,"Brandon Aiyuk"
"5178",2023091709,243,7.50543777434954,12.5993138416979,9.31060968587968,36,52433,"Brandon Aiyuk"
"5179",2023091709,718,12.4698594273941,22.0348700878142,21.5471142849486,22,52433,"Brandon Aiyuk"
"5180",2023091709,841,10.5020362618343,15.2690654001961,14.6813466227572,24,52433,"Brandon Aiyuk"
"5181",2023091709,1302,17.6888895440696,94.9835295004339,94.9835295004339,33,52433,"Brandon Aiyuk"
"5182",2023091709,1808,13.7117047918267,24.8559034482655,19.6250630115498,18,52433,"Brandon Aiyuk"
"5183",2023091709,1860,19.9715972512571,27.5001826590718,24.7398767773719,25,52433,"Brandon Aiyuk"
"5184",2023091709,1885,17.0884269347768,35.2222931034376,35.2222931034376,19,52433,"Brandon Aiyuk"
"5185",2023091709,2391,7.63483404838203,11.8659909857148,11.586566213409,27,52433,"Brandon Aiyuk"
"5186",2023091709,2676,8.30002889732924,22.4614728599657,22.4614728599657,26,52433,"Brandon Aiyuk"
"5187",2023091709,2785,10.6947657896164,13.266494738551,10.5678094309852,31,52433,"Brandon Aiyuk"
"5188",2023091709,2993,22.655550379469,51.1507022631309,50.7919163467826,31,52433,"Brandon Aiyuk"
"5189",2023091709,3018,28.2432591252293,114.357709726467,114.357709726467,37,52433,"Brandon Aiyuk"
"5190",2023091709,3640,12.8101917451829,28.8983887339885,28.8983887339885,19,52433,"Brandon Aiyuk"
"5191",2023091709,3812,24.2470189097556,33.2163290977913,32.2829526685101,18,52433,"Brandon Aiyuk"
"5192",2023100112,307,7.78366164186511,12.6641463702322,9.7849910168044,23,52433,"Brandon Aiyuk"
"5193",2023100112,357,10.1879600137549,24.2159202217896,23.8935872260218,26,52433,"Brandon Aiyuk"
"5194",2023100112,804,7.37700046832881,13.1384616766321,9.43308363329834,25,52433,"Brandon Aiyuk"
"5195",2023100112,895,10.2189880649496,17.3467980654327,16.6251168052909,18,52433,"Brandon Aiyuk"
"5196",2023100112,1498,6.73261521859227,14.5230423768992,7.22411818528972,20,52433,"Brandon Aiyuk"
"5197",2023100112,1523,26.8533165473364,69.7782964057437,69.7782964057437,32,52433,"Brandon Aiyuk"
"5198",2023100112,1548,21.1983417945215,70.6448315437199,70.6448315437199,35,52433,"Brandon Aiyuk"
"5199",2023100112,1595,13.8219478290825,23.0048983404184,18.8552391141039,35,52433,"Brandon Aiyuk"
"5200",2023100112,2207,21.6319103791369,58.3825969538432,58.3825969538432,36,52433,"Brandon Aiyuk"
"5201",2023100112,2237,7.87851641838927,10.7066425929842,8.65526094854452,29,52433,"Brandon Aiyuk"
"5202",2023100112,2304,31.0250895709729,99.3505540736468,99.3505540736468,30,52433,"Brandon Aiyuk"
"5203",2023100112,2709,32.474824726001,103.733797870793,103.733797870793,37,52433,"Brandon Aiyuk"
"5204",2023100112,2803,29.831576874124,82.2390234794493,36.5836029202108,28,52433,"Brandon Aiyuk"
"5205",2023100112,2828,8.45183190313963,20.5717247271696,20.5717247271696,18,52433,"Brandon Aiyuk"
"5206",2023100112,2878,17.317796414131,23.5112337151881,20.1282108481116,17,52433,"Brandon Aiyuk"
"5207",2023100112,3439,10.319631347211,23.4197017592131,23.4197017592131,21,52433,"Brandon Aiyuk"
"5208",2023100112,3522,16.1759213488281,20.5086690166449,18.9075718241061,27,52433,"Brandon Aiyuk"
"5209",2023100811,88,9.4277011900755,25.867337209523,25.867337209523,17,52433,"Brandon Aiyuk"
"5210",2023100811,135,11.0760841140532,23.179627310253,22.3575192774717,22,52433,"Brandon Aiyuk"
"5211",2023100811,211,2.85111641687082,14.7681630531608,14.4778483032395,18,52433,"Brandon Aiyuk"
"5212",2023100811,263,17.2541523353257,59.3269125261664,28.2038587525591,41,52433,"Brandon Aiyuk"
"5213",2023100811,839,15.5654542033927,25.6800953984308,21.3672696249984,24,52433,"Brandon Aiyuk"
"5214",2023100811,898,28.6532673857275,114.635820583751,113.559914191022,25,52433,"Brandon Aiyuk"
"5215",2023100811,1267,34.0132479864084,73.9729407360583,60.1864487372392,44,52433,"Brandon Aiyuk"
"5216",2023100811,1685,7.00563096985181,15.7200202104213,15.1955219137594,25,52433,"Brandon Aiyuk"
"5217",2023100811,1880,11.4258609386006,14.4189926133292,14.4189926133292,21,52433,"Brandon Aiyuk"
"5218",2023100811,2155,16.2392686848726,23.3721355714558,13.8808953979351,22,52433,"Brandon Aiyuk"
"5219",2023100811,2513,23.8763728208789,94.7053648158063,90.7211778087493,26,52433,"Brandon Aiyuk"
"5220",2023100811,2626,29.5510646817888,62.0967607500745,62.0967607500745,31,52433,"Brandon Aiyuk"
"5221",2023100811,2651,2.36436998410852,9.56776592406613,9.56776592406613,18,52433,"Brandon Aiyuk"
"5222",2023100811,2698,10.6920006086077,15.8937282298723,8.35028424083244,27,52433,"Brandon Aiyuk"
"5223",2023100811,2894,23.7232643602995,68.8528342932014,54.0807471136183,31,52433,"Brandon Aiyuk"
"5224",2023100811,2917,14.4274915583889,23.8714571299301,21.9177547384326,26,52433,"Brandon Aiyuk"
"5225",2023100811,2942,11.367011035937,19.9521718307534,17.4352108196575,27,52433,"Brandon Aiyuk"
"5226",2023101504,472,8.55362603622964,20.0152761118388,20.0152761118388,18,52433,"Brandon Aiyuk"
"5227",2023101504,917,40.8926638650557,139.200562677056,139.200562677056,28,52433,"Brandon Aiyuk"
"5228",2023101504,1256,16.7098085823311,46.0646245127055,46.0646245127055,39,52433,"Brandon Aiyuk"
"5229",2023101504,1391,7.22695568931969,18.8255681234887,18.8255681234887,28,52433,"Brandon Aiyuk"
"5230",2023101504,1482,14.849420365387,19.8456170622463,19.8456170622463,25,52433,"Brandon Aiyuk"
"5231",2023101504,1789,33.3482262699204,103.021008823269,101.824951035794,32,52433,"Brandon Aiyuk"
"5232",2023101504,1919,13.367628605952,23.66404139555,23.66404139555,25,52433,"Brandon Aiyuk"
"5233",2023101504,1998,23.6090963892541,97.1087819546105,97.1087819546105,29,52433,"Brandon Aiyuk"
"5234",2023101504,2658,18.2647318502408,44.2661065806997,30.8351359838331,31,52433,"Brandon Aiyuk"
"5235",2023101504,2703,13.2306021486224,43.363220726369,43.363220726369,27,52433,"Brandon Aiyuk"
"5236",2023101504,2895,26.2971078633505,73.1051236358906,20.0036678278556,42,52433,"Brandon Aiyuk"
"5237",2023101504,3454,11.1959941955649,56.7971225552632,50.5929941533292,39,52433,"Brandon Aiyuk"
"5238",2023101504,3506,8.80496184635285,20.1529199970566,20.1529199970566,28,52433,"Brandon Aiyuk"
"5239",2023101504,4129,14.5120439558069,22.8421923148915,20.5368870420088,21,52433,"Brandon Aiyuk"
"5240",2023101504,4522,6.27353358788782,11.3646405093092,11.3646405093092,27,52433,"Brandon Aiyuk"
"5241",2023101504,4545,7.91956834607884,23.1639098519337,22.8490483445244,25,52433,"Brandon Aiyuk"
"5242",2023101504,4602,6.52230345916073,14.4325270116882,14.4325270116882,30,52433,"Brandon Aiyuk"
"5243",2023101504,4627,8.78527817323197,17.2686522075437,17.2686522075437,21,52433,"Brandon Aiyuk"
"5244",2023101504,4650,7.12509362471565,19.0154427794796,17.7573772434684,20,52433,"Brandon Aiyuk"
"5245",2023101504,4675,26.5715043767866,41.715110177249,36.3598045580733,21,52433,"Brandon Aiyuk"
"5246",2023102300,131,0.768126533683036,17.4279957583485,17.4279957583485,22,52433,"Brandon Aiyuk"
"5247",2023102300,161,9.49414898566642,25.5976433809154,25.0019963117036,21,52433,"Brandon Aiyuk"
"5248",2023102300,191,11.8105128662244,28.3793888193657,26.5506825563479,19,52433,"Brandon Aiyuk"
"5249",2023102300,628,15.6728652185132,22.4043200736743,17.9641732642347,14,52433,"Brandon Aiyuk"
"5250",2023102300,699,15.8135457977985,31.0332510198089,31.0332510198089,28,52433,"Brandon Aiyuk"
"5251",2023102300,724,16.1490716813155,36.4374528084702,34.5981700399557,27,52433,"Brandon Aiyuk"
"5252",2023102300,774,-5.21264260226264,-1.81766985698075,-10.7245007852365,19,52433,"Brandon Aiyuk"
"5253",2023102300,846,13.843444696503,28.1240230585133,28.1240230585133,19,52433,"Brandon Aiyuk"
"5254",2023102300,1376,12.123767330133,29.2889888062588,29.2889888062588,25,52433,"Brandon Aiyuk"
"5255",2023102300,1428,17.3422834792142,31.2209803291194,28.8463155803001,18,52433,"Brandon Aiyuk"
"5256",2023102300,1497,19.2702771731478,35.3052787309099,35.034731291789,49,52433,"Brandon Aiyuk"
"5257",2023102300,1937,14.3346747015869,37.3292965562055,37.3292965562055,29,52433,"Brandon Aiyuk"
"5258",2023102300,2536,14.2063396957109,62.3865877572769,62.3865877572769,29,52433,"Brandon Aiyuk"
"5259",2023102300,2561,6.67976579881015,10.2400850905843,10.2400850905843,30,52433,"Brandon Aiyuk"
"5260",2023102300,2995,8.16268241580025,12.5643939474876,12.5643939474876,28,52433,"Brandon Aiyuk"
"5261",2023102300,3045,10.2927447659515,41.8241024606062,32.1309809483006,36,52433,"Brandon Aiyuk"
"5262",2023102300,3115,40.62601295323,130.562826342664,84.0109003550074,54,52433,"Brandon Aiyuk"
"5263",2023102300,3391,8.11814789256784,26.1274369450584,26.1274369450584,22,52433,"Brandon Aiyuk"
"5264",2023102300,3421,13.6742977826803,18.9284051018152,14.5353641782547,27,52433,"Brandon Aiyuk"
"5265",2023102300,3539,9.78266458970144,16.0612839366234,16.0612839366234,29,52433,"Brandon Aiyuk"
"5266",2023102300,3873,10.1763382292672,15.2113703445135,15.2113703445135,25,52433,"Brandon Aiyuk"
"5267",2023102300,3896,20.8898022226484,26.4149994248639,26.4149994248639,27,52433,"Brandon Aiyuk"
"5268",2023102300,3921,25.6100338470292,47.439154796855,47.439154796855,21,52433,"Brandon Aiyuk"
"5269",2023102300,3969,27.4987980045206,67.7016059421171,67.7016059421171,36,52433,"Brandon Aiyuk"
"5270",2023102912,501,5.08622037761146,12.5538377826996,12.5538377826996,30,52433,"Brandon Aiyuk"
"5271",2023102912,609,30.5670438812361,175.337429811629,175.337429811629,44,52433,"Brandon Aiyuk"
"5272",2023102912,639,5.73147472701967,14.0365114319597,14.0365114319597,21,52433,"Brandon Aiyuk"
"5273",2023102912,1022,11.2158766589073,18.6754103929941,18.5910421076298,24,52433,"Brandon Aiyuk"
"5274",2023102912,1355,24.733605531579,79.2602254332867,66.9573824358924,34,52433,"Brandon Aiyuk"
"5275",2023102912,1501,27.6422793930165,78.759541154915,69.9747293169345,30,52433,"Brandon Aiyuk"
"5276",2023102912,1869,12.7459485613279,35.1261226468838,35.1261226468838,26,52433,"Brandon Aiyuk"
"5277",2023102912,1894,24.0323562702588,42.505522248263,42.505522248263,35,52433,"Brandon Aiyuk"
"5278",2023102912,2271,9.14360000762721,23.8625156687231,23.8625156687231,27,52433,"Brandon Aiyuk"
"5279",2023102912,2296,6.96913691760397,21.8577206886098,21.8577206886098,31,52433,"Brandon Aiyuk"
"5280",2023102912,2341,7.64677452913784,19.3527813678769,19.3527813678769,21,52433,"Brandon Aiyuk"
"5281",2023102912,2480,18.7749760768807,57.6482615478061,57.6482615478061,35,52433,"Brandon Aiyuk"
"5282",2023102912,2517,6.65406528257907,17.3191133542655,16.9206235274735,29,52433,"Brandon Aiyuk"
"5283",2023102912,2542,11.2936373490413,52.9573260092185,51.188683314612,29,52433,"Brandon Aiyuk"
"5284",2023102912,2954,7.60074141204445,25.6789174325977,25.004547934773,26,52433,"Brandon Aiyuk"
"5285",2023102912,3052,2.71431927754415,9.3160304271174,9.3160304271174,26,52433,"Brandon Aiyuk"
"5286",2023102912,3099,27.9729649131778,82.8139011047075,80.1177921903605,34,52433,"Brandon Aiyuk"
"5287",2023102912,3172,10.0543574037007,25.2875766115853,25.2875766115853,24,52433,"Brandon Aiyuk"
"5288",2023102912,3219,15.8624317005769,23.2972510834799,16.5652767193647,27,52433,"Brandon Aiyuk"
"5289",2023102912,3267,11.7478898971197,15.6507473972215,10.6239225282526,39,52433,"Brandon Aiyuk"
"5290",2023102912,3625,3.87998021840742,11.2662396396644,10.9589445316398,21,52433,"Brandon Aiyuk"
"5291",2023102912,3650,17.1356766651363,24.9025358118438,17.991879240309,24,52433,"Brandon Aiyuk"
"5292",2023102912,3675,13.7656759386945,18.4707651508341,18.4707651508341,22,52433,"Brandon Aiyuk"
"5293",2023111203,171,5.6118458651652,15.1552202860937,15.1552202860937,29,52433,"Brandon Aiyuk"
"5294",2023111203,196,1.91864848762931,10.2320148916892,10.2320148916892,21,52433,"Brandon Aiyuk"
"5295",2023111203,221,17.8292937457641,35.204406308577,20.2561903241227,60,52433,"Brandon Aiyuk"
"5296",2023111203,412,28.1865892294502,90.7423576101368,47.9905533376749,36,52433,"Brandon Aiyuk"
"5297",2023111203,515,24.0067838136216,105.425031535626,105.425031535626,29,52433,"Brandon Aiyuk"
"5298",2023111203,538,19.3788016009153,24.67717217178,21.8858316363871,22,52433,"Brandon Aiyuk"
"5299",2023111203,1740,26.0150309340369,86.8895698844294,38.7657162909278,37,52433,"Brandon Aiyuk"
"5300",2023111203,1897,15.7161806035315,37.9514268883469,27.5035073935936,32,52433,"Brandon Aiyuk"
"5301",2023111203,2160,47.9415364115557,139.906358482337,106.209752870125,40,52433,"Brandon Aiyuk"
"5302",2023111203,2190,9.74642918733165,27.4279019870474,25.7187557803443,34,52433,"Brandon Aiyuk"
"5303",2023111203,2434,7.24707714716476,16.3234189401719,16.3234189401719,21,52433,"Brandon Aiyuk"
"5304",2023111203,2811,82.1210045876235,193.204814875008,58.3656663868389,63,52433,"Brandon Aiyuk"
"5305",2023111203,2836,7.91640437005347,13.9966825933897,13.6163974473993,26,52433,"Brandon Aiyuk"
"5306",2023111203,2859,29.1088882785388,74.4833458452578,34.454949536832,38,52433,"Brandon Aiyuk"
"5307",2023111203,2911,9.30282315084029,12.4844697291769,11.749404831418,28,52433,"Brandon Aiyuk"
"5308",2023111908,83,15.8667904223508,53.6352323315397,49.8833189929876,27,52433,"Brandon Aiyuk"
"5309",2023111908,108,12.6100662103521,19.53535056664,19.53535056664,24,52433,"Brandon Aiyuk"
"5310",2023111908,131,12.6022706181425,22.7157471194283,22.3755758801121,29,52433,"Brandon Aiyuk"
"5311",2023111908,308,7.71996466727636,16.9718891471331,16.9718891471331,24,52433,"Brandon Aiyuk"
"5312",2023111908,364,2.47000783196436,9.95447819673991,9.95447819673991,28,52433,"Brandon Aiyuk"
"5313",2023111908,438,25.0519026365161,55.8361358297892,37.5605653767433,37,52433,"Brandon Aiyuk"
"5314",2023111908,463,12.0791976152056,19.1424094558073,18.5288350510439,25,52433,"Brandon Aiyuk"
"5315",2023111908,563,9.48157098904416,15.265492878553,12.3714486687532,24,52433,"Brandon Aiyuk"
"5316",2023111908,666,14.7289324939251,21.6749886673049,10.2434881164421,25,52433,"Brandon Aiyuk"
"5317",2023111908,1187,18.6747814954875,51.7212520544007,24.2036498597132,34,52433,"Brandon Aiyuk"
"5318",2023111908,1254,15.5737681162925,26.022351868097,17.037761314539,27,52433,"Brandon Aiyuk"
"5319",2023111908,1649,10.2537387538789,18.2465391147722,14.1000594438568,30,52433,"Brandon Aiyuk"
"5320",2023111908,1726,14.7710644211725,31.8558088906568,31.4035080401364,29,52433,"Brandon Aiyuk"
"5321",2023111908,1758,4.77489875745217,9.33800831155205,9.33800831155205,17,52433,"Brandon Aiyuk"
"5322",2023111908,1795,7.72815258160727,19.7861770388471,19.7861770388471,86,52433,"Brandon Aiyuk"
"5323",2023111908,1825,21.0949840743633,28.2373373866238,28.2373373866238,26,52433,"Brandon Aiyuk"
"5324",2023111908,2112,7.12375350946346,12.7888735943023,12.2769654016824,29,52433,"Brandon Aiyuk"
"5325",2023111908,2142,7.46294361872861,25.1227743605647,25.1227743605647,25,52433,"Brandon Aiyuk"
"5326",2023111908,2478,14.5313693168102,26.9136887772617,23.4755605904359,26,52433,"Brandon Aiyuk"
"5327",2023111908,2663,10.0342192477251,18.1268199378931,17.583438957544,24,52433,"Brandon Aiyuk"
"5328",2023111908,2992,29.2720762261745,69.5622472875087,51.8746369919225,38,52433,"Brandon Aiyuk"
"5329",2023111908,3024,20.7395628419379,31.3086022816876,31.2004166733171,38,52433,"Brandon Aiyuk"
"5330",2023112302,64,17.151121122282,52.8418283787333,34.839652046159,30,52433,"Brandon Aiyuk"
"5331",2023112302,89,17.5162182503316,43.9773412313679,34.4459913649676,47,52433,"Brandon Aiyuk"
"5332",2023112302,112,12.6926328912332,52.1808888718951,52.1808888718951,31,52433,"Brandon Aiyuk"
"5333",2023112302,208,20.1117241517028,29.1697745212553,18.6786575590287,27,52433,"Brandon Aiyuk"
"5334",2023112302,463,9.85479893608255,21.3372182201312,21.3372182201312,30,52433,"Brandon Aiyuk"
"5335",2023112302,488,58.8151956668664,168.026826956142,139.975757363586,41,52433,"Brandon Aiyuk"
"5336",2023112302,535,14.6756596195305,36.8722940192486,36.8722940192486,33,52433,"Brandon Aiyuk"
"5337",2023112302,815,10.2990356359172,17.291059487344,17.291059487344,23,52433,"Brandon Aiyuk"
"5338",2023112302,862,25.2955784315166,50.8017497850651,38.3307835550129,50,52433,"Brandon Aiyuk"
"5339",2023112302,947,9.42423407540894,21.0633518939734,21.0633518939734,29,52433,"Brandon Aiyuk"
"5340",2023112302,1333,18.10714156671,36.2891816794505,36.1261599366359,24,52433,"Brandon Aiyuk"
"5341",2023112302,1403,15.0217604652463,31.065350900041,30.3924735856593,27,52433,"Brandon Aiyuk"
"5342",2023112302,1428,19.3243273213971,97.7848173425817,95.321202162051,29,52433,"Brandon Aiyuk"
"5343",2023112302,1473,26.4172514441332,74.7594767729786,74.7594767729786,30,52433,"Brandon Aiyuk"
"5344",2023112302,1853,13.3600458891207,19.2612957819557,14.4363799700785,26,52433,"Brandon Aiyuk"
"5345",2023112302,2375,10.3557933539433,21.8390540391978,17.567877146212,26,52433,"Brandon Aiyuk"
"5346",2023112302,2398,12.8351977070986,46.2135896211911,46.2135896211911,30,52433,"Brandon Aiyuk"
"5347",2023112302,2488,37.7099758037576,108.616854601204,86.156153442984,37,52433,"Brandon Aiyuk"
"5348",2023112302,2513,22.1804706377193,50.1122127350821,38.2801517080542,34,52433,"Brandon Aiyuk"
"5349",2023112302,2538,16.159570601183,28.4704950652638,22.0828852517436,41,52433,"Brandon Aiyuk"
"5350",2023112302,3105,25.164984814626,58.015739645325,58.015739645325,27,52433,"Brandon Aiyuk"
"5351",2023112302,3396,23.717425004799,81.432930927115,79.852183199548,34,52433,"Brandon Aiyuk"
"5352",2023112302,3514,16.4023797297906,65.6374073015198,50.7816281428295,34,52433,"Brandon Aiyuk"
"5353",2023120309,853,33.8503019622464,78.4462377297195,44.8612552904552,35,52433,"Brandon Aiyuk"
"5354",2023120309,1122,13.0758053423121,23.8070166999171,23.267474582243,20,52433,"Brandon Aiyuk"
"5355",2023120309,1147,34.8052446717078,120.549867093728,45.7404722688121,39,52433,"Brandon Aiyuk"
"5356",2023120309,1172,4.95852923560515,24.8885676667312,23.0080951403729,21,52433,"Brandon Aiyuk"
"5357",2023120309,1224,8.05265050819187,17.2035132027714,17.2035132027714,28,52433,"Brandon Aiyuk"
"5358",2023120309,1271,27.8393784093961,65.2209220138555,50.6692935430716,33,52433,"Brandon Aiyuk"
"5359",2023120309,1330,14.9253582042672,17.8087058620506,15.3290587828186,22,52433,"Brandon Aiyuk"
"5360",2023120309,1387,14.7300101726521,30.3951370639504,22.605545102475,34,52433,"Brandon Aiyuk"
"5361",2023120309,1678,28.3485389031397,46.8003904655614,42.1311479008904,27,52433,"Brandon Aiyuk"
"5362",2023120309,1759,26.1596820428301,57.7891835422728,57.7891835422728,33,52433,"Brandon Aiyuk"
"5363",2023120309,1784,11.7995617368865,18.4418432660586,18.0354994383117,27,52433,"Brandon Aiyuk"
"5364",2023120309,2068,10.0019267770305,15.886105803939,11.4699923998515,21,52433,"Brandon Aiyuk"
"5365",2023120309,2091,10.2115242872549,21.6563440533844,21.6563440533844,26,52433,"Brandon Aiyuk"
"5366",2023120309,2116,16.0598089785951,27.2558379683856,25.3003593162308,27,52433,"Brandon Aiyuk"
"5367",2023120309,2163,7.30207589427723,13.2552045604982,13.2552045604982,29,52433,"Brandon Aiyuk"
"5368",2023120309,2684,20.520019675338,102.923755572008,86.8515883400078,32,52433,"Brandon Aiyuk"
"5369",2023120309,2965,29.1662729869713,117.245823120772,117.245823120772,30,52433,"Brandon Aiyuk"
"5370",2023120309,3077,29.058605068312,38.3508633468394,38.3508633468394,26,52433,"Brandon Aiyuk"
"5371",2023120309,3168,32.886693682255,78.9297354841295,74.9019171889215,38,52433,"Brandon Aiyuk"
"5372",2023120309,3198,24.1524165965365,33.4439009669257,32.2802905675053,20,52433,"Brandon Aiyuk"
"5373",2023121008,459,19.5883079961835,48.6180041676238,39.7281848639952,30,52433,"Brandon Aiyuk"
"5374",2023121008,652,12.8228872806495,31.433818134965,31.433818134965,22,52433,"Brandon Aiyuk"
"5375",2023121008,675,8.80667410463468,22.7723858357709,22.7208718715315,30,52433,"Brandon Aiyuk"
"5376",2023121008,978,25.178076389787,109.022625827467,102.867194781863,26,52433,"Brandon Aiyuk"
"5377",2023121008,1046,13.0668137711408,28.487922912432,28.487922912432,18,52433,"Brandon Aiyuk"
"5378",2023121008,1071,24.0145920025288,71.2382706296718,47.1923576206536,29,52433,"Brandon Aiyuk"
"5379",2023121008,1279,1.86285892520604,10.0997144566625,9.97719424497208,22,52433,"Brandon Aiyuk"
"5380",2023121008,1358,22.24084404468,69.5955329314842,69.5955329314842,27,52433,"Brandon Aiyuk"
"5381",2023121008,1383,47.5527939339878,125.402122752463,125.402122752463,36,52433,"Brandon Aiyuk"
"5382",2023121008,1642,14.1480100151373,22.0986598039306,12.6025133286013,19,52433,"Brandon Aiyuk"
"5383",2023121008,1738,11.2155677069339,18.4192363443902,18.4192363443902,19,52433,"Brandon Aiyuk"
"5384",2023121008,1770,19.2621855183213,25.5944713051563,18.0730424257802,21,52433,"Brandon Aiyuk"
"5385",2023121008,2082,12.4712828187019,19.1465204961839,16.1773432294683,19,52433,"Brandon Aiyuk"
"5386",2023121008,2107,1.21798679302792,5.12670947324357,0.820844739791817,30,52433,"Brandon Aiyuk"
"5387",2023121008,2404,40.1341321107046,98.5141697250745,98.5141697250745,60,52433,"Brandon Aiyuk"
"5388",2023121008,2436,8.96653193338455,13.7353042484404,13.4955663774192,25,52433,"Brandon Aiyuk"
"5389",2023121008,2528,29.3791684679288,60.0744904686355,59.2814274945264,38,52433,"Brandon Aiyuk"
"5390",2023121008,2762,15.8529283780176,49.7302203871526,27.0672343605957,33,52433,"Brandon Aiyuk"
"5391",2023121008,2829,16.0388399589815,53.2751807457254,50.292006328882,29,52433,"Brandon Aiyuk"
"5392",2023121008,2953,21.5043892188861,46.848734149252,42.0077148501978,40,52433,"Brandon Aiyuk"
"5393",2023121008,3206,17.290849880806,21.812803928053,20.1153654576979,19,52433,"Brandon Aiyuk"
"5394",2023121008,3286,17.6271615376552,28.2686518667923,28.2686518667923,25,52433,"Brandon Aiyuk"
"5395",2023121008,3659,44.1355778842192,121.385108114355,87.0957337650211,33,52433,"Brandon Aiyuk"
"5396",2023121704,317,2.54457501665729,11.177753169459,11.177753169459,22,52433,"Brandon Aiyuk"
"5397",2023121704,386,8.54490642629443,79.2441153662689,79.2441153662689,33,52433,"Brandon Aiyuk"
"5398",2023121704,488,3.9369307269543,8.7897408771867,8.7897408771867,27,52433,"Brandon Aiyuk"
"5399",2023121704,1010,23.7655174284744,73.0825241841293,73.0825241841293,32,52433,"Brandon Aiyuk"
"5400",2023121704,1055,16.5798910805133,37.1235684018504,36.1784050577415,39,52433,"Brandon Aiyuk"
"5401",2023121704,1508,24.6675918493357,46.352011565147,38.0279570706742,41,52433,"Brandon Aiyuk"
"5402",2023121704,1547,44.4926220028847,119.991355488399,119.268704690638,53,52433,"Brandon Aiyuk"
"5403",2023121704,1666,7.89304191900449,14.437000116472,13.5087998482927,41,52433,"Brandon Aiyuk"
"5404",2023121704,1720,14.4597159680404,21.0748897051518,10.407837366396,29,52433,"Brandon Aiyuk"
"5405",2023121704,1944,13.4954393225972,47.3142360172144,45.3040292319584,27,52433,"Brandon Aiyuk"
"5406",2023121704,1969,24.8260276770227,80.2852581977896,80.2852581977896,27,52433,"Brandon Aiyuk"
"5407",2023121704,1994,28.757092624615,67.0466457695972,53.200342405976,34,52433,"Brandon Aiyuk"
"5408",2023121704,2024,9.29506731518636,20.1635243127715,20.1635243127715,21,52433,"Brandon Aiyuk"
"5409",2023121704,2170,16.1337067182584,35.1002677888866,16.8308559390093,41,52433,"Brandon Aiyuk"
"5410",2023121704,2193,10.643962578303,20.8380166839312,20.8380166839312,19,52433,"Brandon Aiyuk"
"5411",2023121704,2218,18.6501982049918,41.5368098587017,33.2041819187103,48,52433,"Brandon Aiyuk"
"5412",2023121704,2835,29.1729355112229,72.5522021169606,71.5184332900601,33,52433,"Brandon Aiyuk"
"5413",2023121704,2858,15.4729337199845,29.7633144926531,28.4183771848432,26,52433,"Brandon Aiyuk"
"5414",2023121704,3429,16.0271869726213,28.9305574878585,25.9483532101173,23,52433,"Brandon Aiyuk"
"5415",2023122502,157,5.35280961661724,19.0239441216591,19.0239441216591,17,52433,"Brandon Aiyuk"
"5416",2023122502,186,13.8397282564722,23.3398095155796,23.3398095155796,25,52433,"Brandon Aiyuk"
"5417",2023122502,209,2.87910880505984,12.8401027299373,12.8401027299373,22,52433,"Brandon Aiyuk"
"5418",2023122502,241,20.7598187402822,65.1770467279746,59.7093977483169,28,52433,"Brandon Aiyuk"
"5419",2023122502,274,13.2559441024363,55.9682725842501,54.7940384075853,27,52433,"Brandon Aiyuk"
"5420",2023122502,485,32.4464082549233,80.0657207620777,72.652813471983,33,52433,"Brandon Aiyuk"
"5421",2023122502,515,22.6144500525318,65.4655603946138,65.4655603946138,33,52433,"Brandon Aiyuk"
"5422",2023122502,685,14.6846244489908,19.9426833487077,18.4365135460304,23,52433,"Brandon Aiyuk"
"5423",2023122502,1040,10.8373493992317,29.3000270914655,29.3000270914655,23,52433,"Brandon Aiyuk"
"5424",2023122502,1113,21.7579543605662,64.6421095062486,64.6421095062486,34,52433,"Brandon Aiyuk"
"5425",2023122502,1506,9.34955329116604,29.0814088453382,25.0401125534974,30,52433,"Brandon Aiyuk"
"5426",2023122502,1531,23.0570192219712,67.3777151236849,39.3816355938163,93,52433,"Brandon Aiyuk"
"5427",2023122502,1779,19.757830699072,55.090977879064,54.7564832461136,26,52433,"Brandon Aiyuk"
"5428",2023122502,2366,12.7803924584795,21.5163605140784,17.9000081249962,37,52433,"Brandon Aiyuk"
"5429",2023122502,2391,10.8482391038186,19.199046983195,18.5299162141248,22,52433,"Brandon Aiyuk"
"5430",2023122502,2718,2.03047942263575,7.96006024320623,7.63382876991682,20,52433,"Brandon Aiyuk"
"5431",2023122502,2741,56.7737970690196,129.554560008024,127.435794746589,35,52433,"Brandon Aiyuk"
"5432",2023122502,2818,15.0622247892053,20.8050995852417,20.099564007296,23,52433,"Brandon Aiyuk"
"5433",2023122502,3188,23.7396784388527,71.5413854110809,48.3262619436554,37,52433,"Brandon Aiyuk"
"5434",2023122502,3340,18.286597673966,26.3584954146491,26.0006867432598,21,52433,"Brandon Aiyuk"
"5435",2023122502,3363,45.2467729567624,102.710332674676,46.4598084942783,67,52433,"Brandon Aiyuk"
"5436",2023122502,3574,3.30366766668454,9.16678506032319,5.94384491798673,28,52433,"Brandon Aiyuk"
"5437",2023122502,3610,6.64614169626524,20.6485804854607,20.3131128070586,20,52433,"Brandon Aiyuk"
"5438",2023122502,3656,25.6538201337782,58.0541312935102,58.0541312935102,45,52433,"Brandon Aiyuk"
"5439",2023122502,3711,15.2336600414135,21.009299824709,18.3069072502754,32,52433,"Brandon Aiyuk"
"5440",2023122502,3764,12.1499891200455,21.763847229333,20.4854212281577,19,52433,"Brandon Aiyuk"
"5441",2023122502,3793,3.50442377760173,5.5275190417808,5.5275190417808,20,52433,"Brandon Aiyuk"
"5442",2023122502,3823,4.63056312041854,12.9743572895066,12.9743572895066,23,52433,"Brandon Aiyuk"
"5443",2023122502,3848,14.3274138878076,36.8086900724199,36.8086900724199,29,52433,"Brandon Aiyuk"
"5444",2023122502,4055,19.5557339108867,77.0125721962967,77.0125721962967,28,52433,"Brandon Aiyuk"
"5445",2023122502,4085,19.6901794235361,29.4277947694004,23.202358691069,23,52433,"Brandon Aiyuk"
"5446",2023122502,4108,12.5694589905509,17.3916377265939,17.3916377265939,17,52433,"Brandon Aiyuk"
"5447",2023122502,4190,14.1451731478396,50.7299686246199,46.8812617285651,30,52433,"Brandon Aiyuk"
"5448",2023122502,4213,8.56424643424078,14.5834961971044,14.5834961971044,19,52433,"Brandon Aiyuk"
"5449",2023122502,4238,9.8350099705114,18.6571444278961,18.3466256726299,24,52433,"Brandon Aiyuk"
"5450",2023122502,4263,6.7968635135155,16.41487089154,16.41487089154,25,52433,"Brandon Aiyuk"
"5451",2023122502,4419,28.247729138433,48.4030292059664,48.4030292059664,26,52433,"Brandon Aiyuk"
"5452",2023123110,121,11.530960437466,19.8989687983288,15.4970164160107,19,52433,"Brandon Aiyuk"
"5453",2023123110,168,2.09186648510235,5.87517484502908,5.87517484502908,19,52433,"Brandon Aiyuk"
"5454",2023123110,249,5.23349308433413,11.4949833720747,11.4949833720747,27,52433,"Brandon Aiyuk"
"5455",2023123110,559,6.81001414819417,14.3278016288772,14.3278016288772,23,52433,"Brandon Aiyuk"
"5456",2023123110,606,24.4709641150616,48.530223945942,47.7868264245415,31,52433,"Brandon Aiyuk"
"5457",2023123110,1108,13.0386208195018,19.1019191722923,17.9274509966119,25,52433,"Brandon Aiyuk"
"5458",2023123110,1457,13.2601750723414,66.0763784793689,66.0763784793689,28,52433,"Brandon Aiyuk"
"5459",2023123110,1487,34.0948600718491,98.2440630711057,84.721621171717,30,52433,"Brandon Aiyuk"
"5460",2023123110,1662,13.5170003867719,18.4824225169808,13.2917806571653,29,52433,"Brandon Aiyuk"
"5461",2023123110,1877,7.53639970857992,20.7908483768876,20.7908483768876,22,52433,"Brandon Aiyuk"
"5462",2023123110,1928,18.3511200973289,61.4276069160394,58.2184393769751,28,52433,"Brandon Aiyuk"
"5463",2023123110,2019,9.094545226559,15.5330988922854,12.9279597633847,20,52433,"Brandon Aiyuk"
"5464",2023123110,2678,149.382534767349,369.67348998941,125.548684691899,66,52433,"Brandon Aiyuk"
"5465",2023123110,2740,42.0933703407856,103.595164788431,34.1549197921819,43,52433,"Brandon Aiyuk"
"5466",2023123110,2765,18.3634424634422,142.81277412914,142.81277412914,31,52433,"Brandon Aiyuk"
"5467",2023123110,2870,8.01561536911917,14.0908008301617,11.5669770834648,19,52433,"Brandon Aiyuk"
"5468",2023123110,2893,32.4600448664436,73.4651139634608,71.0309287236118,81,52433,"Brandon Aiyuk"
"5469",2023123110,3098,12.2226382642073,60.1638308862416,58.9576757957155,35,52433,"Brandon Aiyuk"
"5470",2023123110,3145,7.52531185401198,14.0828340968004,14.0828340968004,37,52433,"Brandon Aiyuk"
"5471",2024010710,55,1.543731851633,6.69421853718041,6.69421853718041,19,52433,"Brandon Aiyuk"
"5472",2024010710,85,11.0050388403283,15.2765621141745,8.93180118853228,63,52433,"Brandon Aiyuk"
"5473",2024010710,154,13.6880494534873,31.3474051780526,17.5203445140256,37,52433,"Brandon Aiyuk"
"5474",2024010710,201,23.3989322870539,71.8482112305589,66.070294697414,30,52433,"Brandon Aiyuk"
"5475",2024010710,248,-0.406984689557561,3.85363491729995,3.85363491729995,12,52433,"Brandon Aiyuk"
"5476",2024010710,725,8.93196840650983,15.8070201154884,15.7489252273587,24,52433,"Brandon Aiyuk"
"5477",2024010710,796,2.21922403977585,18.1178535061407,18.1178535061407,21,52433,"Brandon Aiyuk"
"5478",2024010710,908,15.6146899403225,25.3371976361566,17.1043867208005,23,52433,"Brandon Aiyuk"
"5479",2023091008,125,7.3674888878745,15.9530180962764,11.5578623971684,28,46093,"DJ Moore"
"5480",2023091008,572,7.61881179683486,16.7118766985063,6.47715283551077,41,46093,"DJ Moore"
"5481",2023091008,619,26.0321788345425,49.5197832049574,49.1860983140074,39,46093,"DJ Moore"
"5482",2023091008,735,12.0106728032815,22.59692972254,4.91663769485162,43,46093,"DJ Moore"
"5483",2023091008,1105,3.73006425326224,18.5989155233685,18.4459784112642,22,46093,"DJ Moore"
"5484",2023091008,1130,5.67366523996407,16.6595044930622,15.1926359108042,20,46093,"DJ Moore"
"5485",2023091008,1200,17.6376900234414,22.7242084277464,22.7242084277464,30,46093,"DJ Moore"
"5486",2023091008,1473,29.5883085887485,88.6515770175356,86.0988753121358,34,46093,"DJ Moore"
"5487",2023091008,1818,12.5849852588536,32.1481212195638,25.9206365937541,34,46093,"DJ Moore"
"5488",2023091008,2390,34.0300020430232,102.861390085584,102.861390085584,37,46093,"DJ Moore"
"5489",2023091008,2865,15.6561796267082,34.8267472397047,34.8267472397047,32,46093,"DJ Moore"
"5490",2023091008,2921,10.7951528114096,20.5400296928853,20.5400296928853,23,46093,"DJ Moore"
"5491",2023091008,3010,24.0130609183647,78.6325720573497,73.8827342370436,27,46093,"DJ Moore"
"5492",2023091008,3354,27.4356570515751,69.1636009666949,69.1636009666949,33,46093,"DJ Moore"
"5493",2023091008,3377,43.7182360946734,97.3091320846144,49.6841471677504,37,46093,"DJ Moore"
"5494",2023091008,3495,18.4136029060983,54.9040610430688,38.6730621682833,31,46093,"DJ Moore"
"5495",2023091008,3826,6.41183006375532,18.313927045528,18.313927045528,21,46093,"DJ Moore"
"5496",2023091008,3851,5.41888530282749,10.2560291940073,6.38701927199237,27,46093,"DJ Moore"
"5497",2023091008,3923,40.8416012574056,97.2422618430562,69.0035174882671,35,46093,"DJ Moore"
"5498",2023091008,3975,14.0277878442006,24.7335528844299,24.7335528844299,21,46093,"DJ Moore"
"5499",2023091008,3998,19.6916891625291,24.801360486639,23.3516965445486,23,46093,"DJ Moore"
"5500",2023091008,4021,25.0724477837251,35.2366544163061,25.1597229221769,26,46093,"DJ Moore"
"5501",2023091008,4051,21.3385353990807,33.5264457147181,15.9691091478656,33,46093,"DJ Moore"
"5502",2023091008,4083,15.7144384073349,29.2213210846266,8.78552376007323,20,46093,"DJ Moore"
"5503",2023091008,4452,42.2252350964048,95.436767278296,38.1288223340611,34,46093,"DJ Moore"
"5504",2023091008,4491,45.5031166915941,111.710374010893,76.4866932156763,37,46093,"DJ Moore"
"5505",2023091008,4514,33.511785332722,65.5016382454413,65.5016382454413,32,46093,"DJ Moore"
"5506",2023091008,4539,35.1684206176398,47.2492637470453,41.7904912178392,30,46093,"DJ Moore"
"5507",2023091706,397,22.0571354024259,59.132548819158,47.6208924836545,33,46093,"DJ Moore"
"5508",2023091706,427,5.1766630372369,14.9086759760191,14.9086759760191,26,46093,"DJ Moore"
"5509",2023091706,472,13.1501153200236,27.3536306887581,27.3536306887581,24,46093,"DJ Moore"
"5510",2023091706,1173,29.3495687645647,104.154869273168,104.154869273168,35,46093,"DJ Moore"
"5511",2023091706,1433,8.28885713931674,14.8099482542043,14.6239288888011,20,46093,"DJ Moore"
"5512",2023091706,1514,4.3738889779606,11.6766708767042,11.6766708767042,44,46093,"DJ Moore"
"5513",2023091706,1537,11.5528473533104,14.9453034600907,14.3459158874485,21,46093,"DJ Moore"
"5514",2023091706,1562,65.0393500615322,139.685269709322,94.672424684985,45,46093,"DJ Moore"
"5515",2023091706,2669,15.3333356320666,26.5963115122074,21.6617549501337,21,46093,"DJ Moore"
"5516",2023091706,2719,8.21071704449549,16.7403959371297,16.7403959371297,30,46093,"DJ Moore"
"5517",2023091706,2893,29.4238199683759,40.0316275407937,29.5009501886908,25,46093,"DJ Moore"
"5518",2023091706,3129,19.1731462262899,30.1654789654307,23.9800498083937,29,46093,"DJ Moore"
"5519",2023091706,3311,15.9612975241543,68.1064116240357,68.1064116240357,30,46093,"DJ Moore"
"5520",2023091706,3422,19.2894848206051,24.1309840766901,21.5509572712702,20,46093,"DJ Moore"
"5521",2023091706,3447,73.3557555761422,146.378715838513,131.684136658949,35,46093,"DJ Moore"
"5522",2023091706,3475,13.0409462233539,21.5126444471752,17.8334045875227,36,46093,"DJ Moore"
"5523",2023091706,3929,42.8774699599828,124.434708202059,124.434708202059,48,46093,"DJ Moore"
"5524",2023091706,3981,25.2873097763664,67.8253665489109,67.8253665489109,29,46093,"DJ Moore"
"5525",2023092411,631,21.8655238612213,99.6635968632026,99.6635968632026,35,46093,"DJ Moore"
"5526",2023092411,1837,13.7327667608579,83.0699873328382,83.0699873328382,28,46093,"DJ Moore"
"5527",2023092411,1860,12.2339110930074,17.6251103267486,12.3055911502649,29,46093,"DJ Moore"
"5528",2023092411,2013,5.09717158502698,9.69946930649208,8.23767067979625,20,46093,"DJ Moore"
"5529",2023092411,2043,23.7665210026817,60.9101330831922,46.7228834128407,41,46093,"DJ Moore"
"5530",2023092411,2395,21.1091631428384,39.660022277541,39.660022277541,28,46093,"DJ Moore"
"5531",2023092411,2863,18.2383212427076,37.6777023760102,37.6777023760102,26,46093,"DJ Moore"
"5532",2023092411,2886,10.1654062951774,19.8077438892147,19.8077438892147,34,46093,"DJ Moore"
"5533",2023092411,3643,5.35564874275029,14.4458926602333,14.4458926602333,23,46093,"DJ Moore"
"5534",2023092411,3717,24.5564272578258,76.7823935454242,75.4286003697614,36,46093,"DJ Moore"
"5535",2023092411,3742,8.05672645873167,20.2635908033857,20.2635908033857,20,46093,"DJ Moore"
"5536",2023092411,3797,5.83550283474218,9.48103096313024,9.48103096313024,21,46093,"DJ Moore"
"5537",2023092411,3820,20.7155297992243,33.8011569792631,27.4091633448929,21,46093,"DJ Moore"
"5538",2023100103,56,4.10591133563151,12.1770970822485,11.9138231675556,24,46093,"DJ Moore"
"5539",2023100103,81,11.113637620973,22.9728487797569,9.36052972437761,24,46093,"DJ Moore"
"5540",2023100103,148,28.6867652741629,41.6413661073234,27.8314945015232,28,46093,"DJ Moore"
"5541",2023100103,540,26.6022407331234,78.3745525177046,65.5978606151901,34,46093,"DJ Moore"
"5542",2023100103,609,24.1585423565682,91.3072854272256,91.3072854272256,28,46093,"DJ Moore"
"5543",2023100103,685,13.4571158884159,38.6707600543032,38.6707600543032,33,46093,"DJ Moore"
"5544",2023100103,735,12.049769916856,38.7544584535034,38.47785821637,35,46093,"DJ Moore"
"5545",2023100103,1023,9.602454136358,17.6352959928699,17.6352959928699,34,46093,"DJ Moore"
"5546",2023100103,1075,17.2430368830631,29.7782667004425,29.7782667004425,25,46093,"DJ Moore"
"5547",2023100103,1330,28.5621803391279,93.3520997617849,89.7116494207768,40,46093,"DJ Moore"
"5548",2023100103,1404,37.6416558428463,96.3023028102189,96.3023028102189,39,46093,"DJ Moore"
"5549",2023100103,1751,19.3263771735801,53.1921367023134,52.6186530622799,26,46093,"DJ Moore"
"5550",2023100103,1810,20.9552174236602,48.8460765364644,48.8460765364644,36,46093,"DJ Moore"
"5551",2023100103,1885,41.826699742534,71.4429146507631,71.4429146507631,35,46093,"DJ Moore"
"5552",2023100103,2174,11.9363261925252,18.149937021517,11.9737970256251,28,46093,"DJ Moore"
"5553",2023100103,2244,19.5447928223268,23.7291745403459,22.327337781831,20,46093,"DJ Moore"
"5554",2023100103,2371,10.4626139427541,19.7640417062627,19.7640417062627,24,46093,"DJ Moore"
"5555",2023100103,2396,26.7801437961179,79.8745193550761,66.512376675174,36,46093,"DJ Moore"
"5556",2023100103,2465,10.4128867261294,17.7877334032412,16.0454769661936,51,46093,"DJ Moore"
"5557",2023100103,2871,16.2405818741107,19.5732370482017,18.5840249052352,25,46093,"DJ Moore"
"5558",2023100103,3244,16.3531485700743,73.0493576635452,61.3756347721205,39,46093,"DJ Moore"
"5559",2023100103,3409,1.9437955441139,10.4718292102009,10.4718292102009,30,46093,"DJ Moore"
"5560",2023100103,3467,20.9538897124435,54.3155884525952,54.3155884525952,30,46093,"DJ Moore"
"5561",2023100103,3875,24.3637436418895,46.5323000733699,31.3370165121776,40,46093,"DJ Moore"
"5562",2023100103,3923,24.6707628241154,43.8485155533291,20.0871914970923,32,46093,"DJ Moore"
"5563",2023100103,3958,29.7587659067285,35.389884188983,25.9714138812289,21,46093,"DJ Moore"
"5564",2023100103,4023,33.9139839054528,58.595352705844,41.1834271136474,30,46093,"DJ Moore"
"5565",2023100103,4056,61.3509552568055,140.5370938167,140.5370938167,25,46093,"DJ Moore"
"5566",2023100500,56,8.81312589878737,38.7625347293764,36.5906630555045,39,46093,"DJ Moore"
"5567",2023100500,101,36.4758526928759,173.317661487742,173.317661487742,36,46093,"DJ Moore"
"5568",2023100500,180,26.2781663687801,71.26877746455,58.0383852841748,32,46093,"DJ Moore"
"5569",2023100500,381,18.5789559779261,24.0563482174218,19.6402379010661,25,46093,"DJ Moore"
"5570",2023100500,406,48.4727813684137,113.965633174889,113.965633174889,41,46093,"DJ Moore"
"5571",2023100500,476,36.9007337677925,136.068670767905,136.068670767905,38,46093,"DJ Moore"
"5572",2023100500,592,19.4983310239351,30.6033002619194,30.0589784244038,20,46093,"DJ Moore"
"5573",2023100500,818,9.99044410846295,20.0945311028467,18.1385917790179,25,46093,"DJ Moore"
"5574",2023100500,964,17.632432113869,22.5436238279187,13.8286169688726,25,46093,"DJ Moore"
"5575",2023100500,1421,39.8445905360555,139.420978966529,139.420978966529,37,46093,"DJ Moore"
"5576",2023100500,1535,17.7979637909105,77.5512139665451,77.5512139665451,32,46093,"DJ Moore"
"5577",2023100500,1631,16.4436698192467,25.8585097842171,25.8585097842171,19,46093,"DJ Moore"
"5578",2023100500,1656,13.535032191692,21.7916283336582,8.65065989241095,30,46093,"DJ Moore"
"5579",2023100500,1872,11.7896967689376,16.1968046608311,9.82352499648095,25,46093,"DJ Moore"
"5580",2023100500,2400,9.71654184622483,14.9099696814754,11.6001700114777,21,46093,"DJ Moore"
"5581",2023100500,2425,12.074427469897,18.0987549603185,18.0987549603185,52,46093,"DJ Moore"
"5582",2023100500,2964,10.8104936931543,22.9003780975101,21.6870878773672,28,46093,"DJ Moore"
"5583",2023100500,3075,17.0483687522352,29.5235063920914,29.5235063920914,29,46093,"DJ Moore"
"5584",2023100500,3532,5.51046766115739,16.1928411297543,16.1928411297543,27,46093,"DJ Moore"
"5585",2023100500,3918,23.3342940673244,39.8559462923952,31.2523938302664,23,46093,"DJ Moore"
"5586",2023101502,548,5.85313188332112,13.5703651828889,13.5703651828889,17,46093,"DJ Moore"
"5587",2023101502,573,53.7997718967155,141.824567269593,139.055147872556,32,46093,"DJ Moore"
"5588",2023101502,670,11.6937248787613,17.5685466266302,17.0419261871659,22,46093,"DJ Moore"
"5589",2023101502,835,11.8839196424472,16.213574462154,12.1294552828096,27,46093,"DJ Moore"
"5590",2023101502,1228,14.695805591945,17.976299949849,16.6721362851362,23,46093,"DJ Moore"
"5591",2023101502,1489,12.7044618658179,61.7891976847625,61.7891976847625,31,46093,"DJ Moore"
"5592",2023101502,1536,69.6940745438216,132.264956394126,83.9827796800514,51,46093,"DJ Moore"
"5593",2023101502,2602,1.18817092994237,9.0218311107297,9.0218311107297,15,46093,"DJ Moore"
"5594",2023101502,2913,11.113693541626,24.0124538984894,24.0124538984894,23,46093,"DJ Moore"
"5595",2023101502,3191,17.2560158291185,26.6173820362171,24.6185139949567,19,46093,"DJ Moore"
"5596",2023101502,3407,29.6249750315763,73.1569557980001,45.1047498761586,36,46093,"DJ Moore"
"5597",2023101502,3437,15.7999431994443,64.3216739481136,64.3216739481136,25,46093,"DJ Moore"
"5598",2023101502,3509,10.4242233504358,15.8830989730556,13.9676923984143,25,46093,"DJ Moore"
"5599",2023101502,3534,5.43807909195008,19.064386602686,18.401401386132,24,46093,"DJ Moore"
"5600",2023101502,3816,43.772880639942,93.6496086320285,71.9269009045135,47,46093,"DJ Moore"
"5601",2023101502,3915,23.3610676889217,43.4123027588572,43.4123027588572,24,46093,"DJ Moore"
"5602",2023101502,3940,48.5175141161373,146.739600433171,146.739600433171,30,46093,"DJ Moore"
"5603",2023102201,107,17.879454235615,27.8103905059651,27.8103905059651,28,46093,"DJ Moore"
"5604",2023102201,424,7.17701236284809,17.9603812421414,15.2462930628364,28,46093,"DJ Moore"
"5605",2023102201,485,7.93135197059496,12.8305105262706,12.3809705050228,31,46093,"DJ Moore"
"5606",2023102201,1040,2.23642896208394,11.892725863757,11.892725863757,18,46093,"DJ Moore"
"5607",2023102201,1162,9.94059505755822,15.5062269140309,15.2797849488489,17,46093,"DJ Moore"
"5608",2023102201,1187,6.53371961844507,13.9816359821807,6.9633300876621,37,46093,"DJ Moore"
"5609",2023102201,1946,15.2011439761109,34.4123407499677,34.1109292987969,56,46093,"DJ Moore"
"5610",2023102201,1976,7.26517203724858,13.8708162638662,11.2290145346339,22,46093,"DJ Moore"
"5611",2023102201,2001,10.7431255373431,17.9070963866847,17.9070963866847,24,46093,"DJ Moore"
"5612",2023102201,2089,30.5161402598454,58.5311397037946,34.8452057243435,52,46093,"DJ Moore"
"5613",2023102201,2668,27.3224941068918,86.5395646636583,82.2628513292842,33,46093,"DJ Moore"
"5614",2023102201,2693,11.4679065328232,35.1479869804681,33.6789084816536,40,46093,"DJ Moore"
"5615",2023102201,2765,14.0548649585031,25.7168909268094,25.7168909268094,16,46093,"DJ Moore"
"5616",2023102201,2788,16.7719138830928,26.682448629017,26.682448629017,28,46093,"DJ Moore"
"5617",2023102201,3481,6.20930525014816,14.0112838369522,14.0112838369522,20,46093,"DJ Moore"
"5618",2023102913,62,14.8712199452126,71.8039491942233,71.8039491942233,31,46093,"DJ Moore"
"5619",2023102913,482,0.586745027771468,6.2488443341953,6.16544126944565,17,46093,"DJ Moore"
"5620",2023102913,542,25.1647975423523,49.1254894662606,37.4662774539074,46,46093,"DJ Moore"
"5621",2023102913,588,16.3706165427619,97.08346323567,93.6231637575663,37,46093,"DJ Moore"
"5622",2023102913,950,-0.561637105330111,-0.388950858606975,-0.466678360532829,10,46093,"DJ Moore"
"5623",2023102913,975,45.1551578396842,112.602328300252,50.4635950861926,37,46093,"DJ Moore"
"5624",2023102913,1120,27.7511020568875,43.1581424326357,30.2388064304193,19,46093,"DJ Moore"
"5625",2023102913,1453,17.1799221832066,30.1835456567836,30.1835456567836,34,46093,"DJ Moore"
"5626",2023102913,1544,27.7922044932308,65.6394987626082,50.210865595515,38,46093,"DJ Moore"
"5627",2023102913,1581,15.982474448963,24.6169681150022,24.6169681150022,23,46093,"DJ Moore"
"5628",2023102913,1642,17.0994965174243,25.7053910484735,25.7053910484735,21,46093,"DJ Moore"
"5629",2023102913,1689,24.0070541673132,34.3847956545779,30.0158351825156,25,46093,"DJ Moore"
"5630",2023102913,1714,13.621323033949,39.1209618489728,39.1209618489728,26,46093,"DJ Moore"
"5631",2023102913,2630,14.352493318698,19.9102475609013,18.6892418229449,27,46093,"DJ Moore"
"5632",2023102913,2655,24.6744856980544,61.7270369973034,43.3667522616568,30,46093,"DJ Moore"
"5633",2023102913,2863,9.66082565888702,19.7772000265611,19.7772000265611,23,46093,"DJ Moore"
"5634",2023102913,2895,18.6935807845043,40.7240723026722,36.0479341391827,29,46093,"DJ Moore"
"5635",2023102913,3046,10.900292912869,32.7497627418268,29.2473654421354,24,46093,"DJ Moore"
"5636",2023102913,3093,6.39683035375595,25.0059436155489,25.0059436155489,22,46093,"DJ Moore"
"5637",2023102913,3145,41.3178010817456,92.5124062265359,47.2857769096975,49,46093,"DJ Moore"
"5638",2023102913,3227,7.54652637891537,12.8802557679283,12.8802557679283,18,46093,"DJ Moore"
"5639",2023102913,3553,12.239267400408,38.0165782783745,37.8665191988263,29,46093,"DJ Moore"
"5640",2023102913,3576,13.2501124228465,33.3007332647074,33.3007332647074,26,46093,"DJ Moore"
"5641",2023102913,3623,12.4085113934966,21.8264357495256,20.1764637772603,23,46093,"DJ Moore"
"5642",2023102913,3648,11.2253226836075,68.2442100394229,68.2442100394229,27,46093,"DJ Moore"
"5643",2023102913,3673,19.4334095268145,55.1940224952878,45.1107980611008,32,46093,"DJ Moore"
"5644",2023102913,3720,9.75587915944085,18.3379493724766,18.3379493724766,19,46093,"DJ Moore"
"5645",2023102913,3743,16.9966809678592,23.2024699149002,20.3234612906004,23,46093,"DJ Moore"
"5646",2023102913,3937,18.7498569158162,70.0501425462276,70.0501425462276,27,46093,"DJ Moore"
"5647",2023102913,3969,26.0128605056992,120.29397617451,120.29397617451,29,46093,"DJ Moore"
"5648",2023102913,4019,9.94872948941401,16.7316022742937,16.0320158163785,24,46093,"DJ Moore"
"5649",2023102913,4044,15.3849576641976,34.1219043071975,27.8874187646324,29,46093,"DJ Moore"
"5650",2023110507,55,8.32140754368344,12.9103926533737,8.2331105956424,21,46093,"DJ Moore"
"5651",2023110507,80,18.0435602370667,33.2002019162644,24.5943171987024,25,46093,"DJ Moore"
"5652",2023110507,250,8.84686898049166,27.5694746866314,27.5694746866314,37,46093,"DJ Moore"
"5653",2023110507,507,7.68013771082271,12.0457879731524,4.78321951582761,29,46093,"DJ Moore"
"5654",2023110507,597,14.1084563405009,25.325712209094,11.00186738247,39,46093,"DJ Moore"
"5655",2023110507,960,6.43344775980266,29.2914177774828,29.2914177774828,32,46093,"DJ Moore"
"5656",2023110507,1100,13.5732459765773,28.0578238869698,23.5791388578237,33,46093,"DJ Moore"
"5657",2023110507,1626,16.555666525598,21.4755353711138,15.3531110272663,20,46093,"DJ Moore"
"5658",2023110507,1651,13.1403123658959,23.1120404528399,23.1120404528399,23,46093,"DJ Moore"
"5659",2023110507,2167,14.0312975788292,38.833198593727,38.833198593727,28,46093,"DJ Moore"
"5660",2023110507,2332,32.112854529368,70.8775327604828,44.4984595538212,50,46093,"DJ Moore"
"5661",2023110507,2425,15.3230773575888,100.000372393825,100.000372393825,29,46093,"DJ Moore"
"5662",2023110507,2494,21.0138318424045,56.7915435521974,56.7915435521974,34,46093,"DJ Moore"
"5663",2023110507,2519,18.5784607044249,44.5404127273544,30.176310604658,35,46093,"DJ Moore"
"5664",2023110507,2672,21.1378315265934,41.8001938756426,38.2467485565074,27,46093,"DJ Moore"
"5665",2023110507,3219,4.9389554331894,7.07919853751593,4.88632522018193,29,46093,"DJ Moore"
"5666",2023110507,3499,38.4010398507495,86.4453635523411,34.7184568074945,42,46093,"DJ Moore"
"5667",2023110507,3569,20.8048262567819,47.8841079074903,24.3358605275613,33,46093,"DJ Moore"
"5668",2023110507,3693,4.86843455301612,13.500286054094,12.948547502863,19,46093,"DJ Moore"
"5669",2023110507,3718,23.0044058238893,91.778895820956,91.778895820956,34,46093,"DJ Moore"
"5670",2023110900,93,12.7735998726341,22.7266386319945,22.7266386319945,41,46093,"DJ Moore"
"5671",2023110900,138,18.5323666544439,28.2609113320959,24.4036025716871,24,46093,"DJ Moore"
"5672",2023110900,537,19.7954016866838,29.6513814929839,15.0159585929453,23,46093,"DJ Moore"
"5673",2023110900,631,-0.303090951195335,0,-1.60220255730925,22,46093,"DJ Moore"
"5674",2023110900,683,20.9447487011364,52.8487401025957,15.5170874720391,38,46093,"DJ Moore"
"5675",2023110900,757,41.2853517544701,113.293426338317,49.2242044025375,42,46093,"DJ Moore"
"5676",2023110900,1131,9.12140410431588,17.8740560613217,17.8740560613217,56,46093,"DJ Moore"
"5677",2023110900,1258,21.8530658922243,49.0031864830765,38.8604567195372,46,46093,"DJ Moore"
"5678",2023110900,1497,23.4557143362669,44.8462227501235,30.7156960136628,34,46093,"DJ Moore"
"5679",2023110900,1545,18.0537806993719,24.3561718944079,24.3561718944079,23,46093,"DJ Moore"
"5680",2023110900,1570,14.8599210800648,48.3709781798832,48.3709781798832,30,46093,"DJ Moore"
"5681",2023110900,1593,24.1106936406419,34.3032847438843,26.2691770478366,32,46093,"DJ Moore"
"5682",2023110900,1936,14.4846426402306,121.790862554862,121.790862554862,27,46093,"DJ Moore"
"5683",2023110900,1972,19.0849448297163,29.8769075902933,16.370491420675,37,46093,"DJ Moore"
"5684",2023110900,2033,19.9080238997838,31.9429860135294,31.9429860135294,23,46093,"DJ Moore"
"5685",2023110900,2063,5.92849406298158,10.9461521594054,10.9461521594054,21,46093,"DJ Moore"
"5686",2023110900,2088,14.2627551851347,29.1656478232265,13.3091592673641,67,46093,"DJ Moore"
"5687",2023110900,2111,35.1151087599441,56.5414307496294,49.7779925690353,33,46093,"DJ Moore"
"5688",2023110900,2366,9.8755281124671,16.323542725478,10.3828971900688,18,46093,"DJ Moore"
"5689",2023110900,2557,11.3566883219813,32.3120948438391,31.2673948278687,39,46093,"DJ Moore"
"5690",2023110900,2724,7.51162681653247,10.246202030343,10.246202030343,16,46093,"DJ Moore"
"5691",2023110900,3561,7.36229904031097,12.3692661780462,7.58981335247716,29,46093,"DJ Moore"
"5692",2023110900,3635,27.5195332783953,66.0139967934627,62.3044988845873,38,46093,"DJ Moore"
"5693",2023110900,4163,41.48766206814,119.360776964656,78.4901235441811,33,46093,"DJ Moore"
"5694",2023111902,127,20.0447590890982,41.257643197807,12.6681795908352,54,46093,"DJ Moore"
"5695",2023111902,152,13.3871859241494,21.8236989232838,6.31081641352246,31,46093,"DJ Moore"
"5696",2023111902,177,37.0157312330752,136.111695061195,136.111695061195,33,46093,"DJ Moore"
"5697",2023111902,596,16.9480835231153,30.5038514877491,21.5571284386813,31,46093,"DJ Moore"
"5698",2023111902,665,12.55893885244,15.8236449329852,13.6764169583726,30,46093,"DJ Moore"
"5699",2023111902,693,7.75671926226849,20.2000741166135,20.2000741166135,23,46093,"DJ Moore"
"5700",2023111902,745,59.7524224987383,153.787355040442,148.722163674236,38,46093,"DJ Moore"
"5701",2023111902,1075,13.6459704797706,21.0130537520547,17.8029281789651,37,46093,"DJ Moore"
"5702",2023111902,1403,18.8668932207847,36.9586193630751,9.88354101017572,37,46093,"DJ Moore"
"5703",2023111902,1428,10.2967986466599,18.6435756746122,10.8575318815597,44,46093,"DJ Moore"
"5704",2023111902,1458,7.64571097996731,19.953112395783,19.953112395783,21,46093,"DJ Moore"
"5705",2023111902,1559,45.8181711777147,116.422654146659,67.7250644238403,36,46093,"DJ Moore"
"5706",2023111902,1604,27.5196084097287,43.1560199577941,19.6060411821262,25,46093,"DJ Moore"
"5707",2023111902,2218,-0.065976432416494,4.47378223994056,3.50256464532006,34,46093,"DJ Moore"
"5708",2023111902,2275,44.1447884118042,134.551521327882,13.0801103156574,71,46093,"DJ Moore"
"5709",2023111902,2482,10.2706995031558,13.1678088971417,12.6553194516668,21,46093,"DJ Moore"
"5710",2023111902,2695,59.4531435946168,162.794229024615,151.716732636407,39,46093,"DJ Moore"
"5711",2023111902,2894,11.6936953449454,24.7308493179243,24.7308493179243,25,46093,"DJ Moore"
"5712",2023111902,3832,7.59638134109323,15.2518758352317,15.1072559488991,32,46093,"DJ Moore"
"5713",2023112700,110,9.47723534682649,17.0635968540584,12.5924025273591,26,46093,"DJ Moore"
"5714",2023112700,179,15.7033444386021,22.9319710804005,21.6899438473549,31,46093,"DJ Moore"
"5715",2023112700,204,10.3743760586243,19.3597267156015,7.78393845226202,28,46093,"DJ Moore"
"5716",2023112700,529,9.22425616459546,17.3227813145972,7.60742923315979,36,46093,"DJ Moore"
"5717",2023112700,608,20.0667592070054,35.9395011545914,35.9395011545914,23,46093,"DJ Moore"
"5718",2023112700,658,73.8595114912725,153.288247505235,97.273997802829,34,46093,"DJ Moore"
"5719",2023112700,986,13.5262092671086,22.0862176511004,17.7488861298994,22,46093,"DJ Moore"
"5720",2023112700,1011,32.2594599346532,58.394795336298,30.1616320417328,62,46093,"DJ Moore"
"5721",2023112700,1365,16.1387865198091,22.0194679936567,16.6357555760849,22,46093,"DJ Moore"
"5722",2023112700,2641,18.771577643594,52.5896041830229,45.9590598235548,31,46093,"DJ Moore"
"5723",2023112700,2666,25.445094954966,65.455731837861,64.3705386033878,30,46093,"DJ Moore"
"5724",2023112700,2950,19.6952475795477,25.0922650020418,22.6875378976678,24,46093,"DJ Moore"
"5725",2023112700,3439,16.2594510858888,22.9597440079166,11.6350943356351,21,46093,"DJ Moore"
"5726",2023112700,3675,7.26262987337036,21.9580593559777,20.3082033529903,62,46093,"DJ Moore"
"5727",2023112700,3809,28.3136094211404,54.0425599540187,48.3636246867537,39,46093,"DJ Moore"
"5728",2023121002,84,21.7253453383629,53.3845612650199,53.3845612650199,28,46093,"DJ Moore"
"5729",2023121002,131,7.8140465420133,18.0687247329065,16.7340098026625,34,46093,"DJ Moore"
"5730",2023121002,658,4.52633814109441,14.595663088275,14.595663088275,22,46093,"DJ Moore"
"5731",2023121002,1063,57.2465789106021,148.703468418404,148.703468418404,36,46093,"DJ Moore"
"5732",2023121002,1896,23.3014757630177,59.2414922558398,34.2267902402522,41,46093,"DJ Moore"
"5733",2023121002,2213,7.10819051596956,12.8007688809569,11.2081457704788,24,46093,"DJ Moore"
"5734",2023121002,2238,11.3739806224416,19.4938678511252,19.4938678511252,23,46093,"DJ Moore"
"5735",2023121002,2307,7.928930506214,44.0164803448328,42.2786342852781,27,46093,"DJ Moore"
"5736",2023121002,2607,4.87895605009895,11.5592390887129,11.5592390887129,19,46093,"DJ Moore"
"5737",2023121002,2632,9.3214460183078,19.9750668695832,19.9750668695832,22,46093,"DJ Moore"
"5738",2023121002,2840,-12.0809523588375,0,-9.41180650197676,36,46093,"DJ Moore"
"5739",2023121002,2863,13.3287763063426,20.845483958817,20.5263595997941,25,46093,"DJ Moore"
"5740",2023121002,2888,38.7438111380884,115.639209862033,104.424957183029,42,46093,"DJ Moore"
"5741",2023121002,3021,55.4843999640577,166.288055083857,166.288055083857,24,46093,"DJ Moore"
"5742",2023121002,3197,21.4359689646975,52.8445171929443,18.905070298109,37,46093,"DJ Moore"
"5743",2023121002,3242,5.49084716868171,9.17843712071029,9.17843712071029,25,46093,"DJ Moore"
"5744",2023121002,3474,4.40977205230945,7.00463838360078,6.64028488212795,23,46093,"DJ Moore"
"5745",2023121002,3497,9.41148379211308,18.084780676863,18.084780676863,20,46093,"DJ Moore"
"5746",2023121002,3544,10.5553717810708,18.9572759008237,18.9572759008237,36,46093,"DJ Moore"
"5747",2023121002,3569,6.11915092321071,13.4386271612047,13.4386271612047,19,46093,"DJ Moore"
"5748",2023121002,3948,36.5492046743554,99.5654809781363,55.9607824274705,48,46093,"DJ Moore"
"5749",2023121710,248,18.0112470503988,139.242398006968,139.242398006968,30,46093,"DJ Moore"
"5750",2023121710,300,10.3613503864057,47.5836330510421,44.963312936483,32,46093,"DJ Moore"
"5751",2023121710,721,-1.54177854611519,16.4147699526805,16.4147699526805,23,46093,"DJ Moore"
"5752",2023121710,774,13.6573676445439,31.3082310269697,31.2888192352475,27,46093,"DJ Moore"
"5753",2023121710,1084,6.90728891785142,18.1376968936108,16.1535373763452,56,46093,"DJ Moore"
"5754",2023121710,1430,9.36152108247324,12.387375785257,9.66934412192467,23,46093,"DJ Moore"
"5755",2023121710,1453,26.0766544824829,53.3338004029349,51.0984386395233,80,46093,"DJ Moore"
"5756",2023121710,1892,14.1687915154956,25.6704962581568,24.1262866659564,21,46093,"DJ Moore"
"5757",2023121710,1917,10.601417850981,19.1867203856222,19.1867203856222,30,46093,"DJ Moore"
"5758",2023121710,2190,26.9757257338633,70.5796875820922,69.0137960205572,33,46093,"DJ Moore"
"5759",2023121710,2225,30.83792066778,65.0392151625558,43.1346897232139,34,46093,"DJ Moore"
"5760",2023121710,2317,73.0281361162666,175.225427328465,175.225427328465,37,46093,"DJ Moore"
"5761",2023121710,2342,1.19435418386047,1.58830677798764,0.551110020051569,25,46093,"DJ Moore"
"5762",2023121710,2420,12.64145375947,15.932597250251,15.932597250251,25,46093,"DJ Moore"
"5763",2023121710,2856,34.963173430686,83.8654603955943,83.3003136911441,39,46093,"DJ Moore"
"5764",2023121710,2908,3.08462522654487,10.4539940790172,10.4539940790172,33,46093,"DJ Moore"
"5765",2023121710,2970,35.4179212059173,95.9168863984037,84.1440604094642,31,46093,"DJ Moore"
"5766",2023121710,2995,15.3897731343971,30.7429095328315,30.7429095328315,24,46093,"DJ Moore"
"5767",2023121710,3400,14.60096880243,26.5460535608857,26.3673757165549,23,46093,"DJ Moore"
"5768",2023121710,3504,11.257594825194,19.6219520689565,14.2865109391643,25,46093,"DJ Moore"
"5769",2023121710,4399,31.4725906835062,55.6940867841816,41.0846153600906,36,46093,"DJ Moore"
"5770",2023121710,4748,46.0713960688631,70.1557477962073,42.8498222087506,39,46093,"DJ Moore"
"5771",2023122409,84,7.3652123296297,14.7077399159326,12.0918716000193,22,46093,"DJ Moore"
"5772",2023122409,810,46.4560918461289,161.514786706526,161.514786706526,35,46093,"DJ Moore"
"5773",2023122409,880,6.30707280386514,14.6200710662092,14.6200710662092,22,46093,"DJ Moore"
"5774",2023122409,1319,24.4009006334962,48.8693308351883,14.0054632865665,40,46093,"DJ Moore"
"5775",2023122409,1393,13.1665892343768,18.6383711691435,14.1484071911532,57,46093,"DJ Moore"
"5776",2023122409,1718,4.61176098272727,14.3143776778243,14.3143776778243,22,46093,"DJ Moore"
"5777",2023122409,1741,26.3446036172091,57.4051965897587,50.8721587180752,54,46093,"DJ Moore"
"5778",2023122409,1769,35.4145004616354,74.2977566422732,63.8693498635803,46,46093,"DJ Moore"
"5779",2023122409,2066,24.3624197202515,55.7139914165128,35.1956884044053,29,46093,"DJ Moore"
"5780",2023122409,2091,55.3488467241613,108.073471831731,46.1228317118228,58,46093,"DJ Moore"
"5781",2023122409,2615,11.3936579077283,17.8673719756297,16.3783490257079,22,46093,"DJ Moore"
"5782",2023122409,2650,22.5891075957121,34.3779067188777,19.3978070399471,25,46093,"DJ Moore"
"5783",2023122409,2832,13.8447064131245,20.0961132364986,19.7283318613169,32,46093,"DJ Moore"
"5784",2023122409,2923,71.4029960124027,352.983766792629,352.983766792629,57,46093,"DJ Moore"
"5785",2023122409,2993,28.140208595594,65.5520388561229,61.6979335910144,36,46093,"DJ Moore"
"5786",2023122409,3370,17.3498596750474,48.710461050897,36.3239661130329,31,46093,"DJ Moore"
"5787",2023122409,3713,11.984851833482,19.4267385473428,13.4812178780605,19,46093,"DJ Moore"
"5788",2023122409,3997,17.5937460594874,30.1812586515314,19.8840526185251,20,46093,"DJ Moore"
"5789",2023123103,221,10.8660494401536,80.1021520523104,80.1021520523104,32,46093,"DJ Moore"
"5790",2023123103,326,30.0715514968534,64.69498459133,64.2652030767662,42,46093,"DJ Moore"
"5791",2023123103,380,15.0205608756943,25.5343017652693,25.1309226335517,23,46093,"DJ Moore"
"5792",2023123103,410,19.9125050361521,44.6181141948465,44.6181141948465,29,46093,"DJ Moore"
"5793",2023123103,779,11.6690749523143,17.8483039335114,17.8483039335114,28,46093,"DJ Moore"
"5794",2023123103,1109,31.4420044908893,60.5185990167411,51.1184175381976,35,46093,"DJ Moore"
"5795",2023123103,1319,25.7901187548311,45.5457689754029,11.5746524333058,35,46093,"DJ Moore"
"5796",2023123103,1371,49.5138548519567,181.579725359315,181.579725359315,55,46093,"DJ Moore"
"5797",2023123103,1401,2.41181923119401,12.0081187901741,12.0081187901741,19,46093,"DJ Moore"
"5798",2023123103,1424,6.03664408324568,18.6926685550107,18.6926685550107,37,46093,"DJ Moore"
"5799",2023123103,2053,18.1862330244442,69.2168136143369,43.1819202116106,36,46093,"DJ Moore"
"5800",2023123103,2122,6.62675960285361,14.8949881657079,14.8949881657079,20,46093,"DJ Moore"
"5801",2023123103,2174,18.5672350703404,36.3028939797455,35.568341625729,34,46093,"DJ Moore"
"5802",2023123103,2528,24.7244184807149,66.8089371468422,65.887359953076,38,46093,"DJ Moore"
"5803",2023123103,2632,6.44979538008112,17.7271053684156,17.4276814680073,37,46093,"DJ Moore"
"5804",2023123103,2723,7.32735220044371,22.6840640643012,22.6259928336134,39,46093,"DJ Moore"
"5805",2023123103,2968,9.17466491683127,26.2485518911991,26.2485518911991,30,46093,"DJ Moore"
"5806",2023123103,2998,10.0088933122671,16.7024546749463,11.3142790120355,31,46093,"DJ Moore"
"5807",2023123103,3046,13.4599100021588,25.207064477679,14.8783555226886,22,46093,"DJ Moore"
"5808",2023123103,3430,-0.77072812770989,4.91973407949372,4.91973407949372,39,46093,"DJ Moore"
"5809",2023123103,3779,-0.579619911539917,3.81978582059746,3.81978582059746,36,46093,"DJ Moore"
"5810",2023123103,3802,28.8859094755694,76.5799376992619,76.3181126488083,34,46093,"DJ Moore"
"5811",2024010706,84,10.4362987922354,20.9513917728437,20.9513917728437,22,46093,"DJ Moore"
"5812",2024010706,153,7.47236707093835,12.6099636186538,9.21611041124689,37,46093,"DJ Moore"
"5813",2024010706,178,17.5256930838846,51.3570891020865,51.3570891020865,35,46093,"DJ Moore"
"5814",2024010706,588,9.64780796553052,27.7743073574159,27.7743073574159,23,46093,"DJ Moore"
"5815",2024010706,625,4.7001424889128,21.0855900696419,21.0226661971667,22,46093,"DJ Moore"
"5816",2024010706,1103,75.5172633813481,201.107179292732,188.169992252879,56,46093,"DJ Moore"
"5817",2024010706,1214,13.243912053577,35.2696113177392,35.2696113177392,30,46093,"DJ Moore"
"5818",2024010706,1261,17.0490796902261,24.2369584408794,20.4429671900262,29,46093,"DJ Moore"
"5819",2024010706,2285,15.315052335754,23.6896216902407,20.0188149675565,20,46093,"DJ Moore"
"5820",2024010706,2310,10.8926812741076,30.0183773019108,20.5489952006416,59,46093,"DJ Moore"
"5821",2024010706,2375,18.4750683806873,37.0373657753105,30.2399002779202,57,46093,"DJ Moore"
"5822",2024010706,2420,18.1890241842931,43.5292869769791,21.7504424532393,41,46093,"DJ Moore"
"5823",2024010706,2724,7.75925388844742,12.3831881819708,7.00367014469121,26,46093,"DJ Moore"
"5824",2023091011,55,8.21038388570594,15.5286436924912,13.6503339648371,28,47834,"AJ Brown"
"5825",2023091011,140,10.5289566376713,22.1371121956819,22.1371121956819,30,47834,"AJ Brown"
"5826",2023091011,209,8.68035180971063,17.5257734592488,14.1065290215826,20,47834,"AJ Brown"
"5827",2023091011,766,10.4101141699911,29.9949579195485,29.0697131408516,23,47834,"AJ Brown"
"5828",2023091011,849,10.1685229411214,20.7340172145565,19.8423806893456,29,47834,"AJ Brown"
"5829",2023091011,1034,-0.749643612432083,0,-2.73286383559209,22,47834,"AJ Brown"
"5830",2023091011,1101,21.3226633675493,28.5664191108477,22.6562243802506,25,47834,"AJ Brown"
"5831",2023091011,1964,15.1135215872422,23.5394562415349,13.0877700944533,25,47834,"AJ Brown"
"5832",2023091011,1989,48.3310862215798,106.412148035107,106.412148035107,25,47834,"AJ Brown"
"5833",2023091011,2449,9.08484431255908,25.669205688759,23.3868337367901,28,47834,"AJ Brown"
"5834",2023091011,2555,8.41866266466037,29.9496780341858,29.9496780341858,31,47834,"AJ Brown"
"5835",2023091011,2580,17.5799006227791,36.597911779034,30.3664643347048,31,47834,"AJ Brown"
"5836",2023091011,2643,15.3070306745932,67.6090834569563,66.2936030875156,28,47834,"AJ Brown"
"5837",2023091011,3108,6.11126608029791,21.0469523565585,21.0469523565585,25,47834,"AJ Brown"
"5838",2023091011,3140,8.98072003460005,20.1159184681098,20.1159184681098,26,47834,"AJ Brown"
"5839",2023091011,3187,20.9835102140652,75.1175741787298,69.1081315669347,26,47834,"AJ Brown"
"5840",2023091011,3217,8.45570885263933,18.856165430092,18.856165430092,34,47834,"AJ Brown"
"5841",2023091011,3262,31.0462051575637,89.4488563007639,89.4488563007639,42,47834,"AJ Brown"
"5842",2023091011,3355,40.6002255611392,96.441248973201,55.6478227309195,30,47834,"AJ Brown"
"5843",2023091011,3683,52.6595763855102,174.962014521404,172.533197215195,63,47834,"AJ Brown"
"5844",2023091011,3772,37.9769784814868,114.793497495567,92.1469084851942,49,47834,"AJ Brown"
"5845",2023091011,3797,21.3554787052915,30.8356159430559,29.3621842250766,24,47834,"AJ Brown"
"5846",2023091011,3915,14.2193650689388,18.5993445945663,18.4507903282973,21,47834,"AJ Brown"
"5847",2023091011,4427,21.3610782523343,55.4905124273019,55.4905124273019,19,47834,"AJ Brown"
"5848",2023091400,56,7.00579075833833,17.806170597288,13.3858946067623,20,47834,"AJ Brown"
"5849",2023091400,151,59.5894551311514,271.488193267003,271.488193267003,33,47834,"AJ Brown"
"5850",2023091400,431,3.16585282916488,9.91156412646601,9.91156412646601,25,47834,"AJ Brown"
"5851",2023091400,461,14.0721394668038,30.2385388948502,30.2385388948502,18,47834,"AJ Brown"
"5852",2023091400,685,40.5405869381936,89.0320464519194,89.0320464519194,37,47834,"AJ Brown"
"5853",2023091400,779,9.82362211525739,14.3722117192515,12.8107571557356,26,47834,"AJ Brown"
"5854",2023091400,1213,13.463859879751,50.0215909001719,50.0215909001719,30,47834,"AJ Brown"
"5855",2023091400,1420,22.8653615888657,44.6826330392429,44.6826330392429,22,47834,"AJ Brown"
"5856",2023091400,1962,21.0647823621211,45.6189518612189,45.6189518612189,28,47834,"AJ Brown"
"5857",2023091400,2364,16.3115738481086,22.8367179004863,16.1434659970575,28,47834,"AJ Brown"
"5858",2023091400,2587,11.0553253682543,27.1604332433888,26.3647248927348,23,47834,"AJ Brown"
"5859",2023091400,2645,8.50370689569617,14.8059156791388,7.90183867335608,23,47834,"AJ Brown"
"5860",2023091400,2694,32.6678134919036,100.700128840565,100.700128840565,35,47834,"AJ Brown"
"5861",2023091400,2885,4.41345078193004,14.9675896698738,14.9675896698738,24,47834,"AJ Brown"
"5862",2023091400,2976,26.0225299383907,86.5842604777635,86.5842604777635,33,47834,"AJ Brown"
"5863",2023091400,3072,10.2636834287329,28.0384052238951,21.9526676007686,22,47834,"AJ Brown"
"5864",2023091400,3117,23.335694378679,106.568296128967,106.568296128967,27,47834,"AJ Brown"
"5865",2023091400,3668,13.5046774522358,17.2620123454857,17.2620123454857,24,47834,"AJ Brown"
"5866",2023092500,258,3.17727610443459,12.2436586987623,12.2436586987623,28,47834,"AJ Brown"
"5867",2023092500,288,16.9042035934059,43.1217194945961,38.4845729499187,35,47834,"AJ Brown"
"5868",2023092500,651,7.20193060099109,20.6596903975957,20.2402295598393,23,47834,"AJ Brown"
"5869",2023092500,730,19.7233159306326,24.6757230720816,18.6966548118449,21,47834,"AJ Brown"
"5870",2023092500,943,16.0995676271552,55.3449717394092,31.6683044792735,39,47834,"AJ Brown"
"5871",2023092500,1463,15.8416374928724,43.0012180724626,24.5936720933392,35,47834,"AJ Brown"
"5872",2023092500,1488,8.93758282719266,19.2818529383357,9.87206975729312,57,47834,"AJ Brown"
"5873",2023092500,1511,13.5558831380892,20.098433084953,20.046514989022,21,47834,"AJ Brown"
"5874",2023092500,1558,25.8212245007873,74.5916037135466,28.2144004403626,54,47834,"AJ Brown"
"5875",2023092500,1605,11.1431662888965,15.3468833913632,15.3468833913632,26,47834,"AJ Brown"
"5876",2023092500,1654,56.5579646068134,122.513450726529,121.292878752931,56,47834,"AJ Brown"
"5877",2023092500,1943,20.2752681934844,38.705587005645,38.705587005645,25,47834,"AJ Brown"
"5878",2023092500,2077,17.2662387042829,33.1849301467099,9.0384057270743,21,47834,"AJ Brown"
"5879",2023092500,2381,29.6615787671756,47.6587567107428,43.4181875766473,20,47834,"AJ Brown"
"5880",2023092500,2407,33.6460931144768,90.8034931955951,90.8034931955951,40,47834,"AJ Brown"
"5881",2023092500,2530,4.61718626418816,12.4495639296331,12.4495639296331,16,47834,"AJ Brown"
"5882",2023092500,2844,54.7489742078999,130.290775911547,77.8972290569051,48,47834,"AJ Brown"
"5883",2023092500,2896,7.18514508992551,23.8428899159932,23.8428899159932,42,47834,"AJ Brown"
"5884",2023092500,3064,30.4997808893835,57.3726977293516,56.993038252398,20,47834,"AJ Brown"
"5885",2023092500,3094,12.0461383836599,58.5413636131988,51.6892181880327,28,47834,"AJ Brown"
"5886",2023092500,3119,7.9324832696071,18.4557041241788,18.4557041241788,23,47834,"AJ Brown"
"5887",2023092500,3164,10.3868887740189,26.480861380427,26.480861380427,27,47834,"AJ Brown"
"5888",2023092500,3719,42.6089810289778,66.6957681762987,56.720636992644,18,47834,"AJ Brown"
"5889",2023092500,3891,13.9468334533553,31.2063844415431,27.2673395328577,17,47834,"AJ Brown"
"5890",2023100108,461,39.8414982344602,145.002339605747,143.152410531383,43,47834,"AJ Brown"
"5891",2023100108,486,6.44780062896166,13.0478549370189,11.6077002168779,21,47834,"AJ Brown"
"5892",2023100108,557,22.3116749994682,72.6458788618085,72.6458788618085,24,47834,"AJ Brown"
"5893",2023100108,582,39.5704851830871,55.0974880005714,42.652594328931,22,47834,"AJ Brown"
"5894",2023100108,724,20.2934149884766,35.0776083362742,22.8978375924805,20,47834,"AJ Brown"
"5895",2023100108,1155,10.0330750968414,18.817701412083,17.9278608795992,22,47834,"AJ Brown"
"5896",2023100108,1180,5.92423340695541,10.5824769524639,10.5824769524639,23,47834,"AJ Brown"
"5897",2023100108,1451,58.5817983352695,155.792535157662,45.3224297654115,37,47834,"AJ Brown"
"5898",2023100108,1902,12.999310070712,17.7002476635487,16.3846485374132,26,47834,"AJ Brown"
"5899",2023100108,1925,21.0141953791449,39.0195436685352,14.403646964279,21,47834,"AJ Brown"
"5900",2023100108,1972,25.7287064361125,45.4857351401285,31.5382264222262,31,47834,"AJ Brown"
"5901",2023100108,1997,22.2497173963319,58.725655655155,55.0952047178711,29,47834,"AJ Brown"
"5902",2023100108,2213,9.10442969661308,15.0339602457407,15.0339602457407,27,47834,"AJ Brown"
"5903",2023100108,2587,6.73992068490469,15.3864024931236,15.3864024931236,21,47834,"AJ Brown"
"5904",2023100108,2612,6.27453402051367,26.226815256408,26.226815256408,26,47834,"AJ Brown"
"5905",2023100108,2940,11.4592023943931,47.3551602864785,47.3551602864785,35,47834,"AJ Brown"
"5906",2023100108,3103,-1.21781798027127,2.85036348627102,2.07857628147836,19,47834,"AJ Brown"
"5907",2023100108,3681,24.2534283335461,54.5123083157174,41.0326201768422,29,47834,"AJ Brown"
"5908",2023100108,3704,69.764831829096,136.671299649201,78.1024260528096,52,47834,"AJ Brown"
"5909",2023100108,3973,36.1108715864429,93.5591471764377,93.5591471764377,36,47834,"AJ Brown"
"5910",2023100108,3996,17.6321029069377,40.287283165599,36.1108130270965,28,47834,"AJ Brown"
"5911",2023100108,4079,18.2927065514052,34.3604051129394,24.9502474938324,22,47834,"AJ Brown"
"5912",2023100108,4131,33.7601619282531,126.396542687207,126.396542687207,27,47834,"AJ Brown"
"5913",2023100108,4666,16.0193481706465,29.299306208642,21.6016490309929,22,47834,"AJ Brown"
"5914",2023100108,4696,26.6252428000098,105.722419304932,105.722419304932,28,47834,"AJ Brown"
"5915",2023100108,4793,25.3969241723075,37.1745744713692,27.4391692012156,23,47834,"AJ Brown"
"5916",2023100108,4879,47.9524651660881,64.938630374449,55.8125367551099,19,47834,"AJ Brown"
"5917",2023100808,80,19.6683139940271,36.2510105473531,29.2784481463786,26,47834,"AJ Brown"
"5918",2023100808,157,16.4759262380516,35.6598541823628,20.7357170211043,31,47834,"AJ Brown"
"5919",2023100808,182,4.5346434058149,8.33312748057071,6.62003239792351,41,47834,"AJ Brown"
"5920",2023100808,328,26.1824592593424,31.3535755038368,25.928593269811,22,47834,"AJ Brown"
"5921",2023100808,801,23.8610948605766,35.795088166475,33.777593619046,23,47834,"AJ Brown"
"5922",2023100808,826,12.3216355794383,19.2719261179708,17.0059027503712,19,47834,"AJ Brown"
"5923",2023100808,893,18.8655547442082,36.5247691358643,36.5247691358643,21,47834,"AJ Brown"
"5924",2023100808,938,12.6983115967456,51.0429196504731,51.0429196504731,40,47834,"AJ Brown"
"5925",2023100808,984,28.4976724187725,66.6688521617683,63.6284390402364,35,47834,"AJ Brown"
"5926",2023100808,1229,24.5541868264816,84.7526721431609,67.395318710428,29,47834,"AJ Brown"
"5927",2023100808,1252,13.2177215314954,20.2134676539199,10.6188338958298,61,47834,"AJ Brown"
"5928",2023100808,1304,23.990572765351,60.7699097137412,46.9802334638291,29,47834,"AJ Brown"
"5929",2023100808,1401,16.286691927226,42.9697908091299,41.6203361176928,30,47834,"AJ Brown"
"5930",2023100808,1867,14.4868388205111,25.0585862098296,25.0585862098296,26,47834,"AJ Brown"
"5931",2023100808,2303,8.72678716784301,22.3865970162809,22.3865970162809,21,47834,"AJ Brown"
"5932",2023100808,2333,11.1477869869464,17.223879519375,13.710394501394,30,47834,"AJ Brown"
"5933",2023100808,2370,15.8900332564504,67.3663191074405,67.3663191074405,36,47834,"AJ Brown"
"5934",2023100808,2417,16.6815379825553,36.8770376451296,24.8972483350728,37,47834,"AJ Brown"
"5935",2023100808,2442,5.08216962757441,28.9134079418393,28.9134079418393,21,47834,"AJ Brown"
"5936",2023100808,2805,13.6345032506025,20.6627890746244,18.6332561040424,22,47834,"AJ Brown"
"5937",2023100808,2919,9.13627900979513,16.4647469401242,16.4647469401242,14,47834,"AJ Brown"
"5938",2023100808,2942,24.6573292043285,55.1785279404661,55.1785279404661,41,47834,"AJ Brown"
"5939",2023100808,3015,11.3806860332547,20.0710998281054,7.552159069543,23,47834,"AJ Brown"
"5940",2023100808,3107,25.0270878728023,40.8368374435462,16.8302823540262,62,47834,"AJ Brown"
"5941",2023100808,3368,38.0466942325399,124.427179274455,124.427179274455,43,47834,"AJ Brown"
"5942",2023100808,3425,22.3985743525907,38.5817982161089,38.5817982161089,23,47834,"AJ Brown"
"5943",2023101511,230,3.25427164848844,15.1766657999251,15.1766657999251,20,47834,"AJ Brown"
"5944",2023101511,283,7.91110343847858,25.7545027728696,25.7545027728696,27,47834,"AJ Brown"
"5945",2023101511,336,20.1912183559115,34.0964817802538,32.860790478587,22,47834,"AJ Brown"
"5946",2023101511,366,32.6229121952715,71.9374666431388,35.6834212253115,60,47834,"AJ Brown"
"5947",2023101511,396,10.4401366491615,15.2257411832479,9.47214934265392,20,47834,"AJ Brown"
"5948",2023101511,533,15.452985521945,57.4200313436743,57.4200313436743,28,47834,"AJ Brown"
"5949",2023101511,558,0,0,0,22,47834,"AJ Brown"
"5950",2023101511,708,15.4456028833644,25.5063178325873,17.3015610888114,57,47834,"AJ Brown"
"5951",2023101511,1288,14.9392938845094,54.7018450208917,54.7018450208917,31,47834,"AJ Brown"
"5952",2023101511,1313,38.4585017270252,77.4909477151308,33.1110290975942,62,47834,"AJ Brown"
"5953",2023101511,1343,0,0,0,23,47834,"AJ Brown"
"5954",2023101511,1366,12.6509350712122,19.5522964370192,14.8865110227567,22,47834,"AJ Brown"
"5955",2023101511,1391,8.57982774453045,16.3156506149415,16.3156506149415,23,47834,"AJ Brown"
"5956",2023101511,1614,49.5026572225546,141.570401863839,141.570401863839,41,47834,"AJ Brown"
"5957",2023101511,1689,15.5456927145653,23.4320572670137,23.4320572670137,24,47834,"AJ Brown"
"5958",2023101511,1741,23.6564735426355,34.9166009378426,31.627871489809,25,47834,"AJ Brown"
"5959",2023101511,2108,9.64086366209647,16.9700090823645,16.9700090823645,25,47834,"AJ Brown"
"5960",2023101511,2514,16.7543913273015,88.2199346189718,88.2199346189718,29,47834,"AJ Brown"
"5961",2023101511,2591,40.1821366361466,87.9363069775461,87.9363069775461,49,47834,"AJ Brown"
"5962",2023101511,2635,40.1127146217573,57.2806307893229,53.6730372182215,51,47834,"AJ Brown"
"5963",2023101511,3009,12.4204701299485,29.8678590964986,28.982707463132,27,47834,"AJ Brown"
"5964",2023101511,3339,97.0180433129252,258.523250036555,189.220255065296,66,47834,"AJ Brown"
"5965",2023101511,3660,10.5105337649651,19.1433977441032,19.1433977441032,25,47834,"AJ Brown"
"5966",2023101511,3785,1.83985370276425,8.39344243001822,7.69981822931328,25,47834,"AJ Brown"
"5967",2023101511,4033,15.4435467757322,59.7704788664006,59.2339012733262,30,47834,"AJ Brown"
"5968",2023101511,4085,20.9165249574892,58.9331724050567,58.9331724050567,38,47834,"AJ Brown"
"5969",2023101511,4132,27.0517781394738,63.4210299125508,63.4210299125508,27,47834,"AJ Brown"
"5970",2023101511,4227,23.7926313095425,62.8677863148415,60.3891869194603,27,47834,"AJ Brown"
"5971",2023101511,4317,23.308350120756,48.8939463935439,48.8939463935439,28,47834,"AJ Brown"
"5972",2023101511,4340,15.7427577882344,24.8338124581522,17.8788680694064,50,47834,"AJ Brown"
"5973",2023101511,4363,22.0446463409203,54.9520908124033,27.5511421454267,35,47834,"AJ Brown"
"5974",2023101511,4388,42.1947935243065,113.539018679708,113.539018679708,41,47834,"AJ Brown"
"5975",2023102210,196,15.4645063204476,44.8000583687383,41.7662221947837,36,47834,"AJ Brown"
"5976",2023102210,219,8.84928269462705,15.7637787967671,15.7637787967671,27,47834,"AJ Brown"
"5977",2023102210,244,15.1254032822416,30.842530978734,30.842530978734,31,47834,"AJ Brown"
"5978",2023102210,274,32.6711739332009,79.6453616626327,43.8005365528297,35,47834,"AJ Brown"
"5979",2023102210,932,13.9518524704479,29.3854353069605,29.3854353069605,18,47834,"AJ Brown"
"5980",2023102210,1011,15.1564164859932,26.0854700725355,14.2714600589617,21,47834,"AJ Brown"
"5981",2023102210,1125,4.45978140038811,13.4499584548916,10.7205293942746,32,47834,"AJ Brown"
"5982",2023102210,1401,5.76025908393689,14.0601180460842,7.18899807775311,19,47834,"AJ Brown"
"5983",2023102210,2391,12.2711020059821,24.4643157944922,17.8776718805115,20,47834,"AJ Brown"
"5984",2023102210,2506,14.9513688318506,23.1194773555766,18.9880636421362,20,47834,"AJ Brown"
"5985",2023102210,2800,35.7927280050643,65.7326532740551,62.8571043226375,44,47834,"AJ Brown"
"5986",2023102210,2832,17.2897794208092,59.5995893962323,29.1147281866846,32,47834,"AJ Brown"
"5987",2023102210,2879,14.4122077290644,99.5625648218063,99.5625648218063,27,47834,"AJ Brown"
"5988",2023102210,2904,8.84483839720414,11.3448784404471,10.1892025835122,21,47834,"AJ Brown"
"5989",2023102210,2927,8.9104962298181,17.8655085544344,17.8655085544344,27,47834,"AJ Brown"
"5990",2023102210,2952,6.05771769646144,14.4511886189677,8.24968270722349,19,47834,"AJ Brown"
"5991",2023102210,3338,11.4098145814863,20.8467492166395,12.6426719292424,21,47834,"AJ Brown"
"5992",2023102210,3418,15.0254368865743,27.3566020877041,26.7935072091772,30,47834,"AJ Brown"
"5993",2023102210,3441,16.518783203153,19.5351100468314,19.5351100468314,21,47834,"AJ Brown"
"5994",2023102210,3510,18.2247124443099,28.2521288911949,18.7325415777053,19,47834,"AJ Brown"
"5995",2023102210,3568,33.5619519632605,106.831877965658,106.831877965658,36,47834,"AJ Brown"
"5996",2023102908,357,15.3274202842819,22.4487664523941,18.9000130982125,35,47834,"AJ Brown"
"5997",2023102908,382,6.73579621831522,9.55978572636261,9.55978572636261,20,47834,"AJ Brown"
"5998",2023102908,596,-0.0663096808952563,0,-0.171501807254711,31,47834,"AJ Brown"
"5999",2023102908,621,3.95825688082629,9.79806144662015,9.63059549804515,31,47834,"AJ Brown"
"6000",2023102908,696,2.56174141127023,10.4805349910015,10.4805349910015,20,47834,"AJ Brown"
"6001",2023102908,721,27.1538453235081,73.3090151552779,72.0342608467885,27,47834,"AJ Brown"
"6002",2023102908,746,19.1006666122925,36.3703355358688,27.1047902926576,22,47834,"AJ Brown"
"6003",2023102908,771,20.5651115402755,34.8513836799758,18.5100940657536,31,47834,"AJ Brown"
"6004",2023102908,794,29.8314091866967,62.8875627199411,61.1366857778727,36,47834,"AJ Brown"
"6005",2023102908,1235,7.99889985239416,17.1646257124136,17.1646257124136,23,47834,"AJ Brown"
"6006",2023102908,1258,10.9034733559332,24.453658604574,24.453658604574,25,47834,"AJ Brown"
"6007",2023102908,1283,24.3509496282151,84.0588879761745,84.0588879761745,31,47834,"AJ Brown"
"6008",2023102908,1313,12.4954966683183,20.3000098649956,18.3237692626092,19,47834,"AJ Brown"
"6009",2023102908,1365,24.5677483192682,83.3756865128416,44.0591601195685,54,47834,"AJ Brown"
"6010",2023102908,1410,21.5741179942603,47.5193362486588,46.5266290911332,32,47834,"AJ Brown"
"6011",2023102908,1435,45.400777782215,93.4511903806632,84.1736707413127,34,47834,"AJ Brown"
"6012",2023102908,1741,41.2787087228148,94.0521787646679,71.0455016707626,34,47834,"AJ Brown"
"6013",2023102908,1781,11.5924348915715,20.5894827734719,20.5894827734719,22,47834,"AJ Brown"
"6014",2023102908,1818,17.7951304606424,30.2483651518936,28.7949721763071,20,47834,"AJ Brown"
"6015",2023102908,1848,13.5422866121582,36.3621957025971,36.3621957025971,32,47834,"AJ Brown"
"6016",2023102908,1878,17.1235853904861,38.50433289842,37.6491373877628,35,47834,"AJ Brown"
"6017",2023102908,1908,14.6425080600431,19.7881291030256,18.564512176304,28,47834,"AJ Brown"
"6018",2023102908,1933,14.2026502247081,23.8910708312239,23.8910708312239,21,47834,"AJ Brown"
"6019",2023102908,2338,19.6874277142287,53.6605333884291,49.9635250078155,27,47834,"AJ Brown"
"6020",2023102908,2793,12.3763259377321,20.2614060941831,20.2614060941831,46,47834,"AJ Brown"
"6021",2023102908,2863,16.5584536402026,30.9261066016868,30.9261066016868,27,47834,"AJ Brown"
"6022",2023102908,3409,16.3961255807706,39.308218878356,39.308218878356,28,47834,"AJ Brown"
"6023",2023102908,3478,7.19318931079728,9.90249246221226,7.15708604619646,24,47834,"AJ Brown"
"6024",2023102908,3531,8.85763929855321,21.1420114679279,21.1420114679279,28,47834,"AJ Brown"
"6025",2023102908,3979,17.820231619844,60.1641897338198,60.1641897338198,34,47834,"AJ Brown"
"6026",2023110510,148,3.39646649550072,8.32242893415828,7.14468970020347,23,47834,"AJ Brown"
"6027",2023110510,239,16.8755249642908,51.1464128528595,51.1464128528595,35,47834,"AJ Brown"
"6028",2023110510,289,17.4627416148147,24.4193007145807,23.3361959605376,26,47834,"AJ Brown"
"6029",2023110510,314,26.8994138779117,86.9091588890722,42.2531924578049,32,47834,"AJ Brown"
"6030",2023110510,393,18.8243933695989,27.7432164509471,17.9480235009045,21,47834,"AJ Brown"
"6031",2023110510,418,29.0255289956461,45.5277057121466,33.8713731515365,17,47834,"AJ Brown"
"6032",2023110510,443,13.4431290033171,18.354251020115,15.6307388374972,28,47834,"AJ Brown"
"6033",2023110510,1417,21.0160575855803,53.7797854665646,53.7797854665646,38,47834,"AJ Brown"
"6034",2023110510,2026,11.7055913136852,20.5992007669582,19.5074999321927,22,47834,"AJ Brown"
"6035",2023110510,2075,17.4988614120177,27.0365702907095,25.6006066987599,23,47834,"AJ Brown"
"6036",2023110510,2371,22.9169485939922,61.6409251865907,22.7059463199288,49,47834,"AJ Brown"
"6037",2023110510,2396,19.0820858642801,67.4548065655272,45.7792726227496,32,47834,"AJ Brown"
"6038",2023110510,2709,9.76674422899655,17.0199932595908,17.0199932595908,20,47834,"AJ Brown"
"6039",2023110510,2898,29.5696111765158,57.7037574549031,51.782498823338,43,47834,"AJ Brown"
"6040",2023110510,3016,0.224902183631452,2.32332706141791,2.32332706141791,24,47834,"AJ Brown"
"6041",2023110510,3522,5.27758829419227,10.6144684650248,10.6144684650248,19,47834,"AJ Brown"
"6042",2023110510,3913,14.6665933499252,25.6087043057605,25.6087043057605,27,47834,"AJ Brown"
"6043",2023112000,544,43.4200628770442,103.511549115568,101.057940753292,50,47834,"AJ Brown"
"6044",2023112000,705,7.6307052099675,18.6644683685512,17.6938750196474,26,47834,"AJ Brown"
"6045",2023112000,969,5.79424944805653,13.1793759439204,13.1793759439204,22,47834,"AJ Brown"
"6046",2023112000,1045,11.0970138233901,23.0694623803983,23.0694623803983,25,47834,"AJ Brown"
"6047",2023112000,1369,20.0280624148261,56.3026024257373,54.7817002507541,27,47834,"AJ Brown"
"6048",2023112000,1727,10.5613326660517,18.5147376303866,17.0568986504687,21,47834,"AJ Brown"
"6049",2023112000,2544,7.08940024751857,17.1880198122924,17.1880198122924,25,47834,"AJ Brown"
"6050",2023112000,2574,14.6264987446327,27.3866530174096,25.7238349559459,20,47834,"AJ Brown"
"6051",2023112000,2643,4.2752442816763,20.8309992539398,20.8309992539398,19,47834,"AJ Brown"
"6052",2023112000,2666,0,0,0,22,47834,"AJ Brown"
"6053",2023112000,3533,19.3213562351954,71.5179518374642,69.4546310257473,46,47834,"AJ Brown"
"6054",2023112000,3556,17.9066863496743,25.7157267492229,23.9610520526579,33,47834,"AJ Brown"
"6055",2023112000,3581,4.35024028054746,14.1546301458188,12.2493948749659,31,47834,"AJ Brown"
"6056",2023112609,687,7.75572471801584,27.2623255291796,27.2623255291796,21,47834,"AJ Brown"
"6057",2023112609,1348,15.631743912707,51.0689258289362,47.8679482287138,44,47834,"AJ Brown"
"6058",2023112609,1599,10.3300139541566,17.0760122838055,13.8147113122794,32,47834,"AJ Brown"
"6059",2023112609,1946,20.5141802793669,30.5389851360588,21.5932083373245,22,47834,"AJ Brown"
"6060",2023112609,2283,7.36847285473593,13.8332100712124,9.09769813563694,22,47834,"AJ Brown"
"6061",2023112609,2649,28.5379977963203,71.4786721310731,63.9209349513963,31,47834,"AJ Brown"
"6062",2023112609,3008,4.95850329038406,8.53966954889177,8.53966954889177,24,47834,"AJ Brown"
"6063",2023112609,3060,12.8947686650348,33.9126349176259,33.9126349176259,27,47834,"AJ Brown"
"6064",2023112609,3406,26.1704993386928,76.7717235526193,73.289111836087,39,47834,"AJ Brown"
"6065",2023112609,3545,17.4966755082457,38.3665437275499,33.1152035172165,29,47834,"AJ Brown"
"6066",2023112609,3968,19.5471211759617,38.3629309324654,32.1560369290812,36,47834,"AJ Brown"
"6067",2023112609,4311,24.2905426093289,56.5317780953978,45.5345992609917,39,47834,"AJ Brown"
"6068",2023112609,4336,12.2219797288138,21.6211371382295,20.8712773969531,20,47834,"AJ Brown"
"6069",2023112609,4366,12.7311726355543,32.0780794853384,32.0780794853384,25,47834,"AJ Brown"
"6070",2023112609,4391,18.5414452711659,32.632357829929,28.6058469082448,23,47834,"AJ Brown"
"6071",2023112609,4586,25.9691519317638,52.4361669699481,17.3319267436491,34,47834,"AJ Brown"
"6072",2023112609,5135,12.8488284443652,18.5575146273617,16.2582367570985,28,47834,"AJ Brown"
"6073",2023112609,5160,15.4688476543489,30.0160259065966,28.592335745948,22,47834,"AJ Brown"
"6074",2023112609,5183,29.3444002158523,78.5535712329141,53.8572278631497,32,47834,"AJ Brown"
"6075",2023112609,5235,12.803359593989,19.4627417263923,11.9909081028682,24,47834,"AJ Brown"
"6076",2023112609,5258,20.8612644137747,30.3226808997478,21.6835257915035,18,47834,"AJ Brown"
"6077",2023120309,55,4.52162443276824,10.8799839598169,2.31900005964501,54,47834,"AJ Brown"
"6078",2023120309,100,14.5922453953539,22.2203387781232,20.4486234725624,25,47834,"AJ Brown"
"6079",2023120309,147,15.4646598508565,19.9533658455146,15.8737003112982,25,47834,"AJ Brown"
"6080",2023120309,292,20.8769554224424,34.8740362329105,33.6766531658687,25,47834,"AJ Brown"
"6081",2023120309,528,6.09983750517719,13.4552041587993,13.4552041587993,21,47834,"AJ Brown"
"6082",2023120309,637,19.1900058571194,29.817112288842,27.029286484395,22,47834,"AJ Brown"
"6083",2023120309,667,9.37137323056881,19.5785675345714,18.7049711011255,25,47834,"AJ Brown"
"6084",2023120309,697,2.3121633361095,9.05273876758492,8.99249194115339,20,47834,"AJ Brown"
"6085",2023120309,1524,24.2591501604282,66.0952291026716,59.5991224140441,28,47834,"AJ Brown"
"6086",2023120309,1549,14.7130985134865,25.3762631197659,13.8592194829078,40,47834,"AJ Brown"
"6087",2023120309,2317,35.7566433259761,88.0842114026625,24.5744323574288,63,47834,"AJ Brown"
"6088",2023120309,2395,16.2016635057645,56.5444243060151,28.3497464524692,33,47834,"AJ Brown"
"6089",2023120309,2425,11.3475677183836,21.9456365110733,21.9456365110733,23,47834,"AJ Brown"
"6090",2023120309,2518,32.2441116810724,44.4062707543563,21.7921890118573,20,47834,"AJ Brown"
"6091",2023120309,2853,29.3762541032407,90.6023602577412,37.5334896608461,38,47834,"AJ Brown"
"6092",2023120309,3272,3.53080984294451,7.77528803926779,6.50578925139916,33,47834,"AJ Brown"
"6093",2023120309,3331,10.7218353313908,17.8069251753116,15.1168456692876,25,47834,"AJ Brown"
"6094",2023120309,3427,10.786468170087,16.7996636964303,16.793951967311,22,47834,"AJ Brown"
"6095",2023120309,3452,32.727475042239,74.7027659093158,40.5286669765209,49,47834,"AJ Brown"
"6096",2023120309,3477,2.37366464601346,9.36995727012068,6.10257785476389,41,47834,"AJ Brown"
"6097",2023120309,3507,5.37258243891499,10.2426318420534,2.52409511075898,49,47834,"AJ Brown"
"6098",2023120309,3537,16.2649164306482,29.916662994764,23.4909163521829,54,47834,"AJ Brown"
"6099",2023120309,3623,3.95182968036728,8.58339605608965,8.58339605608965,21,47834,"AJ Brown"
"6100",2023120309,3646,6.73420524230246,11.8900498785027,5.28457544058552,43,47834,"AJ Brown"
"6101",2023120309,3832,11.1791709085645,27.0428871589387,24.9491165932102,25,47834,"AJ Brown"
"6102",2023120309,3867,19.1925232070185,34.6757929909792,34.6757929909792,27,47834,"AJ Brown"
"6103",2023120309,3892,84.953162044604,188.636234689234,66.7055944430913,68,47834,"AJ Brown"
"6104",2023120309,4042,23.0358030918947,54.3502348468467,39.058043969435,41,47834,"AJ Brown"
"6105",2023121011,445,5.94920050776544,20.8472168024308,20.8472168024308,26,47834,"AJ Brown"
"6106",2023121011,539,21.4228208957587,31.3183238620088,31.3183238620088,22,47834,"AJ Brown"
"6107",2023121011,598,41.2401607713035,88.3164610308708,46.0379305966425,43,47834,"AJ Brown"
"6108",2023121011,1214,4.10608313786805,15.2654806283506,15.2654806283506,35,47834,"AJ Brown"
"6109",2023121011,1290,18.8555790964557,30.9918243450427,30.9918243450427,25,47834,"AJ Brown"
"6110",2023121011,1315,27.0788832326781,93.9182793248557,93.9182793248557,29,47834,"AJ Brown"
"6111",2023121011,1788,13.2151173140565,26.31520318866,25.8073788043062,29,47834,"AJ Brown"
"6112",2023121011,1884,13.3627422952841,32.5412794833479,32.5412794833479,25,47834,"AJ Brown"
"6113",2023121011,1909,5.46699106850545,13.8547887179718,13.8547887179718,26,47834,"AJ Brown"
"6114",2023121011,2395,27.2444317018023,64.6999714194435,41.367578552745,31,47834,"AJ Brown"
"6115",2023121011,2658,5.51549917212688,14.3959872266841,14.3959872266841,18,47834,"AJ Brown"
"6116",2023121011,2805,20.8352805591789,58.962382904734,51.3508673757992,35,47834,"AJ Brown"
"6117",2023121011,2857,19.9392816434688,31.6463611545452,16.805958547756,20,47834,"AJ Brown"
"6118",2023121011,3342,5.70844512798065,12.3974630688004,12.1934595894521,21,47834,"AJ Brown"
"6119",2023121011,3433,7.94113633663092,14.9760827659341,12.5851923766897,29,47834,"AJ Brown"
"6120",2023121011,3480,9.89360764596855,19.1497469006276,19.1497469006276,52,47834,"AJ Brown"
"6121",2023121011,3503,17.6223660326138,31.0584898490119,12.0319227180208,23,47834,"AJ Brown"
"6122",2023121011,3528,18.0989751378581,32.2357539207482,20.233186931341,24,47834,"AJ Brown"
"6123",2023121011,3918,0.609242934656365,6.26681024936316,6.17764467547724,21,47834,"AJ Brown"
"6124",2023121011,3951,15.9481383257703,28.7075449207519,27.5068371119071,26,47834,"AJ Brown"
"6125",2023121011,3976,14.011433619286,33.9259911892559,24.3299137805268,37,47834,"AJ Brown"
"6126",2023121011,4006,12.1226446375384,21.084941673757,12.1422319618251,20,47834,"AJ Brown"
"6127",2023121011,4111,5.9821868563872,9.56169891634104,6.0280376419031,22,47834,"AJ Brown"
"6128",2023121801,129,23.6968172284797,50.1921906451901,49.3671096614275,28,47834,"AJ Brown"
"6129",2023121801,209,18.5687938731041,25.4421488933196,17.9513113624974,20,47834,"AJ Brown"
"6130",2023121801,604,5.41304611338985,13.3860084114785,13.1147786192112,31,47834,"AJ Brown"
"6131",2023121801,651,0.540002914276931,11.6713595818779,11.6713595818779,23,47834,"AJ Brown"
"6132",2023121801,977,8.71420847948819,16.0475057715726,14.3880509704076,20,47834,"AJ Brown"
"6133",2023121801,1095,12.6378704280746,18.7053938650778,10.7764329042511,25,47834,"AJ Brown"
"6134",2023121801,1208,12.5058951335655,20.756823396766,20.756823396766,20,47834,"AJ Brown"
"6135",2023121801,1732,0.837622287324435,9.37572193865268,9.01113046070386,29,47834,"AJ Brown"
"6136",2023121801,1814,26.2947572278008,73.4755629049011,23.519767359629,30,47834,"AJ Brown"
"6137",2023121801,1999,15.6000130733568,29.1366305520799,29.1366305520799,28,47834,"AJ Brown"
"6138",2023121801,2386,-0.839272119238423,0,-3.57846808294277,20,47834,"AJ Brown"
"6139",2023121801,2416,11.4371036876037,78.1585646757473,78.1585646757473,26,47834,"AJ Brown"
"6140",2023121801,2546,24.1248070125352,88.7534967203177,88.7534967203177,26,47834,"AJ Brown"
"6141",2023121801,2596,13.0745975747027,20.8035859680171,12.6201182540339,25,47834,"AJ Brown"
"6142",2023121801,2621,3.98436759705143,11.073514724079,8.54991990531089,33,47834,"AJ Brown"
"6143",2023121801,2908,34.8832790676246,81.1424119490784,81.1424119490784,33,47834,"AJ Brown"
"6144",2023121801,3350,6.11449568930633,18.0066144735627,18.0066144735627,22,47834,"AJ Brown"
"6145",2023121801,3397,8.20692602168034,14.9142822712863,14.9142822712863,23,47834,"AJ Brown"
"6146",2023121801,3422,6.37926635868337,9.65179389787341,8.49129474432342,39,47834,"AJ Brown"
"6147",2023121801,4054,32.4926821432285,83.5204036986088,44.4937320289898,32,47834,"AJ Brown"
"6148",2023121801,4106,28.362797900619,66.8974035560376,43.8706127400045,36,47834,"AJ Brown"
"6149",2023122501,684,27.2481570039403,78.2754435068213,61.3001576491115,30,47834,"AJ Brown"
"6150",2023122501,709,13.8665439742031,46.47364317054,23.289215323436,34,47834,"AJ Brown"
"6151",2023122501,868,18.7649577091573,25.8065734701686,23.2583522167417,21,47834,"AJ Brown"
"6152",2023122501,893,8.66414167468835,22.4081684161629,16.9758939663222,25,47834,"AJ Brown"
"6153",2023122501,918,0.576324534424671,1.70462379639179,1.66998933513877,16,47834,"AJ Brown"
"6154",2023122501,941,23.9138989423777,45.3971137906657,41.6191720521014,44,47834,"AJ Brown"
"6155",2023122501,1078,25.3296764982646,30.1337434128926,26.9921284513681,19,47834,"AJ Brown"
"6156",2023122501,1299,10.6961204965216,19.506277072162,13.9479004558088,22,47834,"AJ Brown"
"6157",2023122501,1322,13.4562301352689,29.6797409438422,29.6797409438422,26,47834,"AJ Brown"
"6158",2023122501,1570,9.43270117391691,79.357075301195,79.357075301195,26,47834,"AJ Brown"
"6159",2023122501,1958,68.1722534138285,142.566520685035,104.839321106981,53,47834,"AJ Brown"
"6160",2023122501,1995,18.3370813390429,33.7360690165128,32.1594846558858,19,47834,"AJ Brown"
"6161",2023122501,2151,21.7326396821203,48.1038786648566,43.9817360008578,32,47834,"AJ Brown"
"6162",2023122501,2439,0.959975857264668,5.19091087412249,5.19091087412249,19,47834,"AJ Brown"
"6163",2023122501,2822,6.38128023724113,16.6429797409602,8.77732987973943,21,47834,"AJ Brown"
"6164",2023122501,2882,7.78234228229159,14.7460786084109,12.454173211632,27,47834,"AJ Brown"
"6165",2023122501,2973,25.7590061825668,81.5315783494706,81.5315783494706,39,47834,"AJ Brown"
"6166",2023122501,3025,12.8866504903464,21.5207475519978,10.8766214717127,28,47834,"AJ Brown"
"6167",2023122501,3050,19.0637588794365,52.2762339583786,52.2762339583786,46,47834,"AJ Brown"
"6168",2023122501,3115,13.6320246534048,21.681308183257,15.0915247331083,22,47834,"AJ Brown"
"6169",2023122501,3176,14.9861193658324,18.9596419325809,12.612361917,23,47834,"AJ Brown"
"6170",2023122501,3206,10.1600318499846,17.8005871894282,17.8005871894282,19,47834,"AJ Brown"
"6171",2023122501,3275,5.258116015787,16.1918518140176,15.7074364440429,24,47834,"AJ Brown"
"6172",2023122501,3364,10.3766218834589,24.671206536705,19.1597692661416,22,47834,"AJ Brown"
"6173",2023122501,3436,59.6124677322822,94.5775105478812,55.4138390853474,46,47834,"AJ Brown"
"6174",2023122501,3510,15.2647196510394,23.2223346063137,21.137150507609,20,47834,"AJ Brown"
"6175",2023122501,3784,22.3339664963295,37.324056180858,35.6766941150317,26,47834,"AJ Brown"
"6176",2023123108,100,10.6903157155415,14.4740372105351,14.4740372105351,37,47834,"AJ Brown"
"6177",2023123108,522,26.620599356728,89.8449546815068,89.8449546815068,42,47834,"AJ Brown"
"6178",2023123108,750,6.72085193795281,11.23697092346,11.23697092346,27,47834,"AJ Brown"
"6179",2023123108,1626,16.9299149443829,89.9169007043061,83.6161477957716,25,47834,"AJ Brown"
"6180",2023123108,1649,13.1857211383815,41.4929449681136,35.1996642733125,26,47834,"AJ Brown"
"6181",2023123108,1674,17.5219823758154,26.9673509659362,15.7764143589997,20,47834,"AJ Brown"
"6182",2023123108,1702,39.4554546954209,109.217901605748,109.217901605748,30,47834,"AJ Brown"
"6183",2023123108,1734,33.6132745338952,72.929508100403,41.8912963314767,33,47834,"AJ Brown"
"6184",2023123108,1764,10.0197145765116,15.4297561431182,15.4297561431182,21,47834,"AJ Brown"
"6185",2023123108,1789,20.112356565334,59.3124525098384,27.4286542198441,35,47834,"AJ Brown"
"6186",2023123108,2307,27.6347767731942,84.147432418136,84.147432418136,30,47834,"AJ Brown"
"6187",2023123108,2332,11.3791238319968,26.2587820882955,26.2587820882955,22,47834,"AJ Brown"
"6188",2023123108,2828,23.5525410537398,64.8867158592839,49.586358598771,40,47834,"AJ Brown"
"6189",2023123108,3381,13.318511952286,21.5519184924483,21.5519184924483,22,47834,"AJ Brown"
"6190",2023123108,3813,31.5209959446214,81.03595225484,81.03595225484,34,47834,"AJ Brown"
"6191",2023123108,3843,36.4292919657524,98.451337386512,98.451337386512,34,47834,"AJ Brown"
"6192",2023123108,3900,36.4661824161922,59.4197838112124,59.2662285434476,43,47834,"AJ Brown"
"6193",2024010711,167,8.68605634532306,21.112161411716,20.9111571970378,26,47834,"AJ Brown"
"6194",2024010711,559,4.91134568780961,21.0073647386889,21.0073647386889,22,47834,"AJ Brown"
"6195",2024010711,606,21.9115453247086,60.4637580842751,46.9605644750952,59,47834,"AJ Brown"
"6196",2024010711,629,14.7343302671586,20.6096889333539,20.6096889333539,28,47834,"AJ Brown"
"6197",2024010711,698,6.39346059562552,11.1460447271195,11.1460447271195,20,47834,"AJ Brown"
"6198",2023091012,439,18.6145926706811,29.354355861604,28.2718928800525,37,56042,"Puka Nacua"
"6199",2023091012,582,10.7786590904567,14.6248193038089,9.09760701396849,19,56042,"Puka Nacua"
"6200",2023091012,605,20.7552071215085,27.9036904960562,27.9036904960562,22,56042,"Puka Nacua"
"6201",2023091012,652,12.3679106937385,17.110421090532,12.4677837181769,26,56042,"Puka Nacua"
"6202",2023091012,677,33.5491310326972,67.2102245644422,62.5600241988706,25,56042,"Puka Nacua"
"6203",2023091012,783,8.90238914507464,17.3019804557852,15.9007596074813,15,56042,"Puka Nacua"
"6204",2023091012,1392,-5.38751226524817,1.40276150350777,1.40276150350777,17,56042,"Puka Nacua"
"6205",2023091012,1641,26.5460769868482,46.5707256012341,42.8335948743947,24,56042,"Puka Nacua"
"6206",2023091012,1666,21.1285558021638,67.2306411724161,67.2306411724161,33,56042,"Puka Nacua"
"6207",2023091012,1713,10.7560035589985,17.392303680124,17.392303680124,31,56042,"Puka Nacua"
"6208",2023091012,1956,29.903361856487,84.1482401234946,84.1482401234946,33,56042,"Puka Nacua"
"6209",2023091012,1979,19.3890094210787,30.5887561264594,22.2028102004449,21,56042,"Puka Nacua"
"6210",2023091012,2002,27.6935818224182,35.6399732196651,25.0881271633665,19,56042,"Puka Nacua"
"6211",2023091012,2034,19.0424170672831,34.7331411244514,34.7331411244514,30,56042,"Puka Nacua"
"6212",2023091012,2215,10.1537619686202,19.0924253366299,19.0924253366299,22,56042,"Puka Nacua"
"6213",2023091012,2240,14.7295490128114,47.3638055681001,39.8894437481002,41,56042,"Puka Nacua"
"6214",2023091012,2263,19.6739036590819,36.6642456350185,30.4863189009926,28,56042,"Puka Nacua"
"6215",2023091012,2335,8.29170628612834,12.6681534432341,9.53269146048324,29,56042,"Puka Nacua"
"6216",2023091012,2543,8.69425127393018,27.4466208816566,27.4466208816566,22,56042,"Puka Nacua"
"6217",2023091012,2602,22.8130820300626,35.5699804857366,23.3013984858922,22,56042,"Puka Nacua"
"6218",2023091012,2656,11.9075453278722,19.6279060087606,11.8485158112725,29,56042,"Puka Nacua"
"6219",2023091012,2725,19.529020542988,41.5939461365525,38.6333292124093,29,56042,"Puka Nacua"
"6220",2023091012,2956,5.95912746796157,15.024083163236,15.024083163236,27,56042,"Puka Nacua"
"6221",2023091012,3068,9.50243066966981,18.9485264159871,18.181417625816,32,56042,"Puka Nacua"
"6222",2023091012,3093,22.2110126213963,65.23775454544,65.23775454544,36,56042,"Puka Nacua"
"6223",2023091012,3140,16.8074337512569,62.0976041730523,60.4427392194604,33,56042,"Puka Nacua"
"6224",2023091012,3516,13.3678927718394,23.2364136275477,23.2364136275477,24,56042,"Puka Nacua"
"6225",2023091012,3541,15.3063370026792,48.7843578986376,40.9779502808925,29,56042,"Puka Nacua"
"6226",2023091012,3663,12.2162216559943,26.0803687324683,26.0803687324683,24,56042,"Puka Nacua"
"6227",2023091709,386,7.183098390231,14.1027726570299,13.3118344450813,16,56042,"Puka Nacua"
"6228",2023091709,438,1.95069928288114,11.4903217193776,11.4903217193776,23,56042,"Puka Nacua"
"6229",2023091709,468,4.51910734457542,30.5665699935073,30.5665699935073,38,56042,"Puka Nacua"
"6230",2023091709,493,0.600459706986004,0.729569576103016,0.702208880367226,10,56042,"Puka Nacua"
"6231",2023091709,583,21.2779718317887,74.9466279602459,74.9466279602459,30,56042,"Puka Nacua"
"6232",2023091709,975,6.10795941311829,12.1050332945977,11.9797811863155,23,56042,"Puka Nacua"
"6233",2023091709,998,16.2377409950396,38.4102423841147,38.4102423841147,26,56042,"Puka Nacua"
"6234",2023091709,1028,10.442089401455,29.5197874002909,29.5197874002909,25,56042,"Puka Nacua"
"6235",2023091709,1058,8.97586064857135,12.4405124770618,12.4405124770618,35,56042,"Puka Nacua"
"6236",2023091709,1083,0.130641747662631,7.42641218668603,7.42641218668603,26,56042,"Puka Nacua"
"6237",2023091709,1403,6.5608446498215,17.4093572984653,17.4093572984653,18,56042,"Puka Nacua"
"6238",2023091709,1524,15.2822467736899,30.2577826839572,26.8306042360947,33,56042,"Puka Nacua"
"6239",2023091709,1581,17.6759770998252,36.8380422471142,32.0446193850236,27,56042,"Puka Nacua"
"6240",2023091709,2085,3.211620643379,8.43358559115568,8.15813904508839,18,56042,"Puka Nacua"
"6241",2023091709,2159,6.82684021507839,14.4075342674114,11.9631408372197,22,56042,"Puka Nacua"
"6242",2023091709,2189,2.63942252198727,5.91297750550824,5.91297750550824,15,56042,"Puka Nacua"
"6243",2023091709,2244,16.0915308319323,41.68998257054,31.5223638037242,29,56042,"Puka Nacua"
"6244",2023091709,2477,27.4064226429639,108.252918716968,71.7653945396212,39,56042,"Puka Nacua"
"6245",2023091709,2534,11.2700150142105,17.296375187977,17.296375187977,26,56042,"Puka Nacua"
"6246",2023091709,2617,12.2015372674878,16.6760873005575,16.6760873005575,35,56042,"Puka Nacua"
"6247",2023091709,2642,20.0085978755313,48.3026378660402,41.2043773607524,30,56042,"Puka Nacua"
"6248",2023091709,2877,15.3311084762198,30.2895693330993,30.0812829711375,21,56042,"Puka Nacua"
"6249",2023091709,3182,6.75008292591193,14.9415090438726,13.9519653026023,17,56042,"Puka Nacua"
"6250",2023091709,3207,6.94081543933918,11.2613382565831,9.26574339467914,17,56042,"Puka Nacua"
"6251",2023091709,3232,7.55944194596754,30.5405276725877,25.2811195283234,35,56042,"Puka Nacua"
"6252",2023091709,3255,13.3417848375072,20.8146729906813,10.9771868012793,27,56042,"Puka Nacua"
"6253",2023091709,3278,21.9304427035931,36.9258247791986,26.8820575046604,20,56042,"Puka Nacua"
"6254",2023091709,3303,2.64590998147216,13.0085189760746,12.4929585353845,24,56042,"Puka Nacua"
"6255",2023091709,3480,7.51132314588842,9.4889857748265,9.4889857748265,18,56042,"Puka Nacua"
"6256",2023091709,3503,22.1804580770416,29.9526343073041,28.6009275843339,30,56042,"Puka Nacua"
"6257",2023091709,3736,12.2243586978256,19.9290679407217,19.3111557224382,26,56042,"Puka Nacua"
"6258",2023091709,3889,7.31158341958101,10.4303041461952,7.932357097415,17,56042,"Puka Nacua"
"6259",2023091709,3944,31.2696353426796,48.4808925312726,40.0607772932534,25,56042,"Puka Nacua"
"6260",2023091709,4189,12.0168253703589,16.710381232336,12.8092559286619,25,56042,"Puka Nacua"
"6261",2023091709,4212,11.1365909018603,16.6261257168003,16.6261257168003,18,56042,"Puka Nacua"
"6262",2023091709,4269,13.1950045464188,17.2910678683918,14.7315443585416,27,56042,"Puka Nacua"
"6263",2023091709,4294,29.9943800198748,57.0684921572266,56.7478613102298,40,56042,"Puka Nacua"
"6264",2023091709,4342,26.0179991494404,50.9308489222212,34.8423789169239,45,56042,"Puka Nacua"
"6265",2023091709,4372,15.9472628060039,20.3509013971211,13.8828371195684,29,56042,"Puka Nacua"
"6266",2023091709,4397,25.22835041128,32.6178129876858,26.8810224778686,20,56042,"Puka Nacua"
"6267",2023092501,282,6.53801262369453,15.4113002450105,15.4113002450105,24,56042,"Puka Nacua"
"6268",2023092501,336,9.55507191975106,14.2103075914218,11.1440063905773,29,56042,"Puka Nacua"
"6269",2023092501,459,28.2319744709987,42.0714720536516,42.0714720536516,41,56042,"Puka Nacua"
"6270",2023092501,699,16.4656135400827,33.9538869165297,27.0610389502419,28,56042,"Puka Nacua"
"6271",2023092501,724,11.5062467532069,18.2860575903199,12.5778521457222,28,56042,"Puka Nacua"
"6272",2023092501,1176,2.30850352138482,15.4112397074042,15.4112397074042,43,56042,"Puka Nacua"
"6273",2023092501,1210,1.74699918222817,4.18029389270814,4.16776498306624,21,56042,"Puka Nacua"
"6274",2023092501,1235,27.5363060224472,64.5929537180092,46.5053327225959,37,56042,"Puka Nacua"
"6275",2023092501,1265,11.4512613128177,21.173927220623,19.8393424971264,16,56042,"Puka Nacua"
"6276",2023092501,1310,11.9309536012113,19.3373277706748,18.3951051634093,26,56042,"Puka Nacua"
"6277",2023092501,1601,8.63973142369371,11.6566128858169,10.0571215455304,26,56042,"Puka Nacua"
"6278",2023092501,1773,10.9910791669246,26.6526965767741,25.0852928643949,28,56042,"Puka Nacua"
"6279",2023092501,2042,5.02630039480115,10.3949881353428,9.83531904642583,19,56042,"Puka Nacua"
"6280",2023092501,2335,0.680752138341715,7.95188282566396,7.95188282566396,22,56042,"Puka Nacua"
"6281",2023092501,2529,5.14381739711666,8.14608482925385,7.98801926518903,42,56042,"Puka Nacua"
"6282",2023092501,2910,15.5092042363252,30.583971632314,26.9595216569274,45,56042,"Puka Nacua"
"6283",2023092501,3175,1.13795327797095,7.06565481137877,7.06565481137877,16,56042,"Puka Nacua"
"6284",2023092501,3596,-8.65719731303195,-3.73339318025299,-3.73339318025299,29,56042,"Puka Nacua"
"6285",2023092501,3848,3.1106852140926,12.1175414493635,12.1175414493635,27,56042,"Puka Nacua"
"6286",2023092501,3871,12.1465543527967,22.7586433536904,22.7586433536904,25,56042,"Puka Nacua"
"6287",2023092501,4092,5.95669410494783,11.5735801119326,11.5735801119326,20,56042,"Puka Nacua"
"6288",2023092501,4117,16.3934389809276,33.8586918702365,29.7085798299357,30,56042,"Puka Nacua"
"6289",2023092501,4153,14.0298127365611,35.3185006128859,34.8930582084201,29,56042,"Puka Nacua"
"6290",2023092501,4176,13.3390137334447,19.840619072823,19.840619072823,27,56042,"Puka Nacua"
"6291",2023092501,4241,43.4999752044286,131.534176310487,131.534176310487,36,56042,"Puka Nacua"
"6292",2023092501,4318,4.82261836544663,6.44917237240625,4.12084174888964,16,56042,"Puka Nacua"
"6293",2023100106,55,11.1500294097157,21.9665546255083,21.7927307771364,27,56042,"Puka Nacua"
"6294",2023100106,102,20.8937129799977,52.5924071719304,23.1660387048114,43,56042,"Puka Nacua"
"6295",2023100106,158,2.9998410632193,10.6057283912907,9.51083210688855,26,56042,"Puka Nacua"
"6296",2023100106,233,9.98941970909016,16.5582240647726,16.5107556805439,24,56042,"Puka Nacua"
"6297",2023100106,952,7.36687615699286,18.8026588712327,18.8026588712327,25,56042,"Puka Nacua"
"6298",2023100106,2247,8.73364073652329,14.8114710465913,14.8114710465913,24,56042,"Puka Nacua"
"6299",2023100106,2337,31.0290382161213,113.358336272451,96.3499706162993,31,56042,"Puka Nacua"
"6300",2023100106,2639,20.8959335307627,46.7736917378931,42.5877860152822,33,56042,"Puka Nacua"
"6301",2023100106,2926,6.72837972990004,15.6201137338511,15.6201137338511,18,56042,"Puka Nacua"
"6302",2023100106,3110,11.6733829961638,13.6941289174955,10.3444942867028,24,56042,"Puka Nacua"
"6303",2023100106,3398,33.4434867488279,101.027453599393,52.1012308627101,37,56042,"Puka Nacua"
"6304",2023100106,3423,39.4142890508498,112.287757119989,89.4229687932613,26,56042,"Puka Nacua"
"6305",2023100106,3897,5.41961467275856,16.5660734523095,16.5660734523095,24,56042,"Puka Nacua"
"6306",2023100106,3927,3.39898458168714,13.177066195038,13.177066195038,25,56042,"Puka Nacua"
"6307",2023100106,4002,6.30774079426864,11.838761202631,11.838761202631,24,56042,"Puka Nacua"
"6308",2023100106,4187,12.0798784993391,14.7047095968343,14.5274257667453,33,56042,"Puka Nacua"
"6309",2023100106,4212,20.2447291445758,29.4696018305586,20.6051091308734,19,56042,"Puka Nacua"
"6310",2023100106,4237,27.0528748914568,98.1734271224714,53.9868315481867,31,56042,"Puka Nacua"
"6311",2023100106,4391,15.8817111144616,45.3770297686794,31.7062798078505,36,56042,"Puka Nacua"
"6312",2023100106,4438,12.5316763182388,17.2898354122401,16.1123158330309,49,56042,"Puka Nacua"
"6313",2023100106,4470,8.65261632976885,12.6402261959611,6.01843068094358,35,56042,"Puka Nacua"
"6314",2023100106,4565,14.7756856556285,51.6901587102253,51.6901587102253,26,56042,"Puka Nacua"
"6315",2023100808,392,0.573597441799685,4.15493642851299,3.74249538051734,17,56042,"Puka Nacua"
"6316",2023100808,415,8.37187123187739,13.8872861328402,13.8111345673866,19,56042,"Puka Nacua"
"6317",2023100808,440,10.4698391806131,14.1430824023421,13.4297468309588,18,56042,"Puka Nacua"
"6318",2023100808,465,9.63057680361186,21.2520520185919,21.2520520185919,25,56042,"Puka Nacua"
"6319",2023100808,490,6.84549069921496,11.040054998088,7.92150244319227,23,56042,"Puka Nacua"
"6320",2023100808,546,15.7839741959727,63.6910567002042,63.6910567002042,25,56042,"Puka Nacua"
"6321",2023100808,620,13.5998987384402,23.8628753106423,22.5793273983794,30,56042,"Puka Nacua"
"6322",2023100808,643,10.4907893976172,21.3290873058992,21.3290873058992,21,56042,"Puka Nacua"
"6323",2023100808,715,11.0471824160348,15.3693357832475,15.1298791226802,18,56042,"Puka Nacua"
"6324",2023100808,1125,1.47579793663256,5.93055883303907,5.93055883303907,23,56042,"Puka Nacua"
"6325",2023100808,1148,14.283152678047,18.8494585522897,15.9348359261373,29,56042,"Puka Nacua"
"6326",2023100808,1652,12.8654603520429,28.9947185491603,24.6283016728673,30,56042,"Puka Nacua"
"6327",2023100808,1741,15.4070792416237,25.3980234350747,25.3980234350747,21,56042,"Puka Nacua"
"6328",2023100808,2079,22.5463572213081,62.969487357592,20.6739223285794,38,56042,"Puka Nacua"
"6329",2023100808,2138,9.32855467731064,33.013141189261,33.013141189261,33,56042,"Puka Nacua"
"6330",2023100808,2499,7.68371079513672,13.3034169114432,11.9512418114579,23,56042,"Puka Nacua"
"6331",2023100808,2542,13.6976069593054,24.9188473594835,24.6846957903018,27,56042,"Puka Nacua"
"6332",2023100808,3173,-0.385385114980134,7.65689661372799,7.65689661372799,17,56042,"Puka Nacua"
"6333",2023100808,3242,5.98597749027345,13.873515912053,13.873515912053,22,56042,"Puka Nacua"
"6334",2023100808,3265,11.4280145635369,17.0028991754352,17.0028991754352,24,56042,"Puka Nacua"
"6335",2023100808,3290,7.95181736461536,12.5655243104968,12.5655243104968,29,56042,"Puka Nacua"
"6336",2023100808,3652,11.6666936852063,31.0656511889117,31.0656511889117,29,56042,"Puka Nacua"
"6337",2023100808,3687,19.3139351070918,26.4895575559532,26.4895575559532,27,56042,"Puka Nacua"
"6338",2023100808,3712,16.8991603366071,23.896376363769,22.3227554899037,31,56042,"Puka Nacua"
"6339",2023100808,4040,14.6956104512855,74.7150500041329,65.0426927228687,26,56042,"Puka Nacua"
"6340",2023100808,4063,10.2464227441317,22.0502681963926,21.455878632599,24,56042,"Puka Nacua"
"6341",2023100808,4108,18.3538293528277,35.9502907430776,28.8865896364781,37,56042,"Puka Nacua"
"6342",2023100808,4133,53.1557261342917,74.8659233365038,37.2672757629817,40,56042,"Puka Nacua"
"6343",2023101510,280,4.43302266594788,9.43141399639355,9.43141399639355,24,56042,"Puka Nacua"
"6344",2023101510,333,7.63926026441017,12.9005254233698,10.356961447247,19,56042,"Puka Nacua"
"6345",2023101510,708,4.47849705425705,9.60609785968628,9.60609785968628,17,56042,"Puka Nacua"
"6346",2023101510,733,4.99122950428506,11.0627604836267,11.0627604836267,26,56042,"Puka Nacua"
"6347",2023101510,804,10.0023836691352,13.6175281577299,11.7513283624874,21,56042,"Puka Nacua"
"6348",2023101510,827,11.253289204512,20.4297148420416,10.0725438478838,53,56042,"Puka Nacua"
"6349",2023101510,1218,-2.69395080082962,-0.72517048583183,-0.839998077606189,36,56042,"Puka Nacua"
"6350",2023101510,1533,17.6638194016159,35.821124733159,32.957997650818,27,56042,"Puka Nacua"
"6351",2023101510,1984,17.473869012792,49.658558476045,41.2321990569282,30,56042,"Puka Nacua"
"6352",2023101510,2032,23.3951846543827,54.9116928250162,46.3744474465267,32,56042,"Puka Nacua"
"6353",2023101510,2381,9.77387768790646,15.7692554636225,15.7692554636225,21,56042,"Puka Nacua"
"6354",2023101510,2590,4.58543784191288,14.0757592963581,13.3077157739988,20,56042,"Puka Nacua"
"6355",2023101510,2644,6.32855562562675,45.2382352013903,45.2382352013903,33,56042,"Puka Nacua"
"6356",2023101510,2764,12.1862894432445,16.2648562504711,15.185826685813,20,56042,"Puka Nacua"
"6357",2023101510,3056,10.4452627035078,15.6873641902884,10.5253455674139,21,56042,"Puka Nacua"
"6358",2023101510,3101,13.1681855530309,19.0644773010984,15.2723999326668,26,56042,"Puka Nacua"
"6359",2023101510,3126,16.6938648319003,39.4854186815619,29.0252652547041,32,56042,"Puka Nacua"
"6360",2023101510,3213,8.31968567408135,15.4564124685713,15.2982604196678,21,56042,"Puka Nacua"
"6361",2023102206,148,7.02360243200207,18.2271211132055,18.2271211132055,20,56042,"Puka Nacua"
"6362",2023102206,227,6.57549881100994,8.82696992186906,8.82696992186906,20,56042,"Puka Nacua"
"6363",2023102206,524,0.899993262156377,10.4435151380657,10.4435151380657,22,56042,"Puka Nacua"
"6364",2023102206,598,-1.82691113917593,7.99023916535985,7.99023916535985,26,56042,"Puka Nacua"
"6365",2023102206,673,7.80684302148246,15.8652030175907,15.8652030175907,22,56042,"Puka Nacua"
"6366",2023102206,1059,19.0748291067891,40.6806583349351,26.4734994809466,33,56042,"Puka Nacua"
"6367",2023102206,1184,30.0028435551533,66.3418667656732,66.3418667656732,31,56042,"Puka Nacua"
"6368",2023102206,1443,19.268657883128,34.4710295412896,31.558035716654,34,56042,"Puka Nacua"
"6369",2023102206,1517,9.78031598695516,14.0654550748068,13.1200807803586,24,56042,"Puka Nacua"
"6370",2023102206,1786,5.49116650910256,12.407432770752,12.407432770752,30,56042,"Puka Nacua"
"6371",2023102206,1889,8.6666540466251,13.1623954043619,13.1623954043619,26,56042,"Puka Nacua"
"6372",2023102206,1919,47.8716486137407,124.358483951907,89.0166206909386,50,56042,"Puka Nacua"
"6373",2023102206,2048,6.83783882086646,10.4869625415234,7.52232351707665,27,56042,"Puka Nacua"
"6374",2023102206,2266,9.94616146235034,58.4997266868748,58.3510400545345,31,56042,"Puka Nacua"
"6375",2023102206,2364,10.3840353714537,15.646434126866,15.646434126866,27,56042,"Puka Nacua"
"6376",2023102206,2387,14.5608969807813,29.4555798923633,29.4555798923633,29,56042,"Puka Nacua"
"6377",2023102206,2699,18.5220630868695,33.2717081134591,26.4417717257973,29,56042,"Puka Nacua"
"6378",2023102206,2748,6.30164227008456,10.7092769083707,10.7092769083707,22,56042,"Puka Nacua"
"6379",2023102206,2895,9.23087013162242,18.8720258138211,18.8720258138211,25,56042,"Puka Nacua"
"6380",2023102206,2918,8.48815319221985,11.5976258981323,9.29328134219302,37,56042,"Puka Nacua"
"6381",2023102206,3198,10.1975859298243,21.4565941742189,21.4565941742189,25,56042,"Puka Nacua"
"6382",2023102206,3684,35.7892140488514,63.6521778551774,52.0803925573766,44,56042,"Puka Nacua"
"6383",2023102901,422,4.21973909406003,12.1583327807564,11.0406683963737,25,56042,"Puka Nacua"
"6384",2023102901,469,16.6385963849932,26.4594775519425,26.4594775519425,25,56042,"Puka Nacua"
"6385",2023102901,497,20.1256919254409,74.8242748597848,74.8242748597848,38,56042,"Puka Nacua"
"6386",2023102901,544,6.41228626817289,11.2020837821567,10.2840572806488,20,56042,"Puka Nacua"
"6387",2023102901,861,3.03695095072394,14.3693192829634,14.3693192829634,23,56042,"Puka Nacua"
"6388",2023102901,1172,8.49689808202637,17.880980315384,17.8217243874928,17,56042,"Puka Nacua"
"6389",2023102901,1197,7.38355160888269,10.557229838204,10.1270535224361,29,56042,"Puka Nacua"
"6390",2023102901,1499,18.1541532086112,45.7513627456885,37.8934006473704,38,56042,"Puka Nacua"
"6391",2023102901,1872,1.93542973730799,9.02133115162569,9.02133115162569,19,56042,"Puka Nacua"
"6392",2023102901,1897,6.48858372032745,15.2162868694559,15.2162868694559,30,56042,"Puka Nacua"
"6393",2023102901,1973,3.8707576639082,8.25977624202919,6.91982590160358,25,56042,"Puka Nacua"
"6394",2023102901,2044,34.6178876129802,72.7484772863317,72.7484772863317,32,56042,"Puka Nacua"
"6395",2023102901,2069,21.980458262495,60.6924288934362,60.4587927246498,34,56042,"Puka Nacua"
"6396",2023102901,2214,11.1461704080285,16.3148911589601,16.3148911589601,21,56042,"Puka Nacua"
"6397",2023102901,2459,-0.0694875428952968,6.68614449515558,6.68614449515558,33,56042,"Puka Nacua"
"6398",2023102901,3120,5.3069168396361,12.2941360896566,12.2941360896566,27,56042,"Puka Nacua"
"6399",2023102901,3188,19.7057870707786,63.920579252832,61.2080902083001,29,56042,"Puka Nacua"
"6400",2023102901,3456,7.15748794352985,13.2104572663161,13.2104572663161,23,56042,"Puka Nacua"
"6401",2023102901,3658,0.0408725219664049,5.50779066724366,5.50779066724366,29,56042,"Puka Nacua"
"6402",2023102901,3683,6.44425776599284,20.2659405782768,20.2659405782768,24,56042,"Puka Nacua"
"6403",2023110504,101,11.3435960914891,16.150300803964,13.5134069426266,22,56042,"Puka Nacua"
"6404",2023110504,1020,11.734671356742,19.3681857251868,19.3681857251868,28,56042,"Puka Nacua"
"6405",2023110504,1597,20.1808845486046,55.4194569614467,55.4194569614467,27,56042,"Puka Nacua"
"6406",2023110504,1692,9.37870462437349,15.6149545892184,9.90804407977308,25,56042,"Puka Nacua"
"6407",2023110504,1746,10.4357131002353,20.7046646421538,20.7046646421538,23,56042,"Puka Nacua"
"6408",2023110504,1788,13.4558032393867,50.8064537343772,50.8064537343772,26,56042,"Puka Nacua"
"6409",2023110504,2472,23.979881973081,57.1616465225082,50.1953208958331,31,56042,"Puka Nacua"
"6410",2023110504,3049,2.81484359609742,15.3488214766026,15.3488214766026,19,56042,"Puka Nacua"
"6411",2023110504,3079,4.36641193507444,9.70636218228051,9.70636218228051,42,56042,"Puka Nacua"
"6412",2023110504,3102,11.2491415586569,42.9986534559018,42.9986534559018,29,56042,"Puka Nacua"
"6413",2023110504,3150,5.94444629962941,13.3890306192047,10.3020501275655,23,56042,"Puka Nacua"
"6414",2023110504,3173,29.3274296637966,76.605470056913,36.9650953788489,41,56042,"Puka Nacua"
"6415",2023110504,3364,10.7489713279942,28.8495194054202,24.2281771102558,31,56042,"Puka Nacua"
"6416",2023110504,3596,1.021546650269,8.58198991109904,8.49069550996169,20,56042,"Puka Nacua"
"6417",2023110504,3619,19.3983584602666,67.2757545193482,54.2788158188253,31,56042,"Puka Nacua"
"6418",2023110504,3940,6.6785499968338,14.0308237697183,13.961445886645,22,56042,"Puka Nacua"
"6419",2023110504,3970,11.5626497727786,19.8262816816337,19.8262816816337,22,56042,"Puka Nacua"
"6420",2023110504,3995,12.8711426921638,41.0590606949102,31.0304860012808,31,56042,"Puka Nacua"
"6421",2023110504,4025,34.4590373794486,76.530082275558,76.530082275558,34,56042,"Puka Nacua"
"6422",2023110504,4073,33.2754759879793,138.625049431433,138.625049431433,30,56042,"Puka Nacua"
"6423",2023111910,741,18.9830190378247,34.3297240177333,31.6825176014364,28,56042,"Puka Nacua"
"6424",2023111910,866,16.2776939931151,24.8881187580234,24.7315751268846,29,56042,"Puka Nacua"
"6425",2023111910,1418,6.33700871857017,12.3436111606782,12.2561613499831,20,56042,"Puka Nacua"
"6426",2023111910,1722,4.47805150138986,12.6025519114491,12.6025519114491,26,56042,"Puka Nacua"
"6427",2023111910,1806,15.8052933813092,49.7805694782047,49.7805694782047,37,56042,"Puka Nacua"
"6428",2023111910,1865,8.36057044500371,17.1689186226837,16.1714589030426,23,56042,"Puka Nacua"
"6429",2023111910,1890,22.8473324725911,32.1749421184789,26.4406045654291,22,56042,"Puka Nacua"
"6430",2023111910,2532,25.6357436570504,83.4968306903684,63.5130838397684,48,56042,"Puka Nacua"
"6431",2023111910,2607,32.2437505883072,62.0029147616452,47.3457040456772,42,56042,"Puka Nacua"
"6432",2023111910,2883,6.5059782382766,13.980775797617,7.05668813219522,26,56042,"Puka Nacua"
"6433",2023111910,2906,8.75208716084967,15.9627375140702,14.1439341727353,33,56042,"Puka Nacua"
"6434",2023111910,3110,10.4270101937406,27.1560680528993,27.1560680528993,28,56042,"Puka Nacua"
"6435",2023111910,3146,-1.72375074389114,-0.119728533440456,-2.33894381057623,51,56042,"Puka Nacua"
"6436",2023111910,3280,19.7984130386649,46.0322843284874,40.604219545052,35,56042,"Puka Nacua"
"6437",2023111910,3453,11.7740779775938,22.5337253726727,21.076472891706,29,56042,"Puka Nacua"
"6438",2023111910,3721,21.2164854443363,56.4694377017687,56.4022798683041,49,56042,"Puka Nacua"
"6439",2023111910,3746,7.85069296602085,18.477535994103,18.1142088898393,23,56042,"Puka Nacua"
"6440",2023111910,3916,25.6057597237009,43.1284272566822,24.2548092780294,27,56042,"Puka Nacua"
"6441",2023111910,4050,12.7591652194475,20.2564626755247,20.2564626755247,20,56042,"Puka Nacua"
"6442",2023112606,55,-0.720973529822234,3.82871322504731,2.35213412865867,24,56042,"Puka Nacua"
"6443",2023112606,100,14.8515835160879,25.9588729426647,25.9588729426647,27,56042,"Puka Nacua"
"6444",2023112606,147,4.88230910558882,13.7161192702745,13.7161192702745,38,56042,"Puka Nacua"
"6445",2023112606,217,-0.0306977096501788,4.36890238006038,4.36890238006038,17,56042,"Puka Nacua"
"6446",2023112606,247,12.1218085885387,21.2108975564051,21.2108975564051,27,56042,"Puka Nacua"
"6447",2023112606,767,6.40396771955196,13.7944413265794,12.2898921852488,24,56042,"Puka Nacua"
"6448",2023112606,797,18.0332497652068,54.3453955163664,54.3453955163664,37,56042,"Puka Nacua"
"6449",2023112606,822,7.22380046093921,12.7559760551819,9.14949200413318,27,56042,"Puka Nacua"
"6450",2023112606,1097,5.29922097431767,17.2705026581507,17.2705026581507,23,56042,"Puka Nacua"
"6451",2023112606,1127,-0.914441101174201,-0.0114199261558147,-0.0114199261558147,18,56042,"Puka Nacua"
"6452",2023112606,1174,8.70392356353804,14.7940087541814,13.3991569022154,23,56042,"Puka Nacua"
"6453",2023112606,1226,9.64547059649028,14.1460909327438,14.1460909327438,29,56042,"Puka Nacua"
"6454",2023112606,1735,5.38478230183053,12.8836735959708,12.8836735959708,17,56042,"Puka Nacua"
"6455",2023112606,1765,4.68264772299324,14.1485798129484,14.1485798129484,17,56042,"Puka Nacua"
"6456",2023112606,1795,29.1247602678965,73.3972104436685,65.257548374693,34,56042,"Puka Nacua"
"6457",2023112606,2016,24.5866824450765,55.9135359285604,55.9135359285604,29,56042,"Puka Nacua"
"6458",2023112606,2046,14.6444059218632,19.696021711586,14.2801376126222,24,56042,"Puka Nacua"
"6459",2023112606,2733,10.6771577712157,15.6267124659889,14.3522073997665,23,56042,"Puka Nacua"
"6460",2023112606,2982,15.0333367060696,45.0877396214269,39.4774331791311,32,56042,"Puka Nacua"
"6461",2023112606,3012,8.59108713298693,12.7553043389765,12.7553043389765,29,56042,"Puka Nacua"
"6462",2023112606,3086,16.5067854571801,24.5740244257741,19.3765339989772,29,56042,"Puka Nacua"
"6463",2023112606,3155,4.4087619256866,8.46918456743043,6.47977525208479,21,56042,"Puka Nacua"
"6464",2023112606,3315,13.254173032281,21.9234742613404,17.1963336748202,24,56042,"Puka Nacua"
"6465",2023112606,3529,10.8872211091277,22.4250134675899,16.7515684557476,21,56042,"Puka Nacua"
"6466",2023120308,363,9.01317719567242,22.6229206027393,19.9319929925149,18,56042,"Puka Nacua"
"6467",2023120308,453,6.73507920896798,12.5877592988462,12.5877592988462,18,56042,"Puka Nacua"
"6468",2023120308,483,7.37979304166407,11.9563515185702,11.625053754661,21,56042,"Puka Nacua"
"6469",2023120308,649,-0.186950440425375,2.12951229420328,2.07410265400064,14,56042,"Puka Nacua"
"6470",2023120308,686,8.35746008964613,15.3203006212023,15.1625980190508,22,56042,"Puka Nacua"
"6471",2023120308,929,7.52250296367642,14.291204759604,14.291204759604,37,56042,"Puka Nacua"
"6472",2023120308,1032,2.33404037770047,17.4451272209537,17.4451272209537,25,56042,"Puka Nacua"
"6473",2023120308,1090,9.59246841642434,13.4840670424747,13.3613816105048,17,56042,"Puka Nacua"
"6474",2023120308,1522,7.72787693158496,16.7013627188066,16.7013627188066,25,56042,"Puka Nacua"
"6475",2023120308,2564,9.06483536484478,12.9838056730182,12.9838056730182,22,56042,"Puka Nacua"
"6476",2023120308,2594,10.1728872600786,17.9030698139409,17.9030698139409,26,56042,"Puka Nacua"
"6477",2023120308,3144,21.1533811941407,64.6258467194767,35.4905160962495,33,56042,"Puka Nacua"
"6478",2023120308,3271,5.17366726929592,10.7018227300671,10.7018227300671,21,56042,"Puka Nacua"
"6479",2023120308,3333,13.2654439588017,50.7975979265703,50.7975979265703,30,56042,"Puka Nacua"
"6480",2023120308,3385,6.94815698298602,8.72892898267172,7.15929250002127,34,56042,"Puka Nacua"
"6481",2023120308,3889,3.86437697977129,7.46810368022537,7.46810368022537,27,56042,"Puka Nacua"
"6482",2023120308,3923,19.1216361528371,28.4142462464468,28.3581111798111,23,56042,"Puka Nacua"
"6483",2023120308,4104,6.0891965742429,15.2556406501087,15.2556406501087,17,56042,"Puka Nacua"
"6484",2023121001,435,6.50861254533186,18.8459597539895,18.8459597539895,24,56042,"Puka Nacua"
"6485",2023121001,481,11.1612997021146,20.7213619626988,20.7213619626988,26,56042,"Puka Nacua"
"6486",2023121001,690,6.69470706192909,17.3555195009071,17.2828460869576,21,56042,"Puka Nacua"
"6487",2023121001,745,15.2078230532866,26.7822116819849,21.2722210863325,27,56042,"Puka Nacua"
"6488",2023121001,996,4.4702924149751,10.8552417166593,10.8552417166593,24,56042,"Puka Nacua"
"6489",2023121001,1138,15.3377359013346,21.5085647218696,12.4262289764623,20,56042,"Puka Nacua"
"6490",2023121001,1390,6.6856864366717,12.4099197215033,11.9045953311289,31,56042,"Puka Nacua"
"6491",2023121001,1533,9.48800977064006,25.6823349927136,25.6823349927136,27,56042,"Puka Nacua"
"6492",2023121001,1563,-4.54706631483071,0,-3.79693258983068,37,56042,"Puka Nacua"
"6493",2023121001,1870,11.6054980968481,17.3571154540715,14.8460358802761,26,56042,"Puka Nacua"
"6494",2023121001,1895,-1.46553614288822,1.69601900812151,-3.26293151396465,21,56042,"Puka Nacua"
"6495",2023121001,2419,3.54802227743677,9.13557764777414,9.13557764777414,28,56042,"Puka Nacua"
"6496",2023121001,2447,11.68808447394,57.5833200361034,57.229081776337,30,56042,"Puka Nacua"
"6497",2023121001,2881,10.8253238580129,17.0997994541171,17.0997994541171,28,56042,"Puka Nacua"
"6498",2023121001,3075,8.01191146189936,12.4713939436798,10.8747428030418,19,56042,"Puka Nacua"
"6499",2023121001,3100,6.21476481977757,10.6303784968545,10.3075379150731,25,56042,"Puka Nacua"
"6500",2023121001,3568,6.72705911100325,29.1699662075503,28.7076542809279,31,56042,"Puka Nacua"
"6501",2023121001,3613,6.3753228869636,9.93895088466271,9.93895088466271,33,56042,"Puka Nacua"
"6502",2023121001,3820,19.6750058103764,33.0445467406139,30.9022613344778,23,56042,"Puka Nacua"
"6503",2023121001,3845,7.81620275926022,30.7073478037162,30.7073478037162,33,56042,"Puka Nacua"
"6504",2023121001,3944,9.83768682913765,18.9623340486578,6.68542528629967,40,56042,"Puka Nacua"
"6505",2023121001,4466,9.25065129377338,23.6682915965271,23.6682915965271,31,56042,"Puka Nacua"
"6506",2023121001,4496,5.37402684440045,10.0564180865732,5.78184351144996,34,56042,"Puka Nacua"
"6507",2023121001,4521,14.3645699783008,25.4599915984499,5.52830618203622,34,56042,"Puka Nacua"
"6508",2023121001,4590,15.3899158495318,21.4842369805388,20.3925167886317,26,56042,"Puka Nacua"
"6509",2023121001,4859,9.94985893700247,22.0660423951215,19.9614206852287,33,56042,"Puka Nacua"
"6510",2023121001,4906,12.2927764693986,17.9374436676023,15.650988415744,24,56042,"Puka Nacua"
"6511",2023121705,174,0.296343137168849,0.465982388368323,0.465982388368323,9,56042,"Puka Nacua"
"6512",2023121705,221,37.749838913506,116.840705339657,116.840705339657,37,56042,"Puka Nacua"
"6513",2023121705,273,23.7145721537657,90.5652825322428,55.3962340809404,33,56042,"Puka Nacua"
"6514",2023121705,853,10.6884260609153,40.6070834029054,40.1257689314814,27,56042,"Puka Nacua"
"6515",2023121705,903,30.6959060776758,124.893173806595,124.893173806595,29,56042,"Puka Nacua"
"6516",2023121705,975,5.52468040501111,8.60286438064884,6.75911509728748,37,56042,"Puka Nacua"
"6517",2023121705,1027,7.42814174840882,11.3558489481823,9.60459955588782,31,56042,"Puka Nacua"
"6518",2023121705,1311,13.8688965916412,17.1101310536177,12.202377845635,27,56042,"Puka Nacua"
"6519",2023121705,1407,12.0493151881646,24.9506060778704,24.4897819380459,31,56042,"Puka Nacua"
"6520",2023121705,1737,-0.687046133988755,2.31947663549333,2.31947663549333,28,56042,"Puka Nacua"
"6521",2023121705,1796,6.3010203354794,10.6868050458649,10.5879720553924,17,56042,"Puka Nacua"
"6522",2023121705,2573,12.641948768543,40.8735836532073,34.0266868262556,43,56042,"Puka Nacua"
"6523",2023121705,2843,23.5082882229933,77.2094674964844,77.2094674964844,34,56042,"Puka Nacua"
"6524",2023121705,2868,13.1243786101456,18.6165157373137,9.49785645932275,27,56042,"Puka Nacua"
"6525",2023121705,2994,11.3337504186646,16.4137284736247,11.1203438087196,22,56042,"Puka Nacua"
"6526",2023121705,3172,-5.04910617774304,0,-13.9063248982776,24,56042,"Puka Nacua"
"6527",2023121705,3217,10.7233231731068,18.6942286853259,18.2183738498505,21,56042,"Puka Nacua"
"6528",2023121705,3269,12.015890515058,22.7668835630175,22.5634672407557,24,56042,"Puka Nacua"
"6529",2023121705,3520,4.28963223915886,8.49037054057393,8.49037054057393,16,56042,"Puka Nacua"
"6530",2023121705,3550,10.2395624570263,21.0597107446073,21.0597107446073,24,56042,"Puka Nacua"
"6531",2023122100,300,1.37788322199973,3.54153349923186,3.24680845411221,16,56042,"Puka Nacua"
"6532",2023122100,357,16.8737880964971,76.0935930728263,76.0935930728263,32,56042,"Puka Nacua"
"6533",2023122100,380,7.76579663483399,21.6655282966986,21.6655282966986,30,56042,"Puka Nacua"
"6534",2023122100,437,3.21853421497658,5.9442167955837,5.9442167955837,25,56042,"Puka Nacua"
"6535",2023122100,467,0.873239425517866,6.73604316897217,6.73604316897217,26,56042,"Puka Nacua"
"6536",2023122100,680,11.8014035275421,14.8848784103403,10.2291193529569,18,56042,"Puka Nacua"
"6537",2023122100,978,11.5063988234874,37.401953086319,37.401953086319,33,56042,"Puka Nacua"
"6538",2023122100,1032,6.09510940306113,13.2151329935546,13.2151329935546,20,56042,"Puka Nacua"
"6539",2023122100,1402,12.2862755900454,23.5996970155724,23.5996970155724,59,56042,"Puka Nacua"
"6540",2023122100,1450,9.34884751931155,20.7179345936667,10.7359028792169,33,56042,"Puka Nacua"
"6541",2023122100,1497,4.85414959222813,14.0801057644836,14.0801057644836,39,56042,"Puka Nacua"
"6542",2023122100,1527,7.59818144807549,15.6737791008564,15.6737791008564,24,56042,"Puka Nacua"
"6543",2023122100,1688,4.03382243532474,11.5293519186558,11.5293519186558,17,56042,"Puka Nacua"
"6544",2023122100,1713,4.51048954100969,13.2069281037127,12.5217561064915,29,56042,"Puka Nacua"
"6545",2023122100,1920,35.5031365326485,79.2149514508594,77.7022076909103,70,56042,"Puka Nacua"
"6546",2023122100,1945,5.27207293078474,10.0098863834876,10.0098863834876,25,56042,"Puka Nacua"
"6547",2023122100,1982,13.7382327397636,23.1501885834604,23.1501885834604,22,56042,"Puka Nacua"
"6548",2023122100,2036,13.4525579236959,23.8484108252641,23.8484108252641,24,56042,"Puka Nacua"
"6549",2023122100,2182,7.6596419708706,34.4635051310471,28.6688082715311,33,56042,"Puka Nacua"
"6550",2023122100,2207,0.183800196833971,3.12429446158113,3.12429446158113,16,56042,"Puka Nacua"
"6551",2023122100,2262,4.91271521516124,31.6892870688412,31.6892870688412,28,56042,"Puka Nacua"
"6552",2023122100,2292,13.3285634875182,29.9124878549255,29.9124878549255,20,56042,"Puka Nacua"
"6553",2023122100,2632,0.918374810835581,3.36520563523605,2.415293682767,23,56042,"Puka Nacua"
"6554",2023122100,3013,25.5265573206814,89.0520972439075,61.6534085769431,30,56042,"Puka Nacua"
"6555",2023122100,3107,7.74363414833429,27.1124339740337,27.1124339740337,29,56042,"Puka Nacua"
"6556",2023122100,3168,-3.76092673646398,0,-3.74049159756624,31,56042,"Puka Nacua"
"6557",2023122100,3191,22.9874483017581,46.5618111197766,46.485619440964,30,56042,"Puka Nacua"
"6558",2023122100,3643,6.05017631547442,23.5798082426464,23.5798082426464,32,56042,"Puka Nacua"
"6559",2023123107,56,2.27342323704355,9.1203141775145,8.89461992923012,18,56042,"Puka Nacua"
"6560",2023123107,86,3.79588914985556,9.04546703489172,9.04546703489172,16,56042,"Puka Nacua"
"6561",2023123107,111,1.24508058661576,9.4990487333764,9.43625573381348,23,56042,"Puka Nacua"
"6562",2023123107,141,7.14676301475391,14.9435423604364,13.1118899865573,30,56042,"Puka Nacua"
"6563",2023123107,210,2.90677240318688,6.42674825681203,6.40369102840157,20,56042,"Puka Nacua"
"6564",2023123107,262,8.00989172776189,13.057839317267,13.057839317267,24,56042,"Puka Nacua"
"6565",2023123107,346,19.8102862393896,33.404458436355,17.7698491827781,18,56042,"Puka Nacua"
"6566",2023123107,371,11.5756632254124,21.783961155821,11.5215537576102,23,56042,"Puka Nacua"
"6567",2023123107,562,6.37842919211705,17.8180816030382,17.8180816030382,34,56042,"Puka Nacua"
"6568",2023123107,587,11.9583828332979,23.8136206823426,23.8136206823426,18,56042,"Puka Nacua"
"6569",2023123107,643,4.64746606870837,13.1246193261917,10.9815909784713,22,56042,"Puka Nacua"
"6570",2023123107,1162,6.4817638618001,15.2275708897467,12.8135984920507,21,56042,"Puka Nacua"
"6571",2023123107,1207,21.2410574741827,57.3770132727268,57.3770132727268,37,56042,"Puka Nacua"
"6572",2023123107,1239,9.95437364553635,19.2451114833643,19.0076800909254,24,56042,"Puka Nacua"
"6573",2023123107,1417,6.41358945472626,10.7215970827801,10.7215970827801,19,56042,"Puka Nacua"
"6574",2023123107,1464,8.76986411359529,14.0748503368419,14.0748503368419,23,56042,"Puka Nacua"
"6575",2023123107,1618,16.1791280938766,24.1108166138553,22.0844852960279,31,56042,"Puka Nacua"
"6576",2023123107,1668,12.9281016697417,26.4728362926328,26.3535524451767,27,56042,"Puka Nacua"
"6577",2023123107,1757,0.895229061933907,2.41716238872086,2.41716238872086,16,56042,"Puka Nacua"
"6578",2023123107,1780,7.984627332068,11.648051041786,10.1798948395715,18,56042,"Puka Nacua"
"6579",2023123107,1956,3.58966786019432,5.51572003671146,5.51572003671146,18,56042,"Puka Nacua"
"6580",2023123107,2363,0.767106240544348,3.0862791803782,2.83493809229974,18,56042,"Puka Nacua"
"6581",2023123107,2400,10.9914711270494,16.275947219773,13.4675881918728,20,56042,"Puka Nacua"
"6582",2023123107,2423,15.1612573326656,21.779650402062,15.0122950399449,18,56042,"Puka Nacua"
"6583",2023123107,2677,8.31996561173183,12.2464942650576,10.2244749036451,22,56042,"Puka Nacua"
"6584",2023123107,2909,6.66924016315844,18.3945160295876,18.0503346763681,16,56042,"Puka Nacua"
"6585",2023123107,2956,5.29252184244017,8.23436081167366,4.743885470964,26,56042,"Puka Nacua"
"6586",2023123107,3330,-5.70202740539911,-0.8230009046184,-0.8230009046184,32,56042,"Puka Nacua"
"6587",2023123107,3696,5.59699314495774,12.7639497379858,12.7639497379858,41,56042,"Puka Nacua"
"6588",2023123107,3719,7.63824630603093,14.1264049521716,14.1264049521716,22,56042,"Puka Nacua"
"6589",2024010710,401,5.28661824233714,11.2933182220373,11.2933182220373,20,56042,"Puka Nacua"
"6590",2024010710,431,6.73535966087634,12.1096423561329,12.1096423561329,22,56042,"Puka Nacua"
"6591",2024010710,544,11.1357233035403,22.1342003992334,21.614176068263,25,56042,"Puka Nacua"
"6592",2024010710,569,1.17098135587794,5.7823337658947,5.7823337658947,30,56042,"Puka Nacua"
"6593",2024010710,614,8.24772284397501,17.6978192085732,17.6978192085732,25,56042,"Puka Nacua"
"6594",2024010710,1426,3.8337746167337,6.60087387630091,6.47257443849152,15,56042,"Puka Nacua"
"6595",2024010710,1507,4.099730576399,6.7730888198936,6.3794454074297,16,56042,"Puka Nacua"
"6596",2024010710,1532,10.7883439905763,18.0905679320645,17.2745114075797,19,56042,"Puka Nacua"
"6597",2024010710,1596,6.94079464235129,11.3555913637409,6.94162600841658,24,56042,"Puka Nacua"
"6598",2024010710,1963,7.95679067113152,10.4787466406143,10.4787466406143,19,56042,"Puka Nacua"
"6599",2024010710,2182,3.75525915094931,8.22789806872969,6.47968977245555,18,56042,"Puka Nacua"
"6600",2023090700,101,9.22001864086855,17.174046366319,16.8829730771196,26,53541,"Amon-Ra St Brown"
"6601",2023090700,361,18.8036814712166,36.6507251719824,25.2986577426808,51,53541,"Amon-Ra St Brown"
"6602",2023090700,436,10.3070152145012,16.5265756933235,15.7994228917507,20,53541,"Amon-Ra St Brown"
"6603",2023090700,461,13.7993895505469,26.6598357747233,24.4727437738561,23,53541,"Amon-Ra St Brown"
"6604",2023090700,530,1.57018602817179,7.86414933958989,7.52249425066495,20,53541,"Amon-Ra St Brown"
"6605",2023090700,621,10.7480092904303,17.8888940020945,16.5700691597766,29,53541,"Amon-Ra St Brown"
"6606",2023090700,1069,15.6654092585669,75.966878154954,75.966878154954,31,53541,"Amon-Ra St Brown"
"6607",2023090700,1154,34.2746214362899,68.5182069504393,50.8994194688352,33,53541,"Amon-Ra St Brown"
"6608",2023090700,1201,16.1429462273852,25.7595881596972,25.6335636881057,19,53541,"Amon-Ra St Brown"
"6609",2023090700,1300,10.6811836465202,18.112885342292,14.1173281268001,19,53541,"Amon-Ra St Brown"
"6610",2023090700,1494,15.5804576731386,25.2970984361755,22.8187860388392,30,53541,"Amon-Ra St Brown"
"6611",2023090700,1812,13.0433854134705,20.7031810789512,20.7031810789512,22,53541,"Amon-Ra St Brown"
"6612",2023090700,1837,20.9120523619514,54.2228279206826,54.2228279206826,27,53541,"Amon-Ra St Brown"
"6613",2023090700,1869,12.450373323842,20.8813190273159,20.8813190273159,28,53541,"Amon-Ra St Brown"
"6614",2023090700,1940,21.4928716886829,44.8223858487587,44.8223858487587,39,53541,"Amon-Ra St Brown"
"6615",2023090700,2186,-1.75972556430083,0,-1.64037042760324,16,53541,"Amon-Ra St Brown"
"6616",2023090700,2261,1.44684343721398,7.90863405440296,7.90863405440296,28,53541,"Amon-Ra St Brown"
"6617",2023090700,2613,14.5043586033868,68.9417006109455,54.7704733920184,35,53541,"Amon-Ra St Brown"
"6618",2023090700,2638,29.1236947590436,125.577145681046,125.577145681046,40,53541,"Amon-Ra St Brown"
"6619",2023090700,3032,3.24286142967294,12.6849058983571,12.3510554271243,20,53541,"Amon-Ra St Brown"
"6620",2023090700,3089,6.31597853726063,12.000635646981,12.000635646981,29,53541,"Amon-Ra St Brown"
"6621",2023090700,3114,7.86974296131484,22.7580510882464,20.7218099675648,32,53541,"Amon-Ra St Brown"
"6622",2023090700,3461,38.8910324815217,161.487144742908,161.487144742908,31,53541,"Amon-Ra St Brown"
"6623",2023090700,3486,29.9954432906145,91.7461356843492,91.7461356843492,34,53541,"Amon-Ra St Brown"
"6624",2023090700,3566,18.8989788010629,50.8844664632422,30.1851602552132,38,53541,"Amon-Ra St Brown"
"6625",2023091703,530,8.68269233552859,22.5938835312113,16.7307531325374,51,53541,"Amon-Ra St Brown"
"6626",2023091703,582,8.51738333625428,18.7419372801628,18.7419372801628,24,53541,"Amon-Ra St Brown"
"6627",2023091703,629,4.71300440558215,15.314047058699,15.314047058699,27,53541,"Amon-Ra St Brown"
"6628",2023091703,665,10.6094252509664,77.2933110865882,77.2933110865882,27,53541,"Amon-Ra St Brown"
"6629",2023091703,913,50.4611545386295,126.74037030336,124.824787465958,44,53541,"Amon-Ra St Brown"
"6630",2023091703,980,8.7392232577133,15.6405808276372,15.6405808276372,20,53541,"Amon-Ra St Brown"
"6631",2023091703,1008,18.9984260161801,22.608831650617,21.4574924986832,25,53541,"Amon-Ra St Brown"
"6632",2023091703,1062,18.255757959422,28.67091198084,28.67091198084,28,53541,"Amon-Ra St Brown"
"6633",2023091703,1131,33.6650439766189,58.3355951292899,58.3355951292899,38,53541,"Amon-Ra St Brown"
"6634",2023091703,1183,9.43079330456934,15.2049853798096,15.2049853798096,34,53541,"Amon-Ra St Brown"
"6635",2023091703,1393,13.8300476054348,21.5952634357116,18.3831273016525,25,53541,"Amon-Ra St Brown"
"6636",2023091703,1496,9.03461945902878,40.2823624087471,40.2823624087471,36,53541,"Amon-Ra St Brown"
"6637",2023091703,1771,7.21532760247896,16.0994643092359,16.0994643092359,24,53541,"Amon-Ra St Brown"
"6638",2023091703,2062,29.9738272441766,70.6214395377461,70.6214395377461,31,53541,"Amon-Ra St Brown"
"6639",2023091703,2268,13.7823870942559,66.4053583534245,66.4053583534245,27,53541,"Amon-Ra St Brown"
"6640",2023091703,2397,10.0351106562971,17.6881650470105,17.6881650470105,29,53541,"Amon-Ra St Brown"
"6641",2023091703,2498,15.9018929735195,23.6767984636456,21.4680865046165,30,53541,"Amon-Ra St Brown"
"6642",2023091703,2960,3.66530254589884,8.15073404432319,7.18872880506269,20,53541,"Amon-Ra St Brown"
"6643",2023091703,3017,7.20306894033502,13.7898756401737,13.7898756401737,24,53541,"Amon-Ra St Brown"
"6644",2023091703,3069,20.1541481405879,115.107809857438,115.107809857438,36,53541,"Amon-Ra St Brown"
"6645",2023091703,3544,12.4817361878663,21.7380047433242,17.2155016188199,25,53541,"Amon-Ra St Brown"
"6646",2023091703,4077,7.59747185238327,12.8456626720206,12.5983769026403,25,53541,"Amon-Ra St Brown"
"6647",2023091703,4124,10.8306665341854,18.6289274459707,18.6289274459707,29,53541,"Amon-Ra St Brown"
"6648",2023091703,4149,12.4080923583461,22.9032711086873,21.401261928684,21,53541,"Amon-Ra St Brown"
"6649",2023091703,4179,10.9034777129514,22.5624208876199,22.4423541005447,25,53541,"Amon-Ra St Brown"
"6650",2023092402,215,3.55858636507316,7.40076663891881,7.28920363373541,29,53541,"Amon-Ra St Brown"
"6651",2023092402,470,5.39587596462703,10.8145464086847,10.4156557318637,24,53541,"Amon-Ra St Brown"
"6652",2023092402,540,12.0073040719237,31.5257312784155,30.7852022662583,27,53541,"Amon-Ra St Brown"
"6653",2023092402,565,6.3631945397958,9.73937316048113,8.4422201732827,22,53541,"Amon-Ra St Brown"
"6654",2023092402,612,14.2005925792189,18.6746145078711,16.5428565938889,29,53541,"Amon-Ra St Brown"
"6655",2023092402,728,8.82993387319942,13.5797321634483,11.6719133046967,22,53541,"Amon-Ra St Brown"
"6656",2023092402,1078,14.6363209655568,51.6759588675634,18.8070901833522,41,53541,"Amon-Ra St Brown"
"6657",2023092402,1123,7.7413737807843,24.5412521337561,24.5412521337561,22,53541,"Amon-Ra St Brown"
"6658",2023092402,1200,1.81482103614664,9.88708792781565,9.88708792781565,38,53541,"Amon-Ra St Brown"
"6659",2023092402,1418,8.5581663145165,12.065801143102,7.82573246967718,28,53541,"Amon-Ra St Brown"
"6660",2023092402,1443,12.9276451091291,18.6181984473976,9.54616448890265,41,53541,"Amon-Ra St Brown"
"6661",2023092402,1468,8.80861490780178,12.4320967780428,9.27632804840077,24,53541,"Amon-Ra St Brown"
"6662",2023092402,1515,7.19276709955954,19.3367555596569,13.4930103189777,33,53541,"Amon-Ra St Brown"
"6663",2023092402,1713,15.5537698076918,18.6507015782708,14.1096971157848,26,53541,"Amon-Ra St Brown"
"6664",2023092402,1909,17.1860618900599,61.2533214223512,55.8764964615405,31,53541,"Amon-Ra St Brown"
"6665",2023092402,1964,18.7000056470082,49.3264799542352,49.3264799542352,33,53541,"Amon-Ra St Brown"
"6666",2023092402,1987,38.5778865000897,84.6877631904723,83.1779611086298,37,53541,"Amon-Ra St Brown"
"6667",2023092402,2184,4.22262189053371,14.5972657534124,14.5972657534124,23,53541,"Amon-Ra St Brown"
"6668",2023092402,2209,13.3674424462675,21.2289055476226,17.8630543417253,35,53541,"Amon-Ra St Brown"
"6669",2023092402,2545,2.41543353224629,7.7813106716132,7.7813106716132,15,53541,"Amon-Ra St Brown"
"6670",2023092402,2634,12.6927101180037,15.7765728403934,13.7072297706428,23,53541,"Amon-Ra St Brown"
"6671",2023092402,2901,7.54345100004841,12.0860747191013,11.9800214244182,21,53541,"Amon-Ra St Brown"
"6672",2023092402,2926,9.44736962495476,17.7343252205256,17.7343252205256,26,53541,"Amon-Ra St Brown"
"6673",2023092402,2951,10.5707247849596,14.9280432581831,14.9280432581831,26,53541,"Amon-Ra St Brown"
"6674",2023092402,3188,11.2908782739471,17.3762153000791,6.02801545162554,35,53541,"Amon-Ra St Brown"
"6675",2023092402,3211,11.6092355651972,29.2030660043913,28.8806217232067,35,53541,"Amon-Ra St Brown"
"6676",2023092402,3383,12.4309763207903,32.2565436180503,32.2565436180503,30,53541,"Amon-Ra St Brown"
"6677",2023092402,3509,20.9531427287906,27.7431184921922,21.8636551721089,27,53541,"Amon-Ra St Brown"
"6678",2023092800,78,16.180126341846,30.9894992039172,28.9422426000239,23,53541,"Amon-Ra St Brown"
"6679",2023092800,103,18.688339190131,33.7565817430644,33.7565817430644,31,53541,"Amon-Ra St Brown"
"6680",2023092800,322,4.82294782450595,9.65742124896038,6.02697254000379,25,53541,"Amon-Ra St Brown"
"6681",2023092800,369,11.1600390936088,19.5042219828319,11.6900218888868,28,53541,"Amon-Ra St Brown"
"6682",2023092800,394,4.19519215860528,19.5554507912237,19.5554507912237,32,53541,"Amon-Ra St Brown"
"6683",2023092800,596,18.3987523769526,57.7114082826815,57.7114082826815,35,53541,"Amon-Ra St Brown"
"6684",2023092800,648,7.84291329768995,14.7459967804265,7.29127992209038,25,53541,"Amon-Ra St Brown"
"6685",2023092800,916,0.818197968050101,14.5936730096683,14.5936730096683,21,53541,"Amon-Ra St Brown"
"6686",2023092800,1015,4.32463188147761,9.04147837095602,8.83866320363593,18,53541,"Amon-Ra St Brown"
"6687",2023092800,1072,14.32220068506,22.2977655713076,15.9612576415647,34,53541,"Amon-Ra St Brown"
"6688",2023092800,1359,8.8895708271257,22.4006973823759,21.622762228501,24,53541,"Amon-Ra St Brown"
"6689",2023092800,1446,14.9250313068275,25.8182510559783,17.4317778264179,29,53541,"Amon-Ra St Brown"
"6690",2023092800,1493,20.8060371663432,33.5043533492908,26.2957057556635,23,53541,"Amon-Ra St Brown"
"6691",2023092800,1748,9.50749571483453,18.2840944875947,18.2840944875947,22,53541,"Amon-Ra St Brown"
"6692",2023092800,1818,12.7350461212613,18.8875745235541,9.84004485743624,29,53541,"Amon-Ra St Brown"
"6693",2023092800,1841,19.2724323962095,39.1211539909329,37.3485283963421,21,53541,"Amon-Ra St Brown"
"6694",2023092800,1866,22.0905272993354,52.5697739848802,52.5697739848802,60,53541,"Amon-Ra St Brown"
"6695",2023092800,2652,7.03848986547093,12.4308034780991,10.4863515147253,19,53541,"Amon-Ra St Brown"
"6696",2023092800,2677,33.4364835016374,42.0408989091704,30.6198661360422,31,53541,"Amon-Ra St Brown"
"6697",2023092800,2889,5.89654910561682,16.8519229402507,16.8519229402507,19,53541,"Amon-Ra St Brown"
"6698",2023092800,3234,19.648099393932,71.7697422267037,71.7697422267037,30,53541,"Amon-Ra St Brown"
"6699",2023092800,3325,4.8814901253332,11.8545533536118,11.6299765337465,37,53541,"Amon-Ra St Brown"
"6700",2023092800,4178,16.0843517884762,25.7254136671956,15.3507537353344,26,53541,"Amon-Ra St Brown"
"6701",2023101508,243,2.40093795418986,8.99696442809457,8.99696442809457,28,53541,"Amon-Ra St Brown"
"6702",2023101508,320,5.870076687682,14.1318290358627,14.1318290358627,25,53541,"Amon-Ra St Brown"
"6703",2023101508,397,0.943902718721494,10.1832301313395,10.1832301313395,19,53541,"Amon-Ra St Brown"
"6704",2023101508,731,7.98100595980293,26.0922794168434,26.0922794168434,28,53541,"Amon-Ra St Brown"
"6705",2023101508,756,15.7853463331959,24.7427096982217,24.7427096982217,21,53541,"Amon-Ra St Brown"
"6706",2023101508,828,2.82590852906862,8.00847620598071,8.00847620598071,24,53541,"Amon-Ra St Brown"
"6707",2023101508,1056,2.23640655112331,10.3908066465996,7.53455575847036,21,53541,"Amon-Ra St Brown"
"6708",2023101508,1108,2.11061757346301,7.41186454406439,5.82156545216004,19,53541,"Amon-Ra St Brown"
"6709",2023101508,1505,15.5460172604527,25.8467150801885,25.8467150801885,25,53541,"Amon-Ra St Brown"
"6710",2023101508,1652,20.4636223305254,41.1420292451735,40.3473371467138,21,53541,"Amon-Ra St Brown"
"6711",2023101508,1843,9.42377970061901,14.6796414607707,4.88408719213406,33,53541,"Amon-Ra St Brown"
"6712",2023101508,1873,9.16400828828155,49.2576019531852,49.2576019531852,24,53541,"Amon-Ra St Brown"
"6713",2023101508,1896,21.7109269773272,64.154690172903,64.154690172903,31,53541,"Amon-Ra St Brown"
"6714",2023101508,1921,19.3473417610399,69.7932558782069,65.0082360766108,29,53541,"Amon-Ra St Brown"
"6715",2023101508,2036,15.708774810947,37.7948766164066,37.7948766164066,25,53541,"Amon-Ra St Brown"
"6716",2023101508,2086,11.9532764142437,58.3755842911181,58.3755842911181,29,53541,"Amon-Ra St Brown"
"6717",2023101508,2178,27.957549223092,46.4208208526866,14.3545365105311,32,53541,"Amon-Ra St Brown"
"6718",2023101508,2466,13.7588290210784,23.8655268604087,23.8655268604087,23,53541,"Amon-Ra St Brown"
"6719",2023101508,2491,15.1856691978059,27.8804130734916,11.7084045026869,29,53541,"Amon-Ra St Brown"
"6720",2023101508,2598,21.2532408178115,45.1697604007886,45.1697604007886,33,53541,"Amon-Ra St Brown"
"6721",2023101508,2648,9.17643493099628,14.7918856577833,14.7918856577833,21,53541,"Amon-Ra St Brown"
"6722",2023101508,2671,16.6944366620714,59.7841906295368,56.5738908586989,38,53541,"Amon-Ra St Brown"
"6723",2023101508,2989,28.8927891885905,91.9768647521109,87.8577940898945,33,53541,"Amon-Ra St Brown"
"6724",2023101508,3014,9.55452110954475,20.0621011008445,20.0621011008445,37,53541,"Amon-Ra St Brown"
"6725",2023101508,3039,-1.97157480639187,-1.69360239429766,-1.8268427030891,20,53541,"Amon-Ra St Brown"
"6726",2023101508,3064,-1.50617317766924,3.05389950232696,3.05389950232696,28,53541,"Amon-Ra St Brown"
"6727",2023101508,3335,4.83360374170058,13.7755061239068,13.7755061239068,22,53541,"Amon-Ra St Brown"
"6728",2023101508,3365,6.13036846093527,14.3353044042453,14.3353044042453,24,53541,"Amon-Ra St Brown"
"6729",2023101508,3412,7.72224883207686,14.1973331987385,9.77394296114249,27,53541,"Amon-Ra St Brown"
"6730",2023101508,3437,25.8777234605631,65.0284948136218,57.0373116629453,39,53541,"Amon-Ra St Brown"
"6731",2023101508,3484,10.0619295313804,26.5601555057473,26.5601555057473,32,53541,"Amon-Ra St Brown"
"6732",2023102200,291,4.73776572459778,15.9983662061767,15.9983662061767,26,53541,"Amon-Ra St Brown"
"6733",2023102200,754,-0.459909792541815,4.29078954924503,4.29078954924503,17,53541,"Amon-Ra St Brown"
"6734",2023102200,801,5.08732659038079,8.87599525062424,8.46127154779748,24,53541,"Amon-Ra St Brown"
"6735",2023102200,1198,21.5969173893435,47.9899826185369,47.9899826185369,31,53541,"Amon-Ra St Brown"
"6736",2023102200,1478,10.7269068772161,21.8798139863067,21.2064628446971,30,53541,"Amon-Ra St Brown"
"6737",2023102200,1523,8.87330063623719,11.9796504691362,9.8269879638245,21,53541,"Amon-Ra St Brown"
"6738",2023102200,1546,14.6299002144773,25.1198986004254,24.3589052891263,28,53541,"Amon-Ra St Brown"
"6739",2023102200,1576,11.7027759347384,49.8237600771697,49.8237600771697,34,53541,"Amon-Ra St Brown"
"6740",2023102200,1785,11.1382573321323,54.3909044640888,54.3909044640888,30,53541,"Amon-Ra St Brown"
"6741",2023102200,1810,6.38736511471553,19.9197730424926,19.9197730424926,22,53541,"Amon-Ra St Brown"
"6742",2023102200,1874,6.37827557742114,17.6001772305642,17.6001772305642,23,53541,"Amon-Ra St Brown"
"6743",2023102200,1904,13.8504762858403,27.9986123042908,27.9986123042908,36,53541,"Amon-Ra St Brown"
"6744",2023102200,1927,6.49884960676384,9.61911172146687,6.16737713027049,25,53541,"Amon-Ra St Brown"
"6745",2023102200,2027,15.4394193239164,20.905157931078,20.7462923980024,24,53541,"Amon-Ra St Brown"
"6746",2023102200,2241,1.89289279100963,5.9823843476111,5.9823843476111,31,53541,"Amon-Ra St Brown"
"6747",2023102200,2343,9.56474837713366,28.5433367729408,28.5433367729408,30,53541,"Amon-Ra St Brown"
"6748",2023102200,2420,14.6122715938146,23.0820261455679,15.7664962168149,36,53541,"Amon-Ra St Brown"
"6749",2023102200,2466,17.7428489141221,25.1743723969614,25.1743723969614,28,53541,"Amon-Ra St Brown"
"6750",2023102200,2639,8.99157321057375,18.7005052742098,14.4690668778698,31,53541,"Amon-Ra St Brown"
"6751",2023102200,2671,17.3126905779523,87.7511366164803,87.7511366164803,31,53541,"Amon-Ra St Brown"
"6752",2023102200,2786,17.052880972059,25.9301738473227,22.7025411416371,28,53541,"Amon-Ra St Brown"
"6753",2023102200,2970,-5.16017735903799,-3.00112580689395,-3.33179930420415,23,53541,"Amon-Ra St Brown"
"6754",2023102200,3022,-0.0558120146676807,3.53223188208534,3.53223188208534,16,53541,"Amon-Ra St Brown"
"6755",2023102200,3047,18.1203645086937,61.0147272605135,38.2038909864634,32,53541,"Amon-Ra St Brown"
"6756",2023102200,3116,33.166759428929,56.3185157366199,51.4127036855787,34,53541,"Amon-Ra St Brown"
"6757",2023102200,3152,12.3551309875044,26.0379074207372,26.0379074207372,29,53541,"Amon-Ra St Brown"
"6758",2023102200,3498,-5.3766485844184,3.64107072672886,3.64107072672886,29,53541,"Amon-Ra St Brown"
"6759",2023102200,3523,23.3938063078924,64.1952009793106,62.5110186746742,33,53541,"Amon-Ra St Brown"
"6760",2023102200,3553,11.4531912255771,18.9668914668525,18.9668914668525,22,53541,"Amon-Ra St Brown"
"6761",2023102200,3583,8.54191023490303,18.0723744031001,17.1043272340505,28,53541,"Amon-Ra St Brown"
"6762",2023102200,3608,11.0311274237972,19.9764988533422,19.9764988533422,30,53541,"Amon-Ra St Brown"
"6763",2023102200,3658,6.8056111783227,12.122062937398,8.65123871001052,21,53541,"Amon-Ra St Brown"
"6764",2023102200,3683,6.80208157131556,16.5581648176471,4.85178278404198,44,53541,"Amon-Ra St Brown"
"6765",2023102200,3708,15.4833740763143,21.1938365342374,21.1938365342374,22,53541,"Amon-Ra St Brown"
"6766",2023102200,3761,5.96423438741839,8.55763564398,7.47785586669002,20,53541,"Amon-Ra St Brown"
"6767",2023102200,3784,9.25889452792449,11.3923428714685,10.5451771191405,25,53541,"Amon-Ra St Brown"
"6768",2023102200,3807,20.0483316113682,41.3193136491506,38.9354910502405,30,53541,"Amon-Ra St Brown"
"6769",2023102200,3950,16.4038425236918,82.8693078598249,82.8693078598249,29,53541,"Amon-Ra St Brown"
"6770",2023102200,3980,26.4862117363109,89.6045742137595,65.116987163098,30,53541,"Amon-Ra St Brown"
"6771",2023102200,4003,21.6191426165713,29.4816577091064,29.2597501316847,28,53541,"Amon-Ra St Brown"
"6772",2023102200,4028,14.2908453123266,26.383990771563,26.383990771563,20,53541,"Amon-Ra St Brown"
"6773",2023102200,4053,13.4628368957867,51.1057845453058,51.1057845453058,31,53541,"Amon-Ra St Brown"
"6774",2023103000,109,4.17833851655385,12.6392570372042,12.6392570372042,15,53541,"Amon-Ra St Brown"
"6775",2023103000,213,10.0267797347375,14.8471507707266,14.0613765784212,23,53541,"Amon-Ra St Brown"
"6776",2023103000,238,16.309713353398,28.9035329026648,27.4492679747842,15,53541,"Amon-Ra St Brown"
"6777",2023103000,358,7.00453472857298,12.724333745504,12.6891997326642,28,53541,"Amon-Ra St Brown"
"6778",2023103000,586,46.254979503934,101.763854581798,100.351543117811,36,53541,"Amon-Ra St Brown"
"6779",2023103000,654,19.46742126472,72.1371602404337,72.1371602404337,26,53541,"Amon-Ra St Brown"
"6780",2023103000,888,12.1402208203661,20.8381679968415,13.7407271036864,22,53541,"Amon-Ra St Brown"
"6781",2023103000,957,3.52869666652983,8.97612727846144,8.97612727846144,18,53541,"Amon-Ra St Brown"
"6782",2023103000,980,23.7638617057361,106.512436361353,106.512436361353,30,53541,"Amon-Ra St Brown"
"6783",2023103000,1287,15.2396356613041,53.7459707190169,53.7459707190169,29,53541,"Amon-Ra St Brown"
"6784",2023103000,1357,41.8956700278328,105.38324111005,97.1327357335813,43,53541,"Amon-Ra St Brown"
"6785",2023103000,1398,3.92932904670108,15.9636214906606,15.9636214906606,19,53541,"Amon-Ra St Brown"
"6786",2023103000,1829,8.45981852482765,13.3804870875848,13.2294705882956,24,53541,"Amon-Ra St Brown"
"6787",2023103000,1949,18.4805396808715,33.8851835868893,8.68854658273826,35,53541,"Amon-Ra St Brown"
"6788",2023103000,2003,12.0306516104656,18.508802146653,18.508802146653,22,53541,"Amon-Ra St Brown"
"6789",2023103000,2038,17.3534591686421,29.3605528203358,8.35548282207992,30,53541,"Amon-Ra St Brown"
"6790",2023103000,2070,16.6812404246004,21.6961208752085,21.1455727364931,19,53541,"Amon-Ra St Brown"
"6791",2023103000,2388,8.4069843553131,15.4069958855321,9.5842263203929,37,53541,"Amon-Ra St Brown"
"6792",2023103000,2454,19.2827685787225,66.5049842185844,66.5049842185844,30,53541,"Amon-Ra St Brown"
"6793",2023103000,2506,6.6312048104595,11.9225947194323,4.39411795844164,33,53541,"Amon-Ra St Brown"
"6794",2023103000,2551,9.46130762560612,16.2283623031224,15.4162423975856,24,53541,"Amon-Ra St Brown"
"6795",2023103000,2642,15.4741681988391,38.0590553643936,32.6320882345369,30,53541,"Amon-Ra St Brown"
"6796",2023103000,3212,31.9944375627209,88.0419834746287,88.0419834746287,28,53541,"Amon-Ra St Brown"
"6797",2023103000,3447,18.1684362257315,30.4898403445311,16.8087987966188,25,53541,"Amon-Ra St Brown"
"6798",2023103000,3835,25.9840763585085,52.2250532799462,41.8024726749981,26,53541,"Amon-Ra St Brown"
"6799",2023111208,151,8.17901331855821,35.219384801612,35.219384801612,29,53541,"Amon-Ra St Brown"
"6800",2023111208,203,42.155125913218,147.560721115123,147.560721115123,35,53541,"Amon-Ra St Brown"
"6801",2023111208,287,16.1487247733736,25.5258729839769,25.5258729839769,24,53541,"Amon-Ra St Brown"
"6802",2023111208,593,-0.932439644736745,0.0567508482331872,-0.976400169290621,26,53541,"Amon-Ra St Brown"
"6803",2023111208,838,5.49425260681431,23.4949862694664,23.4949862694664,24,53541,"Amon-Ra St Brown"
"6804",2023111208,861,1.23004725050855,1.54824229759292,1.50848885329779,23,53541,"Amon-Ra St Brown"
"6805",2023111208,938,7.05857542882754,21.8763635492008,21.5319062048324,33,53541,"Amon-Ra St Brown"
"6806",2023111208,1049,13.235965793286,25.2121019341548,25.0273591659708,26,53541,"Amon-Ra St Brown"
"6807",2023111208,1315,29.9877116119512,59.3836080325095,57.2818343287982,44,53541,"Amon-Ra St Brown"
"6808",2023111208,1362,10.0732876554628,16.3120667188448,15.4610317399251,27,53541,"Amon-Ra St Brown"
"6809",2023111208,1431,6.02394778206419,14.4931529936882,14.4931529936882,17,53541,"Amon-Ra St Brown"
"6810",2023111208,2236,4.73835321553743,9.21379028513695,7.43804560711015,56,53541,"Amon-Ra St Brown"
"6811",2023111208,2259,11.1790073600114,16.5588462254881,10.9038123631988,24,53541,"Amon-Ra St Brown"
"6812",2023111208,2282,15.0611861291072,26.6138339303048,15.9438387181922,27,53541,"Amon-Ra St Brown"
"6813",2023111208,2340,26.6408174054953,77.0767280174554,63.7843654783758,33,53541,"Amon-Ra St Brown"
"6814",2023111208,2392,12.2826731599092,17.5857364380603,10.7256120711507,23,53541,"Amon-Ra St Brown"
"6815",2023111208,2830,14.0455005902223,24.2665838737141,24.2665838737141,28,53541,"Amon-Ra St Brown"
"6816",2023111208,2900,14.2186421832927,26.2446135361234,26.2446135361234,23,53541,"Amon-Ra St Brown"
"6817",2023111208,3547,10.2082290991307,43.0667830076216,43.0667830076216,26,53541,"Amon-Ra St Brown"
"6818",2023111208,3594,10.6043164882785,17.57053085793,17.57053085793,23,53541,"Amon-Ra St Brown"
"6819",2023111208,3619,10.5849797295072,15.8707540400636,13.8275570534224,25,53541,"Amon-Ra St Brown"
"6820",2023111208,3977,19.2169889047116,45.7719509716687,44.7264733223693,27,53541,"Amon-Ra St Brown"
"6821",2023111208,4056,18.1214549514496,22.8412457264048,21.3328235613809,24,53541,"Amon-Ra St Brown"
"6822",2023111208,4093,21.184601411518,58.579174095438,58.579174095438,32,53541,"Amon-Ra St Brown"
"6823",2023111902,381,4.47686983087011,9.52165218408776,4.39803117291375,53,53541,"Amon-Ra St Brown"
"6824",2023111902,478,12.466028986033,21.0760795188097,21.0760795188097,23,53541,"Amon-Ra St Brown"
"6825",2023111902,530,13.3505595339138,30.8934991024231,30.8934991024231,20,53541,"Amon-Ra St Brown"
"6826",2023111902,848,12.1373920588487,16.4135079336732,15.9381652357866,24,53541,"Amon-Ra St Brown"
"6827",2023111902,883,33.9072925789075,86.2760878597808,86.2760878597808,30,53541,"Amon-Ra St Brown"
"6828",2023111902,995,48.3823942326524,142.540366258835,142.325652145123,35,53541,"Amon-Ra St Brown"
"6829",2023111902,1261,0.62192785607608,4.46875110645397,4.46875110645397,17,53541,"Amon-Ra St Brown"
"6830",2023111902,1751,18.9442349195098,37.3718238066247,24.6910084001968,28,53541,"Amon-Ra St Brown"
"6831",2023111902,1776,12.4374255215892,20.5539126619999,19.1036745778398,25,53541,"Amon-Ra St Brown"
"6832",2023111902,1801,17.4203982202546,66.2943860532436,66.2943860532436,27,53541,"Amon-Ra St Brown"
"6833",2023111902,1826,4.03512971572442,15.7450675080204,15.7450675080204,27,53541,"Amon-Ra St Brown"
"6834",2023111902,1849,8.70048656723802,14.5061181246307,14.5061181246307,28,53541,"Amon-Ra St Brown"
"6835",2023111902,1874,8.1240649439666,16.1109146949517,16.1109146949517,19,53541,"Amon-Ra St Brown"
"6836",2023111902,1988,24.5000347805261,33.3350273767875,13.5652301713278,23,53541,"Amon-Ra St Brown"
"6837",2023111902,2133,7.35118158940154,19.6298667031103,19.6298667031103,22,53541,"Amon-Ra St Brown"
"6838",2023111902,2786,12.3186036184368,51.5567840924664,51.5567840924664,31,53541,"Amon-Ra St Brown"
"6839",2023111902,3118,24.1529229314004,43.0891195280557,40.1492443302939,25,53541,"Amon-Ra St Brown"
"6840",2023111902,3146,29.2074170572214,61.6452640389966,61.6452640389966,29,53541,"Amon-Ra St Brown"
"6841",2023111902,3608,5.13646616163198,13.9719965757246,13.9719965757246,22,53541,"Amon-Ra St Brown"
"6842",2023111902,3638,12.0259443688043,20.3435769539966,8.8296858876015,24,53541,"Amon-Ra St Brown"
"6843",2023111902,3663,14.0706801019158,47.6810057785694,47.6810057785694,29,53541,"Amon-Ra St Brown"
"6844",2023111902,3688,18.4588310953451,31.578058446742,31.578058446742,26,53541,"Amon-Ra St Brown"
"6845",2023111902,3723,21.6820730652473,63.6036503479497,57.4247737876342,34,53541,"Amon-Ra St Brown"
"6846",2023111902,3881,9.16454932638058,13.9185259470705,11.2676102734171,25,53541,"Amon-Ra St Brown"
"6847",2023111902,3906,27.0186995428838,105.229065899414,105.229065899414,34,53541,"Amon-Ra St Brown"
"6848",2023111902,3970,10.4047983445122,30.300592249309,30.300592249309,24,53541,"Amon-Ra St Brown"
"6849",2023111902,3995,21.3447190744284,39.1621332287557,39.1621332287557,20,53541,"Amon-Ra St Brown"
"6850",2023111902,4029,34.0311436376326,104.337773552695,104.337773552695,31,53541,"Amon-Ra St Brown"
"6851",2023111902,4076,16.5146234050696,23.189679057348,18.3719768675296,27,53541,"Amon-Ra St Brown"
"6852",2023112300,266,10.8148999482194,15.8880684430384,15.8880684430384,24,53541,"Amon-Ra St Brown"
"6853",2023112300,401,11.0409033525499,16.1390408700547,13.5166260713664,19,53541,"Amon-Ra St Brown"
"6854",2023112300,952,18.6120492483737,58.5772140510916,58.5772140510916,37,53541,"Amon-Ra St Brown"
"6855",2023112300,1236,13.991167896342,61.7118177874752,61.7118177874752,30,53541,"Amon-Ra St Brown"
"6856",2023112300,1271,7.75410408458234,19.6853016331252,18.6043670255191,20,53541,"Amon-Ra St Brown"
"6857",2023112300,1318,5.29477421400471,10.8517959391882,10.8517959391882,24,53541,"Amon-Ra St Brown"
"6858",2023112300,1765,16.1881896918846,46.7192870414366,46.7192870414366,33,53541,"Amon-Ra St Brown"
"6859",2023112300,1828,11.5027317138308,17.8730446411637,14.3080643034432,24,53541,"Amon-Ra St Brown"
"6860",2023112300,1853,31.5505773207421,52.0382960459675,35.0350132622826,22,53541,"Amon-Ra St Brown"
"6861",2023112300,2075,5.55195093070666,8.76015982842557,5.67552513465189,25,53541,"Amon-Ra St Brown"
"6862",2023112300,2098,9.68438449309001,22.9143866157498,22.9143866157498,21,53541,"Amon-Ra St Brown"
"6863",2023112300,2157,41.1682752190331,101.84831207259,101.84831207259,46,53541,"Amon-Ra St Brown"
"6864",2023112300,2354,21.5872804535068,87.5452603263723,87.5452603263723,34,53541,"Amon-Ra St Brown"
"6865",2023112300,2401,7.59685781833978,17.9545854623646,17.9545854623646,25,53541,"Amon-Ra St Brown"
"6866",2023112300,2771,5.23228659698493,15.5799782135971,15.5799782135971,25,53541,"Amon-Ra St Brown"
"6867",2023112300,2821,6.2660934664455,17.0245817828717,17.0245817828717,21,53541,"Amon-Ra St Brown"
"6868",2023112300,2851,7.93161089444119,31.3618395672577,31.3618395672577,32,53541,"Amon-Ra St Brown"
"6869",2023112300,3058,3.45042678162638,10.3178734490733,10.3178734490733,20,53541,"Amon-Ra St Brown"
"6870",2023112300,3268,18.1354591697552,25.566851653001,25.566851653001,22,53541,"Amon-Ra St Brown"
"6871",2023112300,3596,23.8930473741229,95.2254010042694,95.2254010042694,28,53541,"Amon-Ra St Brown"
"6872",2023112300,3621,9.63908793046669,16.0566108917186,13.8591144733233,28,53541,"Amon-Ra St Brown"
"6873",2023112300,3644,9.05255833581324,14.8081523544865,14.8081523544865,26,53541,"Amon-Ra St Brown"
"6874",2023112300,3743,16.3052230700689,21.9206459211728,16.7615764405584,39,53541,"Amon-Ra St Brown"
"6875",2023112300,3940,-2.29264333180694,16.6306111618026,16.6306111618026,26,53541,"Amon-Ra St Brown"
"6876",2023112300,3970,4.22644419866771,17.8474448472003,17.8474448472003,22,53541,"Amon-Ra St Brown"
"6877",2023112300,4010,13.8380043914723,24.0372908350744,22.3673293233166,33,53541,"Amon-Ra St Brown"
"6878",2023112300,4033,27.0276357562899,80.9430162938197,80.9430162938197,32,53541,"Amon-Ra St Brown"
"6879",2023112300,4058,27.0116310882133,64.8655079006855,64.8655079006855,27,53541,"Amon-Ra St Brown"
"6880",2023112300,4083,19.539797524887,58.8928581916655,58.8928581916655,32,53541,"Amon-Ra St Brown"
"6881",2023112300,4120,18.6329108046639,40.3873723228243,40.3873723228243,31,53541,"Amon-Ra St Brown"
"6882",2023112300,4155,14.4267227545863,25.2157604562596,24.4518736182791,22,53541,"Amon-Ra St Brown"
"6883",2023112300,4242,19.0656688972054,70.7140970568295,70.7140970568295,31,53541,"Amon-Ra St Brown"
"6884",2023112300,4272,20.2968065766998,54.4186174935631,54.4186174935631,31,53541,"Amon-Ra St Brown"
"6885",2023112300,4297,15.5048981171248,28.829935828737,28.3285429547459,26,53541,"Amon-Ra St Brown"
"6886",2023120301,186,16.022333452799,30.76600295555,30.0751077213843,29,53541,"Amon-Ra St Brown"
"6887",2023120301,385,10.0822246668557,19.7604261846429,19.7604261846429,19,53541,"Amon-Ra St Brown"
"6888",2023120301,408,13.1182952057281,28.2620716634323,21.0643853870708,26,53541,"Amon-Ra St Brown"
"6889",2023120301,607,6.44262667664663,14.109796462931,12.1566730797555,27,53541,"Amon-Ra St Brown"
"6890",2023120301,632,5.6120533025128,11.121363148895,9.86478791976904,30,53541,"Amon-Ra St Brown"
"6891",2023120301,838,12.1527636135098,17.5331702023806,15.3201819159233,29,53541,"Amon-Ra St Brown"
"6892",2023120301,1153,7.02616407061756,10.935068433061,8.8277937176352,27,53541,"Amon-Ra St Brown"
"6893",2023120301,1713,4.13941459581052,8.09250539218309,8.00437885163549,18,53541,"Amon-Ra St Brown"
"6894",2023120301,1938,18.0475709979943,24.3580467401568,20.5340194116522,21,53541,"Amon-Ra St Brown"
"6895",2023120301,1963,12.1267222143177,17.5390560553994,15.3862357608554,33,53541,"Amon-Ra St Brown"
"6896",2023120301,2032,13.6738699929559,37.7978643926456,37.7978643926456,30,53541,"Amon-Ra St Brown"
"6897",2023120301,2146,27.1800140797609,44.8821726852347,26.1917082667794,45,53541,"Amon-Ra St Brown"
"6898",2023120301,2169,17.5645656646159,29.6336630797462,9.39245612462546,35,53541,"Amon-Ra St Brown"
"6899",2023120301,2673,16.034093859238,27.1748757360987,15.3892141248039,22,53541,"Amon-Ra St Brown"
"6900",2023120301,3000,4.70065679682156,7.91894768250723,6.90982121758432,28,53541,"Amon-Ra St Brown"
"6901",2023120301,3753,7.87205704521627,12.6117332843319,9.31527715452893,22,53541,"Amon-Ra St Brown"
"6902",2023120301,3783,31.6757960428721,65.5320923439141,65.5320923439141,41,53541,"Amon-Ra St Brown"
"6903",2023120301,4059,11.8465072818867,42.2726817361313,40.8171833416517,30,53541,"Amon-Ra St Brown"
"6904",2023120301,4089,6.10433322325364,9.10652101363256,9.10652101363256,26,53541,"Amon-Ra St Brown"
"6905",2023120301,4165,19.087705968065,57.5345972493923,57.5345972493923,39,53541,"Amon-Ra St Brown"
"6906",2023121002,344,9.66555829761841,20.3986637845798,20.3986637845798,25,53541,"Amon-Ra St Brown"
"6907",2023121002,369,4.40516663169635,10.4420252087058,10.4420252087058,20,53541,"Amon-Ra St Brown"
"6908",2023121002,428,12.8207955145679,23.9752237629981,23.9752237629981,21,53541,"Amon-Ra St Brown"
"6909",2023121002,938,10.7931568712002,24.1015564795465,5.53157561654662,29,53541,"Amon-Ra St Brown"
"6910",2023121002,1009,18.9395958054787,37.1960426253553,37.1960426253553,39,53541,"Amon-Ra St Brown"
"6911",2023121002,1328,24.2821795931003,36.3259556409687,33.0451053415905,31,53541,"Amon-Ra St Brown"
"6912",2023121002,1592,10.6549555567519,31.6662590969247,31.6662590969247,30,53541,"Amon-Ra St Brown"
"6913",2023121002,1617,13.3100647273242,18.0215224892104,14.3917355543159,28,53541,"Amon-Ra St Brown"
"6914",2023121002,1798,12.7456428195351,24.1996532235169,20.6079249024388,19,53541,"Amon-Ra St Brown"
"6915",2023121002,1823,14.9264640920265,41.0391591605328,41.0391591605328,23,53541,"Amon-Ra St Brown"
"6916",2023121002,1985,34.0253553749682,77.9983948193752,69.9245219551318,38,53541,"Amon-Ra St Brown"
"6917",2023121002,2032,12.135288227766,28.8209891571216,28.0957656152598,26,53541,"Amon-Ra St Brown"
"6918",2023121002,2467,6.35520948346366,11.5303749194093,3.05115485127514,33,53541,"Amon-Ra St Brown"
"6919",2023121002,2490,17.4290443151779,25.8729854243957,22.8754146778931,26,53541,"Amon-Ra St Brown"
"6920",2023121002,2513,15.2242742403101,21.6186640873672,15.8158282774496,26,53541,"Amon-Ra St Brown"
"6921",2023121002,2757,25.8104630773945,57.5832525557715,44.3515895938277,39,53541,"Amon-Ra St Brown"
"6922",2023121002,3348,2.51174122723975,12.4302932800638,12.4302932800638,19,53541,"Amon-Ra St Brown"
"6923",2023121002,3378,13.9033407977769,20.8802521386155,19.0362994351468,19,53541,"Amon-Ra St Brown"
"6924",2023121002,3403,16.9712118118348,28.2468897529401,28.2468897529401,34,53541,"Amon-Ra St Brown"
"6925",2023121002,3635,3.75117990904189,11.6012253594501,11.6012253594501,20,53541,"Amon-Ra St Brown"
"6926",2023121002,3752,12.702565081379,22.0021312402209,12.3994445308439,23,53541,"Amon-Ra St Brown"
"6927",2023121002,3800,9.24524577963283,16.6651615952727,14.4910435606188,19,53541,"Amon-Ra St Brown"
"6928",2023121002,3853,19.2105433042923,54.0153118722853,48.6962346351619,26,53541,"Amon-Ra St Brown"
"6929",2023121002,3896,52.9488241838872,68.2008858775586,61.6112069685046,32,53541,"Amon-Ra St Brown"
"6930",2023121002,4052,9.2747960367033,16.9414109821318,12.0950805713249,29,53541,"Amon-Ra St Brown"
"6931",2023121002,4104,44.7125739704148,114.63835392361,108.19179850659,32,53541,"Amon-Ra St Brown"
"6932",2023121602,90,13.8933843606371,20.9092932019039,17.4107920844439,23,53541,"Amon-Ra St Brown"
"6933",2023121602,115,24.040018190098,55.8624801375859,40.2694542103525,43,53541,"Amon-Ra St Brown"
"6934",2023121602,138,8.29246709982256,16.5361898638956,16.5361898638956,29,53541,"Amon-Ra St Brown"
"6935",2023121602,163,12.7580520841777,37.8503764226822,37.8503764226822,23,53541,"Amon-Ra St Brown"
"6936",2023121602,587,11.0333956203239,15.2022944280779,14.2457226121444,43,53541,"Amon-Ra St Brown"
"6937",2023121602,664,10.9461295004567,18.7274974582105,17.5464002517526,35,53541,"Amon-Ra St Brown"
"6938",2023121602,694,7.62066810431078,22.1024744448412,22.1024744448412,32,53541,"Amon-Ra St Brown"
"6939",2023121602,1064,4.849992559482,8.40666925483038,8.40666925483038,21,53541,"Amon-Ra St Brown"
"6940",2023121602,1089,24.4714453629753,69.9947325033387,69.9947325033387,31,53541,"Amon-Ra St Brown"
"6941",2023121602,1114,16.6841017287195,37.5222106974978,37.5222106974978,34,53541,"Amon-Ra St Brown"
"6942",2023121602,1139,-0.314083137962797,15.208582864195,15.208582864195,34,53541,"Amon-Ra St Brown"
"6943",2023121602,1294,2.75207693904294,7.80928647849692,7.80928647849692,16,53541,"Amon-Ra St Brown"
"6944",2023121602,1378,17.5333427768675,43.552739772448,43.552739772448,21,53541,"Amon-Ra St Brown"
"6945",2023121602,1408,17.6653229696958,30.661244323892,25.7852422697261,24,53541,"Amon-Ra St Brown"
"6946",2023121602,1431,13.7202394846855,18.1633189336965,17.7927772548754,25,53541,"Amon-Ra St Brown"
"6947",2023121602,1718,13.4107271761827,20.0541127175849,15.7553703176074,29,53541,"Amon-Ra St Brown"
"6948",2023121602,1743,22.1639874770972,84.204238357093,84.204238357093,27,53541,"Amon-Ra St Brown"
"6949",2023121602,1766,10.7485415379316,29.0642936416032,29.0642936416032,27,53541,"Amon-Ra St Brown"
"6950",2023121602,1893,-0.540145647292321,0.73031707544768,0.646803088650395,23,53541,"Amon-Ra St Brown"
"6951",2023121602,1918,9.08577691244206,17.6886785961846,14.9772321930678,26,53541,"Amon-Ra St Brown"
"6952",2023121602,1948,20.0122382387391,46.3502774373275,46.3502774373275,21,53541,"Amon-Ra St Brown"
"6953",2023121602,2442,17.0066546192141,58.7465524961492,39.575835094044,32,53541,"Amon-Ra St Brown"
"6954",2023121602,2467,21.0453360160197,54.1345993352022,54.1345993352022,33,53541,"Amon-Ra St Brown"
"6955",2023121602,2614,16.0757133307956,23.8824621255271,20.9051664853133,19,53541,"Amon-Ra St Brown"
"6956",2023121602,3084,16.0644207703481,55.2533070552872,24.458237698764,40,53541,"Amon-Ra St Brown"
"6957",2023121602,3443,17.0992795830955,103.722211551255,100.836051369534,30,53541,"Amon-Ra St Brown"
"6958",2023121602,3824,2.98353926534681,6.80115810269602,6.78835644430705,24,53541,"Amon-Ra St Brown"
"6959",2023121602,3978,19.6371109182746,39.1070246556405,22.330266268335,40,53541,"Amon-Ra St Brown"
"6960",2023122405,55,8.73602541977286,17.7259277655041,17.7259277655041,22,53541,"Amon-Ra St Brown"
"6961",2023122405,124,11.1515184942172,21.1159411379734,20.5307776850095,21,53541,"Amon-Ra St Brown"
"6962",2023122405,176,25.8299580731767,92.2574170346153,92.2574170346153,39,53541,"Amon-Ra St Brown"
"6963",2023122405,259,21.6845768135813,38.3667938972357,38.3667938972357,22,53541,"Amon-Ra St Brown"
"6964",2023122405,329,15.3350447819492,25.168688555035,21.6051204192397,21,53541,"Amon-Ra St Brown"
"6965",2023122405,770,19.3557762097494,62.1670744373408,25.8896029589558,37,53541,"Amon-Ra St Brown"
"6966",2023122405,795,6.50619987401309,11.4396275962499,11.4396275962499,30,53541,"Amon-Ra St Brown"
"6967",2023122405,976,0,0,0,21,53541,"Amon-Ra St Brown"
"6968",2023122405,1048,11.1581098913744,21.6040285213893,9.88558314526458,62,53541,"Amon-Ra St Brown"
"6969",2023122405,1216,11.8410396339682,32.9069351596817,30.4968975083969,28,53541,"Amon-Ra St Brown"
"6970",2023122405,1270,9.77748002393439,26.0481699322293,26.0481699322293,30,53541,"Amon-Ra St Brown"
"6971",2023122405,1339,23.7167515146903,35.4401622339158,34.6751840586894,30,53541,"Amon-Ra St Brown"
"6972",2023122405,1421,4.20502732931632,9.78453091187673,9.76384914489069,17,53541,"Amon-Ra St Brown"
"6973",2023122405,1540,10.7717680028077,54.6711282697388,54.6711282697388,31,53541,"Amon-Ra St Brown"
"6974",2023122405,2268,33.5323255983893,60.819879761744,29.512978167495,34,53541,"Amon-Ra St Brown"
"6975",2023122405,2293,20.6080636565998,43.8888611389646,37.3173942882484,32,53541,"Amon-Ra St Brown"
"6976",2023122405,2323,21.6513804765613,36.0574935139112,28.2700379549617,38,53541,"Amon-Ra St Brown"
"6977",2023122405,2604,5.8204780680317,16.0993385986401,16.0993385986401,21,53541,"Amon-Ra St Brown"
"6978",2023122405,2634,15.5958512244856,32.7743521789049,30.3279106290036,37,53541,"Amon-Ra St Brown"
"6979",2023122405,2710,37.9853494664765,161.225232406975,161.225232406975,32,53541,"Amon-Ra St Brown"
"6980",2023122405,2757,-0.219969772121749,20.8829400181073,20.8829400181073,19,53541,"Amon-Ra St Brown"
"6981",2023122405,2875,7.04906233256059,14.5363178304209,7.3936429153479,32,53541,"Amon-Ra St Brown"
"6982",2023122405,3034,-6.81167005631135,-1.63178983105083,-12.4921193018324,13,53541,"Amon-Ra St Brown"
"6983",2023122405,3093,20.5768936704259,85.5705117913702,85.2236502777077,34,53541,"Amon-Ra St Brown"
"6984",2023122405,3158,4.80055660772734,13.1610149697919,13.1610149697919,23,53541,"Amon-Ra St Brown"
"6985",2023122405,3225,20.3652096094006,106.683791787,106.683791787,28,53541,"Amon-Ra St Brown"
"6986",2023122405,3302,10.2369968912159,13.8414040346842,12.6382272094649,23,53541,"Amon-Ra St Brown"
"6987",2023122405,3327,4.69349336976826,11.3568380716547,11.0674334736198,22,53541,"Amon-Ra St Brown"
"6988",2023122405,3352,6.15071813711361,11.4817255451969,10.3676792228489,26,53541,"Amon-Ra St Brown"
"6989",2023122405,3375,16.4413247875273,24.4703727042971,23.5105866704994,38,53541,"Amon-Ra St Brown"
"6990",2023122405,3561,22.2220180756957,68.3015797128771,52.803709141039,47,53541,"Amon-Ra St Brown"
"6991",2023122405,3615,20.1986520040211,29.9438456411435,28.8662967344435,26,53541,"Amon-Ra St Brown"
"6992",2023123000,78,3.92730104364798,13.0211486354575,13.0211486354575,20,53541,"Amon-Ra St Brown"
"6993",2023123000,101,14.1336194611735,22.6814441724808,22.6814441724808,24,53541,"Amon-Ra St Brown"
"6994",2023123000,126,13.2345793652209,35.5287396060776,35.5287396060776,33,53541,"Amon-Ra St Brown"
"6995",2023123000,231,-0.231676052500893,19.4546841351841,19.4546841351841,21,53541,"Amon-Ra St Brown"
"6996",2023123000,820,18.4039990263825,29.1334878920265,28.9877649818979,20,53541,"Amon-Ra St Brown"
"6997",2023123000,1032,25.6190777123607,82.074869147735,76.9459430472056,33,53541,"Amon-Ra St Brown"
"6998",2023123000,1303,34.0113245175853,168.832775433574,168.832775433574,37,53541,"Amon-Ra St Brown"
"6999",2023123000,1326,21.9135293696186,71.3563857782081,57.5516002036813,30,53541,"Amon-Ra St Brown"
"7000",2023123000,1471,13.6985434550422,23.2200989429973,14.8070113207142,31,53541,"Amon-Ra St Brown"
"7001",2023123000,1521,20.9218462638649,27.6511790671044,22.1617161172805,40,53541,"Amon-Ra St Brown"
"7002",2023123000,1813,7.84653267936052,16.8832302587422,15.9494758306796,19,53541,"Amon-Ra St Brown"
"7003",2023123000,2314,7.96764547887569,17.0737642658585,17.057685296109,20,53541,"Amon-Ra St Brown"
"7004",2023123000,2339,12.0327730913258,26.5041076632112,26.5041076632112,37,53541,"Amon-Ra St Brown"
"7005",2023123000,2408,22.5994760509079,45.1481973053996,38.3041263994937,31,53541,"Amon-Ra St Brown"
"7006",2023123000,2876,9.49308060839602,13.4603022074521,13.0227178844374,30,53541,"Amon-Ra St Brown"
"7007",2023123000,2926,16.8307420738872,35.4351096616317,34.5069018686027,18,53541,"Amon-Ra St Brown"
"7008",2023123000,2951,9.67342394001411,19.3587547279994,19.2412987410392,17,53541,"Amon-Ra St Brown"
"7009",2023123000,3304,6.27817420341228,13.2204795555364,12.7924375308122,29,53541,"Amon-Ra St Brown"
"7010",2023123000,3636,-0.454145343939537,2.11301643775474,2.11301643775474,22,53541,"Amon-Ra St Brown"
"7011",2023123000,3661,4.65509221961379,14.389126630774,14.389126630774,21,53541,"Amon-Ra St Brown"
"7012",2023123000,3870,18.4734924169163,33.4409601773525,24.9092171654571,29,53541,"Amon-Ra St Brown"
"7013",2023123000,3895,24.6067638527409,57.3314225258374,57.3314225258374,30,53541,"Amon-Ra St Brown"
"7014",2023123000,3943,34.4316181171821,78.7459146180435,49.9599109668264,34,53541,"Amon-Ra St Brown"
"7015",2023123000,3991,20.5523931111729,46.1447350036856,35.2588611653578,30,53541,"Amon-Ra St Brown"
"7016",2023123000,4014,14.4251158632946,25.9175458328808,25.9175458328808,25,53541,"Amon-Ra St Brown"
"7017",2023123000,4062,17.1039386594452,40.998735965501,40.998735965501,19,53541,"Amon-Ra St Brown"
"7018",2024010703,104,6.62768182042254,14.6027744669777,14.6027744669777,30,53541,"Amon-Ra St Brown"
"7019",2024010703,341,23.7863706964565,133.171572020157,131.912691229447,38,53541,"Amon-Ra St Brown"
"7020",2024010703,624,8.18065269634669,18.639315078486,18.639315078486,22,53541,"Amon-Ra St Brown"
"7021",2024010703,654,20.241289036322,95.1085016682693,95.1085016682693,33,53541,"Amon-Ra St Brown"
"7022",2024010703,701,10.642088932374,20.6715555451167,19.9336310591552,28,53541,"Amon-Ra St Brown"
"7023",2024010703,1395,11.5855801075898,22.9142795626046,22.9142795626046,21,53541,"Amon-Ra St Brown"
"7024",2024010703,1442,21.0006252716995,104.299975968297,104.299975968297,29,53541,"Amon-Ra St Brown"
"7025",2024010703,1465,7.65045437630463,17.234421382885,17.234421382885,29,53541,"Amon-Ra St Brown"
"7026",2024010703,1735,13.7128670105108,91.1573285853236,91.1573285853236,37,53541,"Amon-Ra St Brown"
"7027",2024010703,1787,16.2750630749112,24.345538542589,14.8575425741584,22,53541,"Amon-Ra St Brown"
"7028",2024010703,1862,4.95362560610072,13.1121819619498,13.1121819619498,20,53541,"Amon-Ra St Brown"
"7029",2024010703,2381,19.0204692978006,36.5632084088514,22.3912764133249,26,53541,"Amon-Ra St Brown"
"7030",2024010703,2415,52.5501992157313,155.80662387564,155.80662387564,34,53541,"Amon-Ra St Brown"
"7031",2024010703,2460,15.3929051627686,30.5462241860068,30.5462241860068,29,53541,"Amon-Ra St Brown"
"7032",2024010703,2515,23.7861478366236,85.0402736825011,26.2242060777997,34,53541,"Amon-Ra St Brown"
"7033",2024010703,2601,8.34025855429472,14.9616113625862,13.7473769770072,24,53541,"Amon-Ra St Brown"
"7034",2024010703,2856,14.3134249889319,19.8924454503645,12.8704781028651,37,53541,"Amon-Ra St Brown"
"7035",2024010703,3132,22.9966985317579,100.895347741316,100.895347741316,36,53541,"Amon-Ra St Brown"
"7036",2024010703,3454,54.1554662177077,96.7253681740642,77.8209777337208,46,53541,"Amon-Ra St Brown"
"7037",2024010703,3479,16.0380063288551,36.7023263512418,31.3166972699602,26,53541,"Amon-Ra St Brown"
"7038",2023091013,485,4.14143731610963,10.9015127363284,9.17816297020466,21,52425,"CeeDee Lamb"
"7039",2023091013,539,8.92088724510964,40.5861320697796,40.5861320697796,24,52425,"CeeDee Lamb"
"7040",2023091013,616,8.14525772049558,12.3425507498598,11.4136723343843,26,52425,"CeeDee Lamb"
"7041",2023091013,639,2.33112733712017,5.20022428317637,0.121579552939138,25,52425,"CeeDee Lamb"
"7042",2023091013,1015,0,0,0,18,52425,"CeeDee Lamb"
"7043",2023091013,1072,-0.00633353417266204,4.48698182751945,4.48698182751945,34,52425,"CeeDee Lamb"
"7044",2023091013,1117,15.7159992847899,21.8137793096649,21.8137793096649,22,52425,"CeeDee Lamb"
"7045",2023091013,1142,14.6914558058182,21.6648612269144,21.5502616410501,21,52425,"CeeDee Lamb"
"7046",2023091013,1233,7.07321390960533,14.4100562210718,14.0022272602901,28,52425,"CeeDee Lamb"
"7047",2023091013,1337,8.96377231009546,43.7283048056411,42.149278373787,33,52425,"CeeDee Lamb"
"7048",2023091013,1943,6.35585585280085,13.0437422303807,12.5922834573841,24,52425,"CeeDee Lamb"
"7049",2023091013,2144,7.68871177727767,18.2635739324771,18.259572968253,21,52425,"CeeDee Lamb"
"7050",2023091013,2213,4.46525231595932,8.36962750200176,6.02052816829245,18,52425,"CeeDee Lamb"
"7051",2023091013,2292,4.92675890761761,9.44803173744652,9.44803173744652,23,52425,"CeeDee Lamb"
"7052",2023091013,2738,-4.10871773417613,0.190630654782762,-2.29651353715617,26,52425,"CeeDee Lamb"
"7053",2023091013,2802,17.9867648770116,38.5116890622576,36.3760342128282,35,52425,"CeeDee Lamb"
"7054",2023091013,3101,22.4348010878114,54.3183211241574,50.0655370822049,32,52425,"CeeDee Lamb"
"7055",2023091013,3210,18.640384679505,27.6145048496155,26.1864440920125,15,52425,"CeeDee Lamb"
"7056",2023091013,3257,5.83623952450658,10.2555654193648,8.95729157224393,21,52425,"CeeDee Lamb"
"7057",2023091710,100,6.23346638165083,12.1367629239962,12.1367629239962,18,52425,"CeeDee Lamb"
"7058",2023091710,172,7.13963073208074,17.8652521069677,17.8652521069677,31,52425,"CeeDee Lamb"
"7059",2023091710,230,13.9131494910937,24.1894512470049,23.6156012386296,33,52425,"CeeDee Lamb"
"7060",2023091710,321,14.2556263109123,16.9595286100586,12.9804554389959,27,52425,"CeeDee Lamb"
"7061",2023091710,467,4.89382976675499,6.71782765635694,4.97787387294942,18,52425,"CeeDee Lamb"
"7062",2023091710,521,10.3762398974357,12.5338989754828,12.0010039903724,25,52425,"CeeDee Lamb"
"7063",2023091710,805,5.93648552256072,12.3610600239427,12.3610600239427,19,52425,"CeeDee Lamb"
"7064",2023091710,921,10.5026855050022,30.043184829332,30.043184829332,23,52425,"CeeDee Lamb"
"7065",2023091710,973,17.5351355693959,55.000826205241,55.000826205241,25,52425,"CeeDee Lamb"
"7066",2023091710,1020,6.36167066138126,11.066012235902,9.264189967256,26,52425,"CeeDee Lamb"
"7067",2023091710,1067,13.2162509895691,20.0176999369153,19.8510515407248,25,52425,"CeeDee Lamb"
"7068",2023091710,1137,8.62479217194668,11.3956788254334,10.073653299975,18,52425,"CeeDee Lamb"
"7069",2023091710,1322,14.1024571101283,30.2964771006888,30.2964771006888,29,52425,"CeeDee Lamb"
"7070",2023091710,1345,17.0881638016447,38.9873632870779,38.9873632870779,32,52425,"CeeDee Lamb"
"7071",2023091710,1460,1.64122669700648,6.0850210745089,4.05547719594295,21,52425,"CeeDee Lamb"
"7072",2023091710,1485,14.9452196223406,47.522265152578,45.8279107266641,27,52425,"CeeDee Lamb"
"7073",2023091710,1510,0.0983220981542933,1.11391178837396,-0.286606139138339,25,52425,"CeeDee Lamb"
"7074",2023091710,1538,2.42982494055906,6.38049049143612,5.30576479254667,23,52425,"CeeDee Lamb"
"7075",2023091710,1561,4.25368832133592,6.7702351422735,6.7702351422735,25,52425,"CeeDee Lamb"
"7076",2023091710,1678,12.653597933884,22.0748226453132,22.0748226453132,27,52425,"CeeDee Lamb"
"7077",2023091710,2452,23.19219667915,49.1331069863623,44.9070081215143,41,52425,"CeeDee Lamb"
"7078",2023091710,2627,24.4326202553566,50.3323424464711,49.1680160279379,27,52425,"CeeDee Lamb"
"7079",2023091710,2822,5.14912646350823,10.9269021061946,9.25450201040332,16,52425,"CeeDee Lamb"
"7080",2023091710,2849,9.24909615692494,12.8569029313082,9.40758573226684,22,52425,"CeeDee Lamb"
"7081",2023091710,3029,15.8056208826001,38.5640925020454,25.6751248968111,39,52425,"CeeDee Lamb"
"7082",2023091710,3145,5.69239286887138,11.3276818497491,11.3276818497491,19,52425,"CeeDee Lamb"
"7083",2023091710,3223,6.07066246436617,16.5213931165957,16.5213931165957,27,52425,"CeeDee Lamb"
"7084",2023091710,3299,12.6761081307427,17.1065313414655,16.8124636960879,26,52425,"CeeDee Lamb"
"7085",2023092410,686,10.003305165153,18.0970893488752,17.3546934278833,20,52425,"CeeDee Lamb"
"7086",2023092410,765,23.7165402179064,71.9729999384675,71.9729999384675,30,52425,"CeeDee Lamb"
"7087",2023092410,810,6.49534521306493,11.1329689440157,10.1861116310654,17,52425,"CeeDee Lamb"
"7088",2023092410,840,9.00991199083988,13.5377602593181,10.5291394336201,23,52425,"CeeDee Lamb"
"7089",2023092410,1352,1.20224300769108,6.59873414613554,6.59873414613554,9,52425,"CeeDee Lamb"
"7090",2023092410,1382,19.6799234692648,63.95383787785,63.95383787785,28,52425,"CeeDee Lamb"
"7091",2023092410,1488,10.6754090906247,16.8008396387305,16.8008396387305,19,52425,"CeeDee Lamb"
"7092",2023092410,1603,15.769328933611,28.3360616132134,28.3360616132134,21,52425,"CeeDee Lamb"
"7093",2023092410,2079,7.53784055182194,16.900143727001,16.4664425334689,16,52425,"CeeDee Lamb"
"7094",2023092410,2104,12.0914514173316,20.129649652062,20.129649652062,28,52425,"CeeDee Lamb"
"7095",2023092410,2257,22.3493041627599,41.9214132267173,39.138631081426,19,52425,"CeeDee Lamb"
"7096",2023092410,2550,33.2218800502573,116.969400958102,116.969400958102,31,52425,"CeeDee Lamb"
"7097",2023092410,2619,-0.249886994593,-0.178016842321848,-0.178016842321848,9,52425,"CeeDee Lamb"
"7098",2023092410,2644,8.6456408984613,13.4223737193413,8.7377065246777,33,52425,"CeeDee Lamb"
"7099",2023092410,2672,14.6869284365302,29.4504093524479,29.4504093524479,25,52425,"CeeDee Lamb"
"7100",2023092410,2727,8.85676896559567,12.7743155642494,12.7743155642494,19,52425,"CeeDee Lamb"
"7101",2023092410,3039,-2.38654775950481,-0.25581829448268,-2.39041963242592,24,52425,"CeeDee Lamb"
"7102",2023092410,3098,5.58858296951982,16.8520418373474,16.8093185160592,16,52425,"CeeDee Lamb"
"7103",2023092410,3247,10.420678908856,23.145431188427,23.145431188427,19,52425,"CeeDee Lamb"
"7104",2023092410,3526,8.96473106263043,23.0983027817403,23.0339260637495,19,52425,"CeeDee Lamb"
"7105",2023092410,3671,10.7988326162313,16.996528176188,15.5027534995677,20,52425,"CeeDee Lamb"
"7106",2023092410,3696,0.804314389853909,4.8028747889966,4.8028747889966,19,52425,"CeeDee Lamb"
"7107",2023092410,3775,23.315714059469,39.9634176927027,39.9634176927027,16,52425,"CeeDee Lamb"
"7108",2023092410,4023,9.3077358884825,20.702203082366,20.702203082366,18,52425,"CeeDee Lamb"
"7109",2023092410,4048,9.75875982477801,18.5749982338404,15.9244793472125,23,52425,"CeeDee Lamb"
"7110",2023092410,4071,6.17178728372313,11.4157329677753,11.2131644554488,17,52425,"CeeDee Lamb"
"7111",2023092410,4187,6.78873670590213,42.2560732153992,42.2560732153992,27,52425,"CeeDee Lamb"
"7112",2023092410,4358,15.9335108931631,20.0845917130098,20.0845917130098,25,52425,"CeeDee Lamb"
"7113",2023100111,55,15.1044635006119,33.4719563421445,31.974213810435,33,52425,"CeeDee Lamb"
"7114",2023100111,80,55.0334777229403,121.584117541279,72.3754136000098,55,52425,"CeeDee Lamb"
"7115",2023100111,110,3.75126280795635,6.97296368287386,6.083966016881,22,52425,"CeeDee Lamb"
"7116",2023100111,157,12.9009507460455,23.4424192246874,23.2280572635688,26,52425,"CeeDee Lamb"
"7117",2023100111,180,3.07419575581368,5.62269365290266,5.62269365290266,20,52425,"CeeDee Lamb"
"7118",2023100111,205,7.39629748026706,18.7641988868631,18.7641988868631,21,52425,"CeeDee Lamb"
"7119",2023100111,228,8.2227430536275,10.7034116878191,6.87521412087829,32,52425,"CeeDee Lamb"
"7120",2023100111,582,5.78568066746286,10.9741363071606,10.4955620579835,28,52425,"CeeDee Lamb"
"7121",2023100111,629,7.32124961879369,28.5298100319189,27.9188753636533,32,52425,"CeeDee Lamb"
"7122",2023100111,676,6.04576986137754,14.9842902380962,14.9842902380962,17,52425,"CeeDee Lamb"
"7123",2023100111,770,3.7358403330983,16.9230641359182,16.9230641359182,19,52425,"CeeDee Lamb"
"7124",2023100111,1422,12.5075791375628,27.2794641854433,26.0411973476254,28,52425,"CeeDee Lamb"
"7125",2023100111,1447,25.544751033765,85.709342167843,76.8819439163603,29,52425,"CeeDee Lamb"
"7126",2023100111,1543,14.767336739102,19.1558384971776,16.6444606418727,18,52425,"CeeDee Lamb"
"7127",2023100111,1613,6.68511339892833,18.63202905302,18.63202905302,17,52425,"CeeDee Lamb"
"7128",2023100111,2025,29.061438922737,64.524350674994,54.4050759014623,49,52425,"CeeDee Lamb"
"7129",2023100111,2395,29.0077630163918,89.4039540939959,72.7879760128032,33,52425,"CeeDee Lamb"
"7130",2023100111,2436,6.87298075044103,16.021284319339,16.021284319339,21,52425,"CeeDee Lamb"
"7131",2023100111,2483,3.51181226671673,10.9423731649608,10.9423731649608,18,52425,"CeeDee Lamb"
"7132",2023100111,2512,15.9623547226284,25.3702525946407,22.6150636433865,21,52425,"CeeDee Lamb"
"7133",2023100111,2535,19.4879722172459,32.5971954603068,32.5434593850926,22,52425,"CeeDee Lamb"
"7134",2023100111,2592,18.9414151781427,24.6364491794037,19.5628382183305,26,52425,"CeeDee Lamb"
"7135",2023100111,2791,2.82391453497222,7.23907558081707,7.23907558081707,23,52425,"CeeDee Lamb"
"7136",2023100111,2903,19.9042390402356,38.5119655367012,38.1205532551828,19,52425,"CeeDee Lamb"
"7137",2023100811,360,9.26745338420845,15.2216406467512,15.2216406467512,28,52425,"CeeDee Lamb"
"7138",2023100811,383,17.808707749089,25.8898125606664,25.8898125606664,24,52425,"CeeDee Lamb"
"7139",2023100811,533,1.37504452864122,11.941602380239,11.941602380239,19,52425,"CeeDee Lamb"
"7140",2023100811,570,11.8375847155964,17.2276368145649,15.5726910374913,30,52425,"CeeDee Lamb"
"7141",2023100811,1168,29.0214402849567,129.928742149,129.928742149,29,52425,"CeeDee Lamb"
"7142",2023100811,1191,4.70487871542756,8.36113653333218,5.61433537273067,18,52425,"CeeDee Lamb"
"7143",2023100811,1439,7.87839409193443,21.3200559219804,21.3200559219804,25,52425,"CeeDee Lamb"
"7144",2023100811,1469,13.1427330362922,42.2447367041555,42.2447367041555,28,52425,"CeeDee Lamb"
"7145",2023100811,1530,10.8146395051523,22.7894603171043,22.7894603171043,27,52425,"CeeDee Lamb"
"7146",2023100811,1561,7.70403778714352,11.0989440394848,8.0346036199926,31,52425,"CeeDee Lamb"
"7147",2023100811,1596,10.4445766955626,20.1733711541192,17.2487089873686,28,52425,"CeeDee Lamb"
"7148",2023100811,1993,9.35514412794188,28.1785896348684,28.1785896348684,30,52425,"CeeDee Lamb"
"7149",2023100811,2018,5.02873297832034,9.08134099693696,8.23519627525952,22,52425,"CeeDee Lamb"
"7150",2023100811,2041,13.6467289422591,23.8012935247733,18.951058440513,31,52425,"CeeDee Lamb"
"7151",2023100811,2352,24.4027614146452,84.4475854871225,84.4475854871225,43,52425,"CeeDee Lamb"
"7152",2023100811,2399,10.8046059152029,20.9968882674429,20.9968882674429,29,52425,"CeeDee Lamb"
"7153",2023100811,2769,2.12606214803579,7.82774274859445,7.42705592699477,18,52425,"CeeDee Lamb"
"7154",2023100811,2816,18.7980676819124,68.4596236322104,62.3946033799043,29,52425,"CeeDee Lamb"
"7155",2023100811,3190,11.5931592311901,30.7151441633661,29.8754297014418,27,52425,"CeeDee Lamb"
"7156",2023100811,3213,9.59237550366196,21.4437396937701,21.4437396937701,19,52425,"CeeDee Lamb"
"7157",2023100811,3351,11.5786358757743,31.1058044857542,31.1058044857542,18,52425,"CeeDee Lamb"
"7158",2023101600,364,24.0690807783524,78.3217392333328,32.1490300349007,28,52425,"CeeDee Lamb"
"7159",2023101600,389,12.6115533544679,36.3653835284745,36.3653835284745,25,52425,"CeeDee Lamb"
"7160",2023101600,414,0,0,0,23,52425,"CeeDee Lamb"
"7161",2023101600,513,21.8050697090382,41.6523139083192,39.9508715676266,27,52425,"CeeDee Lamb"
"7162",2023101600,740,6.45646297213644,14.3527933406146,13.5487375652892,19,52425,"CeeDee Lamb"
"7163",2023101600,848,22.0583355502514,57.8550556645189,50.720690654554,29,52425,"CeeDee Lamb"
"7164",2023101600,1260,52.1164379942213,100.058348758684,94.554720755395,62,52425,"CeeDee Lamb"
"7165",2023101600,1296,5.77089142595428,13.6426941429002,13.6426941429002,21,52425,"CeeDee Lamb"
"7166",2023101600,1552,0.845749510273962,3.27470349690073,3.27470349690073,22,52425,"CeeDee Lamb"
"7167",2023101600,1633,13.3130764562789,34.2668141051352,33.8746370388703,33,52425,"CeeDee Lamb"
"7168",2023101600,1678,31.5552610302304,40.8109865013216,28.2044662284097,21,52425,"CeeDee Lamb"
"7169",2023101600,1750,13.6799037859697,28.8416700282368,27.1685442275856,28,52425,"CeeDee Lamb"
"7170",2023101600,2053,6.31180238431816,10.5522977642284,9.54880276593844,19,52425,"CeeDee Lamb"
"7171",2023101600,2076,18.5927418149795,60.6626903428245,54.9186159325285,29,52425,"CeeDee Lamb"
"7172",2023101600,2111,8.64665662135456,17.2554357571046,11.3642288088224,29,52425,"CeeDee Lamb"
"7173",2023101600,2179,26.0670969815662,43.8887338466757,43.8887338466757,24,52425,"CeeDee Lamb"
"7174",2023101600,2220,15.7399471825289,30.5954736816394,30.5954736816394,29,52425,"CeeDee Lamb"
"7175",2023101600,3168,29.6007067651909,50.5015525212672,45.4643521600147,68,52425,"CeeDee Lamb"
"7176",2023101600,3298,17.6030270626984,52.9619485906034,52.9619485906034,34,52425,"CeeDee Lamb"
"7177",2023101600,3357,9.11347146994153,17.8485512118848,11.6021914552985,34,52425,"CeeDee Lamb"
"7178",2023101600,3898,6.62850229294699,16.2843558276392,16.2843558276392,20,52425,"CeeDee Lamb"
"7179",2023101600,4008,9.45841645430256,14.7331456942973,11.5590893697545,28,52425,"CeeDee Lamb"
"7180",2023101600,4053,28.4078921278043,44.3507454792239,31.7752394804353,42,52425,"CeeDee Lamb"
"7181",2023101600,4105,44.0802693168792,91.4046926716168,76.6349562483513,44,52425,"CeeDee Lamb"
"7182",2023101600,4182,22.7067153072276,59.3834930780468,59.3834930780468,28,52425,"CeeDee Lamb"
"7183",2023101600,4288,18.3454926869609,37.4938394863413,34.218101928013,30,52425,"CeeDee Lamb"
"7184",2023102901,148,18.343796919511,20.9977130445943,20.9977130445943,25,52425,"CeeDee Lamb"
"7185",2023102901,198,10.7905780945613,42.201692901447,42.201692901447,43,52425,"CeeDee Lamb"
"7186",2023102901,223,-4.23716610436857,1.61346525054619,1.26837396061848,47,52425,"CeeDee Lamb"
"7187",2023102901,271,17.9875829516556,37.385959592427,36.8372570554146,30,52425,"CeeDee Lamb"
"7188",2023102901,296,2.3596660546681,19.2150658060221,19.2150658060221,23,52425,"CeeDee Lamb"
"7189",2023102901,635,2.11343408387588,5.68231025469257,5.68231025469257,23,52425,"CeeDee Lamb"
"7190",2023102901,1091,26.0809643261773,36.055637142132,29.6570188824614,26,52425,"CeeDee Lamb"
"7191",2023102901,1245,1.2389055496815,11.164720855405,11.164720855405,22,52425,"CeeDee Lamb"
"7192",2023102901,1321,17.339494146419,29.2384983438201,28.3544095763456,25,52425,"CeeDee Lamb"
"7193",2023102901,1368,21.0829567985525,66.9671296372972,66.9671296372972,30,52425,"CeeDee Lamb"
"7194",2023102901,1447,1.91686041471021,8.5686045666986,8.5686045666986,23,52425,"CeeDee Lamb"
"7195",2023102901,1697,5.3464800089776,14.0955485544746,14.0955485544746,24,52425,"CeeDee Lamb"
"7196",2023102901,1726,10.3765950716752,15.6432801372716,13.8412406977651,18,52425,"CeeDee Lamb"
"7197",2023102901,1776,0,0,0,20,52425,"CeeDee Lamb"
"7198",2023102901,1801,39.5051001191786,90.6989224561196,62.7870720707091,47,52425,"CeeDee Lamb"
"7199",2023102901,2629,4.5007512872595,11.0547738629232,11.0547738629232,18,52425,"CeeDee Lamb"
"7200",2023102901,2681,16.3081744745922,27.1371140156938,19.1520890322673,22,52425,"CeeDee Lamb"
"7201",2023102901,2801,24.0296980435605,60.4345992781573,60.4345992781573,34,52425,"CeeDee Lamb"
"7202",2023102901,2824,16.8372618624317,21.8785444785395,16.8390150862963,17,52425,"CeeDee Lamb"
"7203",2023102901,2849,10.4408152316321,14.9757615116555,14.1981264084747,30,52425,"CeeDee Lamb"
"7204",2023102901,2903,4.05434771691652,11.1722765001462,11.0267459580262,18,52425,"CeeDee Lamb"
"7205",2023102901,3281,3.6785297686957,12.8825498140001,12.8825498140001,28,52425,"CeeDee Lamb"
"7206",2023102901,3316,15.661815662424,28.0861631326696,25.3422019015035,24,52425,"CeeDee Lamb"
"7207",2023102901,3353,6.32501819566178,9.91349223518688,8.74869138246261,27,52425,"CeeDee Lamb"
"7208",2023110510,99,10.0788078424385,15.9106676694946,15.5065923745088,27,52425,"CeeDee Lamb"
"7209",2023110510,696,31.106684850758,114.568426437394,114.568426437394,36,52425,"CeeDee Lamb"
"7210",2023110510,744,12.2589479554815,18.1826417249729,17.5362699790674,28,52425,"CeeDee Lamb"
"7211",2023110510,774,4.27816814072815,12.1430892036233,12.1430892036233,16,52425,"CeeDee Lamb"
"7212",2023110510,945,1.68809384825801,4.86174012959669,4.86174012959669,24,52425,"CeeDee Lamb"
"7213",2023110510,988,8.76214810366604,12.0604324884002,11.8235266456374,22,52425,"CeeDee Lamb"
"7214",2023110510,1021,21.6483525225155,65.7381074363174,41.2495285191308,54,52425,"CeeDee Lamb"
"7215",2023110510,1111,31.3141262433642,69.0967868087065,66.5335632748881,51,52425,"CeeDee Lamb"
"7216",2023110510,1240,14.3278685682411,22.7161613422326,20.3073135161344,22,52425,"CeeDee Lamb"
"7217",2023110510,1263,18.2408017603858,27.3117715335905,27.0623992645527,33,52425,"CeeDee Lamb"
"7218",2023110510,1759,10.2434260432293,16.8121722336918,15.5247890756613,19,52425,"CeeDee Lamb"
"7219",2023110510,1831,29.9260968950328,80.2357399959639,29.7722878320902,36,52425,"CeeDee Lamb"
"7220",2023110510,1856,15.6680023225152,22.0724798705191,21.7651810542435,25,52425,"CeeDee Lamb"
"7221",2023110510,1933,12.9639932548676,52.7227832544156,52.7227832544156,28,52425,"CeeDee Lamb"
"7222",2023110510,2460,4.23657998101025,19.6684417040275,19.6684417040275,23,52425,"CeeDee Lamb"
"7223",2023110510,2527,17.8555722652484,66.8565926335043,66.8565926335043,30,52425,"CeeDee Lamb"
"7224",2023110510,2585,12.7355251222916,25.9492061507092,25.9492061507092,25,52425,"CeeDee Lamb"
"7225",2023110510,2635,35.6572717790348,59.7443053546438,17.8925406675667,28,52425,"CeeDee Lamb"
"7226",2023110510,3087,14.9346934342131,23.6671735057538,15.073606645068,24,52425,"CeeDee Lamb"
"7227",2023110510,3112,7.70662939983935,41.3692288222691,41.3692288222691,27,52425,"CeeDee Lamb"
"7228",2023110510,3157,7.54574014033767,18.8119428794801,18.8119428794801,24,52425,"CeeDee Lamb"
"7229",2023110510,3209,5.07440925093217,11.4788678287648,11.4788678287648,28,52425,"CeeDee Lamb"
"7230",2023110510,3234,4.88581355656899,16.0843233767433,16.0843233767433,19,52425,"CeeDee Lamb"
"7231",2023110510,3257,7.25148240695622,22.5659271932786,22.5659271932786,26,52425,"CeeDee Lamb"
"7232",2023110510,3437,9.63553312873025,16.0445728947914,14.0990070919058,18,52425,"CeeDee Lamb"
"7233",2023110510,3666,-0.663272445774213,2.36254486525873,2.36254486525873,23,52425,"CeeDee Lamb"
"7234",2023110510,3696,3.76581615193718,15.4040760471236,15.4040760471236,25,52425,"CeeDee Lamb"
"7235",2023110510,3719,22.1077441681014,71.7563471074552,71.7563471074552,47,52425,"CeeDee Lamb"
"7236",2023110510,3789,8.80338241554126,14.317114997961,14.317114997961,48,52425,"CeeDee Lamb"
"7237",2023110510,3967,17.1388678715134,48.7621341157456,47.4338566099609,30,52425,"CeeDee Lamb"
"7238",2023110510,4014,45.9124923184298,106.628731647122,87.3536576238857,38,52425,"CeeDee Lamb"
"7239",2023110510,4050,30.5680128492224,118.678554254843,118.678554254843,29,52425,"CeeDee Lamb"
"7240",2023110510,4096,12.3910605144112,17.2167394971619,15.6096868677664,16,52425,"CeeDee Lamb"
"7241",2023110510,4172,16.3095719281333,37.1869906204431,32.6847634079536,30,52425,"CeeDee Lamb"
"7242",2023110510,4204,26.3005560466222,115.337734908879,115.337734908879,27,52425,"CeeDee Lamb"
"7243",2023110510,4411,25.3510823266796,82.5155392744982,82.5155392744982,38,52425,"CeeDee Lamb"
"7244",2023110510,4457,13.683712474133,46.0301240739668,46.0301240739668,23,52425,"CeeDee Lamb"
"7245",2023110510,4607,68.89123626446,118.280512102379,26.1705318943804,41,52425,"CeeDee Lamb"
"7246",2023111209,55,5.8848069173703,9.87323589983807,8.28041969204626,21,52425,"CeeDee Lamb"
"7247",2023111209,80,2.14584208107216,5.53058467407094,5.53058467407094,22,52425,"CeeDee Lamb"
"7248",2023111209,146,2.74843109273624,10.0473655929972,10.0473655929972,21,52425,"CeeDee Lamb"
"7249",2023111209,248,0.856153723120737,1.76552407606198,1.76552407606198,26,52425,"CeeDee Lamb"
"7250",2023111209,273,9.60565053220522,14.3270885973747,14.3270885973747,25,52425,"CeeDee Lamb"
"7251",2023111209,479,4.68127918213389,11.3089910174273,11.3089910174273,19,52425,"CeeDee Lamb"
"7252",2023111209,635,14.0839339947471,57.7903822330942,54.4478653248142,32,52425,"CeeDee Lamb"
"7253",2023111209,660,15.1500211450021,65.1722756150333,62.7219326068235,31,52425,"CeeDee Lamb"
"7254",2023111209,1138,5.16242051530503,11.6830641098797,11.6830641098797,21,52425,"CeeDee Lamb"
"7255",2023111209,1192,12.9239001275663,85.4501968716768,85.4501968716768,29,52425,"CeeDee Lamb"
"7256",2023111209,1217,18.9657419519825,43.3379013906159,39.4396706660685,35,52425,"CeeDee Lamb"
"7257",2023111209,1242,5.13475625387452,9.9735995078431,9.36828787756339,17,52425,"CeeDee Lamb"
"7258",2023111209,1477,12.8221960092267,17.8501747214275,17.8501747214275,17,52425,"CeeDee Lamb"
"7259",2023111209,1598,9.1378904078013,13.3781278692127,13.081729846291,26,52425,"CeeDee Lamb"
"7260",2023111209,1748,6.2772608947764,17.2172342177309,17.2172342177309,24,52425,"CeeDee Lamb"
"7261",2023111209,1773,15.0999219649295,20.3833613089715,20.3833613089715,22,52425,"CeeDee Lamb"
"7262",2023111209,1798,9.49490172274167,23.1456834350293,23.1456834350293,26,52425,"CeeDee Lamb"
"7263",2023111209,1830,37.8746719025808,106.344521429157,76.6878765787611,49,52425,"CeeDee Lamb"
"7264",2023111209,1921,25.8953467575635,39.5153691930231,23.7945061075583,26,52425,"CeeDee Lamb"
"7265",2023111209,2219,35.7362366619543,44.0182743104051,42.0959188880166,24,52425,"CeeDee Lamb"
"7266",2023111209,2548,-5.44821050590445,-0.588708756412232,-9.93458583419065,31,52425,"CeeDee Lamb"
"7267",2023111209,2607,2.92562470260927,8.24358626375178,8.24358626375178,18,52425,"CeeDee Lamb"
"7268",2023111209,2654,20.9860251561174,87.538959822783,87.538959822783,31,52425,"CeeDee Lamb"
"7269",2023111209,2679,26.6402105199736,81.7164039813375,70.6807050199699,33,52425,"CeeDee Lamb"
"7270",2023111209,2844,33.3526759256457,60.6319476146202,33.4829899721186,38,52425,"CeeDee Lamb"
"7271",2023111209,2898,28.4901460968574,55.2905845171154,55.2905845171154,33,52425,"CeeDee Lamb"
"7272",2023111209,2921,30.9268578475331,47.2629250507714,44.7362804179872,18,52425,"CeeDee Lamb"
"7273",2023111209,2951,0,0,0,18,52425,"CeeDee Lamb"
"7274",2023111209,2974,20.7523884496403,62.0888052099329,62.0888052099329,29,52425,"CeeDee Lamb"
"7275",2023111209,3170,9.54461102222715,16.2190925655605,10.5746026221642,16,52425,"CeeDee Lamb"
"7276",2023111209,3202,14.7262472637576,23.2485083514553,17.1153654906578,20,52425,"CeeDee Lamb"
"7277",2023111900,103,11.7433850507173,20.5959202359873,14.0271316114018,19,52425,"CeeDee Lamb"
"7278",2023111900,417,10.3397016912525,68.866163937459,68.866163937459,30,52425,"CeeDee Lamb"
"7279",2023111900,471,16.9792334995337,58.5915068320196,58.589857931555,26,52425,"CeeDee Lamb"
"7280",2023111900,538,4.75800450061305,10.0707014317345,10.0707014317345,26,52425,"CeeDee Lamb"
"7281",2023111900,563,6.98624301052156,14.0602938275163,14.0602938275163,17,52425,"CeeDee Lamb"
"7282",2023111900,640,16.0497115217987,29.4253535180686,29.4253535180686,24,52425,"CeeDee Lamb"
"7283",2023111900,850,1.94518591168483,19.3609487216964,19.3609487216964,16,52425,"CeeDee Lamb"
"7284",2023111900,882,18.1475577134639,57.6128479810313,53.2517458896946,38,52425,"CeeDee Lamb"
"7285",2023111900,905,28.6942762767428,138.522037246846,138.522037246846,40,52425,"CeeDee Lamb"
"7286",2023111900,955,0,0,0,25,52425,"CeeDee Lamb"
"7287",2023111900,1147,20.0233545670423,34.188609907852,19.972814291182,29,52425,"CeeDee Lamb"
"7288",2023111900,1455,23.3437218922382,70.1827536184091,70.1827536184091,28,52425,"CeeDee Lamb"
"7289",2023111900,1485,9.2623026990745,22.9409804667238,22.8735420629256,30,52425,"CeeDee Lamb"
"7290",2023111900,1532,29.4691121062722,68.6297199962828,68.6297199962828,30,52425,"CeeDee Lamb"
"7291",2023111900,1859,19.4749240737096,52.3077533402026,52.3077533402026,27,52425,"CeeDee Lamb"
"7292",2023111900,1882,11.7947715449992,18.3757430796109,18.3757430796109,41,52425,"CeeDee Lamb"
"7293",2023111900,1907,22.9869953429242,43.452002918036,43.452002918036,35,52425,"CeeDee Lamb"
"7294",2023111900,2008,13.4790875198473,17.8711743896649,17.4216817404401,18,52425,"CeeDee Lamb"
"7295",2023111900,2031,20.6903781452122,32.4917137036645,32.4917137036645,22,52425,"CeeDee Lamb"
"7296",2023111900,2096,17.9913683265244,23.2543860816516,18.5336458449256,26,52425,"CeeDee Lamb"
"7297",2023111900,2126,18.3460420709677,31.763225798379,31.763225798379,21,52425,"CeeDee Lamb"
"7298",2023111900,2410,17.562018867094,41.7220800523557,41.7220800523557,29,52425,"CeeDee Lamb"
"7299",2023111900,2440,18.620432311953,41.8824975270975,41.8824975270975,24,52425,"CeeDee Lamb"
"7300",2023111900,2490,12.8981383872166,20.1080620716469,19.3371475739911,28,52425,"CeeDee Lamb"
"7301",2023111900,3141,60.5347317329869,134.241751110499,81.2969777271795,46,52425,"CeeDee Lamb"
"7302",2023111900,3189,11.7943018221929,23.8021798052079,5.72940614050259,28,52425,"CeeDee Lamb"
"7303",2023111900,3234,10.7800687455997,17.0258003821252,15.1525027629204,17,52425,"CeeDee Lamb"
"7304",2023111900,3714,3.30933031740527,7.35488706683494,3.35159417982861,26,52425,"CeeDee Lamb"
"7305",2023112301,217,12.4700521779922,78.1242596065455,78.1242596065455,27,52425,"CeeDee Lamb"
"7306",2023112301,305,39.915451723531,105.855480523636,105.855480523636,32,52425,"CeeDee Lamb"
"7307",2023112301,644,3.3696048199113,9.97141957655236,8.62752740671545,31,52425,"CeeDee Lamb"
"7308",2023112301,713,5.92171600842516,8.60002660138653,8.47053960430452,16,52425,"CeeDee Lamb"
"7309",2023112301,738,10.2173472543138,17.2900815354748,16.5603869525998,30,52425,"CeeDee Lamb"
"7310",2023112301,818,39.5871355850729,112.205630043961,112.205630043961,30,52425,"CeeDee Lamb"
"7311",2023112301,879,7.36041997129835,12.3639850769728,12.238683777582,24,52425,"CeeDee Lamb"
"7312",2023112301,930,5.52914158205392,24.1902454685532,24.1902454685532,24,52425,"CeeDee Lamb"
"7313",2023112301,1306,6.99275470176163,20.9831201819993,20.9831201819993,26,52425,"CeeDee Lamb"
"7314",2023112301,1353,8.76062510328364,12.035255225377,11.0539416664551,18,52425,"CeeDee Lamb"
"7315",2023112301,1400,20.9719781775817,33.404619333642,27.3401661593233,18,52425,"CeeDee Lamb"
"7316",2023112301,1944,11.5972414950329,39.6679129916521,39.6679129916521,27,52425,"CeeDee Lamb"
"7317",2023112301,2001,17.7821387098879,37.3909386117888,12.9933850255697,40,52425,"CeeDee Lamb"
"7318",2023112301,2026,26.1033477204144,67.3118426257505,23.4392425277472,47,52425,"CeeDee Lamb"
"7319",2023112301,2258,12.3010618740983,30.1741888941618,15.3020054746909,32,52425,"CeeDee Lamb"
"7320",2023112301,2309,16.6752469983867,33.387567425911,33.387567425911,25,52425,"CeeDee Lamb"
"7321",2023112301,2332,26.2791445101624,37.3099554333483,29.6612627796464,31,52425,"CeeDee Lamb"
"7322",2023112301,2662,28.5471359342824,50.6503671031891,50.6503671031891,26,52425,"CeeDee Lamb"
"7323",2023112301,2944,18.4365870728621,57.2690896681496,54.4399886355994,32,52425,"CeeDee Lamb"
"7324",2023112301,2967,21.2440439088814,44.1699884525934,30.4947157686931,50,52425,"CeeDee Lamb"
"7325",2023112301,3019,4.76635952589538,15.2755779552813,15.2755779552813,27,52425,"CeeDee Lamb"
"7326",2023112301,3075,12.8897435634921,20.6913338999991,15.2899980914674,26,52425,"CeeDee Lamb"
"7327",2023112301,3142,30.1847207970755,80.6833176258314,80.37027187086,37,52425,"CeeDee Lamb"
"7328",2023112301,3368,34.1787547342481,93.7825546782116,80.6260173266199,32,52425,"CeeDee Lamb"
"7329",2023112301,3393,12.9349852745524,58.5343824792164,58.5343824792164,34,52425,"CeeDee Lamb"
"7330",2023112301,3721,30.8558222288662,91.54270207628,77.052196155458,33,52425,"CeeDee Lamb"
"7331",2023113000,87,23.4276959952693,68.2556485262019,67.5215663541723,28,52425,"CeeDee Lamb"
"7332",2023113000,112,11.9785515061357,21.2747261888256,19.8297895116074,18,52425,"CeeDee Lamb"
"7333",2023113000,159,26.0848672400353,53.6785387748179,39.2509458539049,38,52425,"CeeDee Lamb"
"7334",2023113000,240,6.12185301000015,8.9898487947104,8.9898487947104,13,52425,"CeeDee Lamb"
"7335",2023113000,263,11.8939610650343,18.1424811579462,18.1424811579462,28,52425,"CeeDee Lamb"
"7336",2023113000,286,18.0913762211601,24.3706534757628,24.3706534757628,54,52425,"CeeDee Lamb"
"7337",2023113000,607,55.0461000602729,120.180043353157,112.936811523685,43,52425,"CeeDee Lamb"
"7338",2023113000,693,22.4491797299026,45.5194212943336,41.2488773388114,28,52425,"CeeDee Lamb"
"7339",2023113000,1044,16.6057309799543,24.9168753911062,18.8827832940372,21,52425,"CeeDee Lamb"
"7340",2023113000,1108,17.1150951323822,23.5535939698448,11.061288803755,19,52425,"CeeDee Lamb"
"7341",2023113000,1244,7.51703976474153,50.9946073275519,50.9946073275519,32,52425,"CeeDee Lamb"
"7342",2023113000,1296,10.4579875572782,19.6234472071698,19.6234472071698,32,52425,"CeeDee Lamb"
"7343",2023113000,1368,14.6146070829152,35.7884423985671,13.7880043450175,47,52425,"CeeDee Lamb"
"7344",2023113000,1391,13.3753052551081,20.5854333940699,20.5854333940699,20,52425,"CeeDee Lamb"
"7345",2023113000,1760,14.6282078901343,25.6683364759144,25.5729904492953,23,52425,"CeeDee Lamb"
"7346",2023113000,1832,10.0203633800436,15.4705459718625,15.4705459718625,21,52425,"CeeDee Lamb"
"7347",2023113000,1970,16.6858313043522,22.514865448699,16.4441386965283,25,52425,"CeeDee Lamb"
"7348",2023113000,1995,15.5118894894642,24.7229850000276,22.2365845100058,30,52425,"CeeDee Lamb"
"7349",2023113000,3117,13.9331639360225,18.254199224996,13.2376478414727,23,52425,"CeeDee Lamb"
"7350",2023113000,3236,21.2431695011631,61.6221605771308,55.5604376857142,28,52425,"CeeDee Lamb"
"7351",2023113000,3431,7.71512658348073,9.03046867891495,9.03046867891495,21,52425,"CeeDee Lamb"
"7352",2023113000,3616,13.0924522058688,22.2875412953672,17.6872476881718,21,52425,"CeeDee Lamb"
"7353",2023113000,3644,11.4590210599397,47.7734576751533,47.7734576751533,27,52425,"CeeDee Lamb"
"7354",2023113000,3669,4.63554273492168,11.3310426674172,11.3310426674172,19,52425,"CeeDee Lamb"
"7355",2023113000,3974,8.09456348800444,32.1318317697337,30.323411441049,29,52425,"CeeDee Lamb"
"7356",2023113000,4021,18.9486613532881,33.8896142925904,32.0508410871934,26,52425,"CeeDee Lamb"
"7357",2023113000,4326,3.12393960267002,14.304616721812,14.304616721812,23,52425,"CeeDee Lamb"
"7358",2023113000,4385,6.58376824751329,57.9201743560016,57.9201743560016,33,52425,"CeeDee Lamb"
"7359",2023113000,4408,11.7894246779639,21.8869091668046,19.9039861197442,18,52425,"CeeDee Lamb"
"7360",2023113000,4433,8.48731112293984,15.6469297367621,15.0243671239894,28,52425,"CeeDee Lamb"
"7361",2023113000,4523,15.0562880667921,22.5696276525738,16.4524266632656,30,52425,"CeeDee Lamb"
"7362",2023113000,4812,17.5688082402856,29.7713561881424,29.7713561881424,28,52425,"CeeDee Lamb"
"7363",2023121011,64,12.3394474315983,30.8746465916604,27.7839236355539,43,52425,"CeeDee Lamb"
"7364",2023121011,239,14.9592334850531,71.0499211731413,71.0499211731413,33,52425,"CeeDee Lamb"
"7365",2023121011,262,11.3189113592348,22.640020493167,20.2638104802758,24,52425,"CeeDee Lamb"
"7366",2023121011,292,9.65417692890049,15.4828361654671,13.7691669905267,58,52425,"CeeDee Lamb"
"7367",2023121011,728,8.64845950509488,15.2601411112002,15.2601411112002,30,52425,"CeeDee Lamb"
"7368",2023121011,753,14.3344046112064,60.5392460318303,57.5395270508847,65,52425,"CeeDee Lamb"
"7369",2023121011,776,16.6995086047859,30.4368716015887,30.4368716015887,33,52425,"CeeDee Lamb"
"7370",2023121011,845,1.67358230243508,5.19948454634527,5.19948454634527,25,52425,"CeeDee Lamb"
"7371",2023121011,1035,10.7382247731848,17.8411035781506,17.8411035781506,26,52425,"CeeDee Lamb"
"7372",2023121011,1058,12.6941283650083,17.6718327820319,10.8882003866795,33,52425,"CeeDee Lamb"
"7373",2023121011,1081,18.6308748160988,61.2199587833188,61.2199587833188,30,52425,"CeeDee Lamb"
"7374",2023121011,1403,8.72346252734619,17.890981712455,17.890981712455,25,52425,"CeeDee Lamb"
"7375",2023121011,1453,-2.51011502283188,0,-6.87211317067445,34,52425,"CeeDee Lamb"
"7376",2023121011,2044,0.300615131947466,8.01795666357324,8.01795666357324,21,52425,"CeeDee Lamb"
"7377",2023121011,2074,10.2572266666429,37.1982314411405,37.1982314411405,30,52425,"CeeDee Lamb"
"7378",2023121011,2124,18.5043599048714,47.1487609655519,47.1487609655519,33,52425,"CeeDee Lamb"
"7379",2023121011,2228,16.4372442244076,36.985330317296,36.985330317296,29,52425,"CeeDee Lamb"
"7380",2023121011,2275,10.1830182440445,14.2833023685062,14.2542183345,18,52425,"CeeDee Lamb"
"7381",2023121011,2305,9.8381503058931,12.5424726813522,12.2116460222398,19,52425,"CeeDee Lamb"
"7382",2023121011,2721,18.8004819347202,89.4994917880767,89.4994917880767,29,52425,"CeeDee Lamb"
"7383",2023121011,2744,14.5140823840845,18.7636694137976,17.0559884381416,23,52425,"CeeDee Lamb"
"7384",2023121011,2922,8.67568787594383,15.1405111596807,11.751779762908,30,52425,"CeeDee Lamb"
"7385",2023121011,3091,3.01525890404605,5.73758804131389,5.73758804131389,21,52425,"CeeDee Lamb"
"7386",2023121011,3139,20.041773417218,40.0741961127383,38.347800682716,24,52425,"CeeDee Lamb"
"7387",2023121011,3654,20.8299194631273,42.864778343613,37.8843257072614,28,52425,"CeeDee Lamb"
"7388",2023121011,3701,15.3264315263288,30.9185344805071,30.9185344805071,41,52425,"CeeDee Lamb"
"7389",2023121011,3780,6.19877134097601,17.0873760590036,17.0873760590036,16,52425,"CeeDee Lamb"
"7390",2023121011,4203,13.1875777621781,31.9752529381558,31.9752529381558,29,52425,"CeeDee Lamb"
"7391",2023121706,433,17.3129693944931,39.4103979721374,28.4775704861178,33,52425,"CeeDee Lamb"
"7392",2023121706,489,9.13205075966155,19.2807038278995,18.1998997127507,17,52425,"CeeDee Lamb"
"7393",2023121706,749,29.5559126328374,85.7464597012538,53.8171892230177,29,52425,"CeeDee Lamb"
"7394",2023121706,783,16.5320975646272,26.8289495805094,26.7632646313016,26,52425,"CeeDee Lamb"
"7395",2023121706,1327,18.1306256044864,50.707600340346,50.707600340346,26,52425,"CeeDee Lamb"
"7396",2023121706,1352,15.7422204542288,42.7703510532276,32.9109176510526,34,52425,"CeeDee Lamb"
"7397",2023121706,1931,10.7916700528547,17.1597728469346,16.424160906012,23,52425,"CeeDee Lamb"
"7398",2023121706,1956,7.52576123971254,14.6769708737938,14.6769708737938,27,52425,"CeeDee Lamb"
"7399",2023121706,1979,39.1083051487738,80.5261993515725,72.9138493826388,32,52425,"CeeDee Lamb"
"7400",2023121706,2004,12.1758004126352,18.6422743105617,18.4269158939594,28,52425,"CeeDee Lamb"
"7401",2023121706,2118,5.40299803057325,10.8196346895111,10.5069072853686,42,52425,"CeeDee Lamb"
"7402",2023121706,2187,34.3370824358034,112.019634036642,112.019634036642,39,52425,"CeeDee Lamb"
"7403",2023121706,3027,3.8023310228698,14.0292972246622,14.0292972246622,17,52425,"CeeDee Lamb"
"7404",2023121706,3057,15.0333127346276,43.8374419674818,43.8374419674818,29,52425,"CeeDee Lamb"
"7405",2023121706,3084,12.2587682126246,19.3717770851533,15.9678386400531,26,52425,"CeeDee Lamb"
"7406",2023121706,3121,5.46204217603855,13.8738170253769,13.8738170253769,26,52425,"CeeDee Lamb"
"7407",2023121706,3160,5.21139124188712,13.8473460637634,13.8473460637634,20,52425,"CeeDee Lamb"
"7408",2023121706,3212,14.9739409818279,33.774138753308,33.774138753308,30,52425,"CeeDee Lamb"
"7409",2023121706,3345,-7.36316184242316,-1.93884765204375,-4.39961975395476,23,52425,"CeeDee Lamb"
"7410",2023121706,3377,4.64315686203939,11.6552476676947,11.6552476676947,16,52425,"CeeDee Lamb"
"7411",2023121706,3402,-4.31577293461888,-1.28629341303366,-1.4917292815442,25,52425,"CeeDee Lamb"
"7412",2023121706,3427,6.07721360680087,11.0348657211711,8.37934372301588,18,52425,"CeeDee Lamb"
"7413",2023121706,3452,8.91386982825425,16.8960688503062,16.8960688503062,28,52425,"CeeDee Lamb"
"7414",2023121706,3524,7.39401244380303,14.1266947140433,14.1266947140433,17,52425,"CeeDee Lamb"
"7415",2023121706,3547,9.89751789103435,28.8897373769954,28.8897373769954,24,52425,"CeeDee Lamb"
"7416",2023121706,3584,13.0679226240277,16.5631282926336,15.3054121933999,31,52425,"CeeDee Lamb"
"7417",2023121706,3629,7.81193561182088,11.8264043912137,9.69895594993436,21,52425,"CeeDee Lamb"
"7418",2023122410,55,-1.366207870995,3.95554950332768,3.95554950332768,25,52425,"CeeDee Lamb"
"7419",2023122410,112,-2.05794223815481,0,-7.53074722486343,31,52425,"CeeDee Lamb"
"7420",2023122410,203,7.09117380214478,11.8870435568857,11.8870435568857,17,52425,"CeeDee Lamb"
"7421",2023122410,295,13.3698462548706,26.162036249041,24.7342695730003,31,52425,"CeeDee Lamb"
"7422",2023122410,349,0,0,0,23,52425,"CeeDee Lamb"
"7423",2023122410,773,13.9099666024685,42.9444281786836,42.2225807818533,31,52425,"CeeDee Lamb"
"7424",2023122410,820,11.8126866294384,19.9918677214087,19.9178775184899,20,52425,"CeeDee Lamb"
"7425",2023122410,2213,4.70108908747916,11.7041474855551,11.3508696559322,16,52425,"CeeDee Lamb"
"7426",2023122410,2236,13.3944004468664,33.0654640442546,31.9319856517145,40,52425,"CeeDee Lamb"
"7427",2023122410,2428,3.75550835601916,15.8658023496534,15.8658023496534,22,52425,"CeeDee Lamb"
"7428",2023122410,2453,0,0,0,35,52425,"CeeDee Lamb"
"7429",2023122410,2568,21.7461819950284,39.7336616371952,26.2859408505612,46,52425,"CeeDee Lamb"
"7430",2023122410,2904,14.9750471357167,25.0199330886039,18.2101324858627,24,52425,"CeeDee Lamb"
"7431",2023122410,2929,0.148345796751056,2.12815102359965,2.12815102359965,30,52425,"CeeDee Lamb"
"7432",2023122410,3092,-2.76372545251359,-1.53312761407911,-3.53074242446863,21,52425,"CeeDee Lamb"
"7433",2023122410,3385,11.1379157228958,15.9538964493615,14.0280077328683,25,52425,"CeeDee Lamb"
"7434",2023122410,3415,27.0215916981913,49.7058563064405,48.6314252626373,49,52425,"CeeDee Lamb"
"7435",2023122410,3474,14.4729974159345,43.4135710372509,42.0480057186591,36,52425,"CeeDee Lamb"
"7436",2023122410,3497,12.9289351218201,20.7619046833906,10.6805911661381,29,52425,"CeeDee Lamb"
"7437",2023122410,3522,5.23942533753472,12.3238217890418,12.3238217890418,19,52425,"CeeDee Lamb"
"7438",2023122410,3638,12.3214597176162,18.7276610043619,18.6388582417514,20,52425,"CeeDee Lamb"
"7439",2023122410,3661,12.8456119615929,19.9691249847571,16.9156240328196,55,52425,"CeeDee Lamb"
"7440",2023122410,3738,12.218491587761,19.8869314148512,19.8869314148512,24,52425,"CeeDee Lamb"
"7441",2023122410,3761,12.4848706138749,18.8283793162144,14.080898972167,27,52425,"CeeDee Lamb"
"7442",2023123000,356,10.7972870561109,23.0891066821133,23.0891066821133,29,52425,"CeeDee Lamb"
"7443",2023123000,403,8.98717198041557,22.9463211097992,22.9463211097992,25,52425,"CeeDee Lamb"
"7444",2023123000,428,13.8945901217786,31.4150066544081,31.4150066544081,44,52425,"CeeDee Lamb"
"7445",2023123000,458,7.6761251532327,11.355397173739,9.69722828846217,30,52425,"CeeDee Lamb"
"7446",2023123000,481,26.7447031304165,51.2160703153277,28.7917043575513,54,52425,"CeeDee Lamb"
"7447",2023123000,675,6.17710036945867,15.3625002134622,15.206762414091,26,52425,"CeeDee Lamb"
"7448",2023123000,698,35.2919955983841,114.932232902448,114.932232902448,55,52425,"CeeDee Lamb"
"7449",2023123000,916,6.77150545276703,11.7627063111226,11.7627063111226,18,52425,"CeeDee Lamb"
"7450",2023123000,941,16.5016116368012,35.3865720573059,33.6574075163446,27,52425,"CeeDee Lamb"
"7451",2023123000,1089,8.90897973915945,12.9899663975734,12.2387832558446,34,52425,"CeeDee Lamb"
"7452",2023123000,1143,15.8097598962807,55.2193187810717,54.8360978268821,36,52425,"CeeDee Lamb"
"7453",2023123000,1246,7.28291411428401,12.3327807136896,12.3327807136896,25,52425,"CeeDee Lamb"
"7454",2023123000,1549,8.27896323106411,25.2031279513484,25.2031279513484,26,52425,"CeeDee Lamb"
"7455",2023123000,1603,-0.87160874566758,0.364091763968548,-1.47624818392954,24,52425,"CeeDee Lamb"
"7456",2023123000,1633,19.6837485388321,47.5002499925974,47.5002499925974,36,52425,"CeeDee Lamb"
"7457",2023123000,1731,20.7693082313613,41.3776958957959,40.9433079286436,28,52425,"CeeDee Lamb"
"7458",2023123000,1916,8.58492619285799,23.6114467732962,17.2135431727079,26,52425,"CeeDee Lamb"
"7459",2023123000,2048,8.04594551612266,16.1251812513691,15.965858300063,17,52425,"CeeDee Lamb"
"7460",2023123000,2073,15.3504523079763,25.8863276291309,25.8863276291309,16,52425,"CeeDee Lamb"
"7461",2023123000,2120,6.27879013593769,8.91463577412896,8.91463577412896,24,52425,"CeeDee Lamb"
"7462",2023123000,2143,19.1789845233832,31.2212086726919,18.5515683353768,25,52425,"CeeDee Lamb"
"7463",2023123000,2655,11.7321322817537,20.9708560363557,19.9335564464549,17,52425,"CeeDee Lamb"
"7464",2023123000,2687,8.54575217167901,18.4221617878537,18.4221617878537,17,52425,"CeeDee Lamb"
"7465",2023123000,2712,7.93205029307869,12.2543546393948,12.2543546393948,26,52425,"CeeDee Lamb"
"7466",2023123000,2735,4.05840751387333,7.29638424411474,7.29638424411474,19,52425,"CeeDee Lamb"
"7467",2023123000,3041,7.37430317082675,21.3006357651294,21.3006357651294,22,52425,"CeeDee Lamb"
"7468",2023123000,3071,4.75960752292377,12.8030061213497,12.8030061213497,23,52425,"CeeDee Lamb"
"7469",2023123000,3119,9.22074573611395,11.6258646079589,7.77371541623242,23,52425,"CeeDee Lamb"
"7470",2023123000,3171,11.6996462909665,18.3387177557609,9.22951624383406,31,52425,"CeeDee Lamb"
"7471",2023123000,3240,8.95806440529879,19.0868447061033,19.0868447061033,25,52425,"CeeDee Lamb"
"7472",2023123000,3479,25.0501616983328,59.9829786846538,54.6308143163016,47,52425,"CeeDee Lamb"
"7473",2023123000,3502,8.25480845028075,22.7528934127382,22.7528934127382,21,52425,"CeeDee Lamb"
"7474",2023123000,3740,20.5016521159923,28.4761309396132,23.1811987039869,15,52425,"CeeDee Lamb"
"7475",2023123000,3795,20.6716912288673,40.501238034876,40.501238034876,15,52425,"CeeDee Lamb"
"7476",2024010707,287,12.2397018706213,28.0966805245439,26.2218516346041,30,52425,"CeeDee Lamb"
"7477",2024010707,341,4.3799009799527,13.8422490878617,13.8422490878617,26,52425,"CeeDee Lamb"
"7478",2024010707,371,5.65871776989549,10.9557060757311,10.9557060757311,19,52425,"CeeDee Lamb"
"7479",2024010707,443,5.54501203649701,12.3848904538745,12.3848904538745,21,52425,"CeeDee Lamb"
"7480",2024010707,468,2.8881473853101,6.22150087360421,6.22150087360421,24,52425,"CeeDee Lamb"
"7481",2024010707,643,7.57367940115957,15.808753981981,15.8002380284976,22,52425,"CeeDee Lamb"
"7482",2024010707,690,17.0251358728607,37.3385762927311,34.100371369631,29,52425,"CeeDee Lamb"
"7483",2024010707,1098,4.92340018848462,10.1351321077881,10.1351321077881,28,52425,"CeeDee Lamb"
"7484",2024010707,1123,2.37963824415419,9.15341885703866,9.15341885703866,25,52425,"CeeDee Lamb"
"7485",2024010707,1153,10.791457407646,18.5212195150234,9.85308043601506,27,52425,"CeeDee Lamb"
"7486",2024010707,1544,6.94726640419387,17.2934385073786,14.6613459261497,20,52425,"CeeDee Lamb"
"7487",2024010707,1584,15.4823082926465,76.6981294977137,76.6981294977137,28,52425,"CeeDee Lamb"
"7488",2024010707,1996,3.67902524152653,7.87346445940058,7.87346445940058,22,52425,"CeeDee Lamb"
"7489",2024010707,2026,9.22430824472873,13.5560398652714,13.5560398652714,19,52425,"CeeDee Lamb"
"7490",2024010707,2051,12.052676712637,26.1897455821475,26.1897455821475,29,52425,"CeeDee Lamb"
"7491",2024010707,2081,11.0801042720329,18.7526692775103,9.06624233247057,29,52425,"CeeDee Lamb"
"7492",2024010707,2106,12.7355569470899,23.5117629285437,23.5117629285437,19,52425,"CeeDee Lamb"
"7493",2024010707,2131,7.27232046638048,10.5298782372531,10.5298782372531,25,52425,"CeeDee Lamb"
"7494",2024010707,2271,18.3489464051932,82.1539786917038,67.4666444317827,30,52425,"CeeDee Lamb"
"7495",2024010707,2323,10.2149034922486,18.8546622348412,18.8546622348412,21,52425,"CeeDee Lamb"
"7496",2024010707,2395,5.06848515102983,10.2238512572152,10.2238512572152,26,52425,"CeeDee Lamb"
"7497",2024010707,2464,23.6184825425613,67.7547614824621,48.9542989739868,30,52425,"CeeDee Lamb"
"7498",2024010707,2511,0.379284255179024,2.21058987297718,2.21058987297718,29,52425,"CeeDee Lamb"
"7499",2024010707,2536,15.4472121516043,29.573162768866,18.9279767891326,73,52425,"CeeDee Lamb"
"7500",2024010707,2737,9.39267257939679,14.9233773793251,10.7157185584777,24,52425,"CeeDee Lamb"
"7501",2024010707,2832,21.8683388647074,35.1946432689939,35.1946432689939,23,52425,"CeeDee Lamb"
"7502",2024010707,3108,6.18291513584009,19.7885554708285,19.7885554708285,23,52425,"CeeDee Lamb"
"7503",2024010707,3155,11.0353259187504,27.3526339416431,27.3526339416431,34,52425,"CeeDee Lamb"
"7504",2024010707,3236,10.4796771953221,16.8909741747712,9.72016320898168,29,52425,"CeeDee Lamb"
"7505",2024010707,3283,21.8893277611948,130.639695074395,130.639695074395,32,52425,"CeeDee Lamb"
"7506",2024010707,3313,-0.142202810564436,7.80939223765171,7.80939223765171,18,52425,"CeeDee Lamb"
"7507",2024010707,3360,19.0849975980578,35.3981962033843,34.3116765736029,30,52425,"CeeDee Lamb"
"7508",2023091010,121,2.23184275796694,6.39908996402427,6.39908996402427,18,43454,"Tyreek Hill"
"7509",2023091010,607,21.0711883118022,79.1837989127163,79.1837989127163,32,43454,"Tyreek Hill"
"7510",2023091010,706,5.68335734882057,13.3602396604282,13.3602396604282,39,43454,"Tyreek Hill"
"7511",2023091010,767,14.8859416156298,28.0291397537558,12.1548038993172,39,43454,"Tyreek Hill"
"7512",2023091010,1040,16.6622596105979,73.471571421051,70.9646240610599,28,43454,"Tyreek Hill"
"7513",2023091010,1072,22.1224816291138,58.61155412808,52.1425915432644,32,43454,"Tyreek Hill"
"7514",2023091010,1249,17.389246537616,36.9584775944247,33.4364787477799,17,43454,"Tyreek Hill"
"7515",2023091010,1513,8.90009297787411,27.7351686666633,27.7351686666633,35,43454,"Tyreek Hill"
"7516",2023091010,1761,49.6729550311932,105.103875930207,57.6988171929561,42,43454,"Tyreek Hill"
"7517",2023091010,1835,5.21107762440105,10.4719299965089,10.4719299965089,18,43454,"Tyreek Hill"
"7518",2023091010,1858,7.9275883713423,11.3421106858035,9.81647146969703,25,43454,"Tyreek Hill"
"7519",2023091010,1888,22.8382054745617,55.8991183713328,47.5091972796347,29,43454,"Tyreek Hill"
"7520",2023091010,1940,7.00565368424271,16.7293823682785,16.7293823682785,24,43454,"Tyreek Hill"
"7521",2023091010,2002,14.7449105754176,21.7101837687432,15.5116637296464,18,43454,"Tyreek Hill"
"7522",2023091010,2930,9.79072755128774,22.526335948482,22.526335948482,22,43454,"Tyreek Hill"
"7523",2023091010,3029,4.23621852523215,8.3309951411459,8.3309951411459,21,43454,"Tyreek Hill"
"7524",2023091010,3064,13.8431886977027,24.6509159929697,24.6509159929697,30,43454,"Tyreek Hill"
"7525",2023091010,3198,9.62394301070986,29.3434827681824,29.3434827681824,26,43454,"Tyreek Hill"
"7526",2023091010,3640,54.2722495003252,196.566172792291,196.566172792291,47,43454,"Tyreek Hill"
"7527",2023091010,3701,14.6751248757537,23.4099425234178,17.7830577979009,29,43454,"Tyreek Hill"
"7528",2023091010,3803,14.3899401383187,21.996269236693,18.9184170902381,20,43454,"Tyreek Hill"
"7529",2023091010,3826,19.6931233687518,27.9620577671603,27.4737511693074,16,43454,"Tyreek Hill"
"7530",2023091010,4321,13.1933120354158,19.5021856910826,18.7237569460442,19,43454,"Tyreek Hill"
"7531",2023091010,4426,49.121214942212,196.746541515053,196.746541515053,38,43454,"Tyreek Hill"
"7532",2023091010,4498,12.404039418318,25.392283799042,25.392283799042,40,43454,"Tyreek Hill"
"7533",2023091010,4528,15.8235981486604,32.6414524034538,32.6414524034538,18,43454,"Tyreek Hill"
"7534",2023091010,4558,9.30450812192183,20.3346388615544,20.3346388615544,14,43454,"Tyreek Hill"
"7535",2023091712,318,40.0756397948658,175.547634433078,175.547634433078,32,43454,"Tyreek Hill"
"7536",2023091712,420,6.69522335332274,24.6126748350833,24.6126748350833,36,43454,"Tyreek Hill"
"7537",2023091712,445,5.9111474537286,13.6974854743286,13.6974854743286,17,43454,"Tyreek Hill"
"7538",2023091712,894,5.33734043646295,20.3327928945839,20.3327928945839,23,43454,"Tyreek Hill"
"7539",2023091712,922,20.7927727981586,35.4325004613834,31.8452807600816,19,43454,"Tyreek Hill"
"7540",2023091712,991,8.1502979591016,17.5938148835918,17.5938148835918,21,43454,"Tyreek Hill"
"7541",2023091712,1493,11.4703162257106,19.9177520382161,19.9177520382161,17,43454,"Tyreek Hill"
"7542",2023091712,1921,2.25154041648391,5.22694791867761,5.22694791867761,18,43454,"Tyreek Hill"
"7543",2023091712,1946,3.70385547783588,9.4351275003818,9.4351275003818,18,43454,"Tyreek Hill"
"7544",2023091712,2003,19.1730283525052,31.8309210696309,31.3623820590752,19,43454,"Tyreek Hill"
"7545",2023091712,2028,18.1416639464803,22.2884592604454,22.2884592604454,20,43454,"Tyreek Hill"
"7546",2023091712,2053,7.96334350218959,16.7988886044293,16.7988886044293,15,43454,"Tyreek Hill"
"7547",2023091712,2078,23.1205184113215,52.5763092295822,49.9885575240238,34,43454,"Tyreek Hill"
"7548",2023091712,2184,15.2297458169635,22.1724271492804,20.9452069087956,16,43454,"Tyreek Hill"
"7549",2023091712,2579,3.02372284124722,6.80537376031199,6.24611416354108,16,43454,"Tyreek Hill"
"7550",2023091712,2611,-4.42790624534883,0.102414807446982,0.102414807446982,15,43454,"Tyreek Hill"
"7551",2023091712,2685,5.41862551081144,12.8398450709134,12.0583341604161,19,43454,"Tyreek Hill"
"7552",2023091712,2732,10.8389828952054,26.0153974148313,26.0153974148313,21,43454,"Tyreek Hill"
"7553",2023091712,2828,22.3445560877153,55.2334284605886,55.2334284605886,32,43454,"Tyreek Hill"
"7554",2023091712,2853,22.2574248345433,33.6891786891914,33.5493460320405,17,43454,"Tyreek Hill"
"7555",2023091712,3163,1.32013367590068,2.60618648670909,2.18546828036611,19,43454,"Tyreek Hill"
"7556",2023091712,3215,2.9867311649703,8.90161799074521,8.90161799074521,27,43454,"Tyreek Hill"
"7557",2023091712,3606,43.0841765195526,158.247789816533,158.247789816533,33,43454,"Tyreek Hill"
"7558",2023092405,77,9.56483064313632,23.2970754638115,23.2970754638115,24,43454,"Tyreek Hill"
"7559",2023092405,102,39.3314512846858,202.618422946623,202.618422946623,38,43454,"Tyreek Hill"
"7560",2023092405,297,4.40402574649715,10.1434747682498,10.1434747682498,16,43454,"Tyreek Hill"
"7561",2023092405,344,4.60679448618561,6.64950637872897,5.8166158090108,28,43454,"Tyreek Hill"
"7562",2023092405,416,1.32799769382887,3.31214788450324,3.31214788450324,28,43454,"Tyreek Hill"
"7563",2023092405,838,14.8078788518405,26.9405096132759,26.9405096132759,19,43454,"Tyreek Hill"
"7564",2023092405,1036,6.81126257013025,17.5029980323971,17.5029980323971,22,43454,"Tyreek Hill"
"7565",2023092405,1103,5.6986607094625,16.1352874237478,16.1352874237478,26,43454,"Tyreek Hill"
"7566",2023092405,1741,12.0506289129731,31.221240822167,31.1399405747073,21,43454,"Tyreek Hill"
"7567",2023092405,1773,2.14457445295569,9.45332722495132,9.45332722495132,18,43454,"Tyreek Hill"
"7568",2023092405,1798,16.4947190183438,21.3467883837344,20.5907816279775,23,43454,"Tyreek Hill"
"7569",2023092405,1828,7.54416591420153,13.2868783904288,13.2864779823403,21,43454,"Tyreek Hill"
"7570",2023092405,2672,15.2494640227438,23.4963304441393,16.0571276636697,25,43454,"Tyreek Hill"
"7571",2023092405,2719,29.0783593150029,91.9278431735383,91.9278431735383,31,43454,"Tyreek Hill"
"7572",2023092405,2789,0.231797464518753,1.29188220724269,1.29188220724269,15,43454,"Tyreek Hill"
"7573",2023092405,2844,3.81596013017316,14.1834088487025,14.1834088487025,16,43454,"Tyreek Hill"
"7574",2023092405,3143,11.000902017368,23.7985340677975,21.5709677253131,34,43454,"Tyreek Hill"
"7575",2023092405,3234,19.731069809658,28.035118683419,21.6240898009376,28,43454,"Tyreek Hill"
"7576",2023092405,3259,18.0020178048398,51.9810430645025,44.2110033458378,35,43454,"Tyreek Hill"
"7577",2023100101,302,-0.699577201841027,8.332503603095,8.332503603095,16,43454,"Tyreek Hill"
"7578",2023100101,327,10.8853368994152,26.4280048387132,26.4280048387132,21,43454,"Tyreek Hill"
"7579",2023100101,403,17.1690474418522,51.564377008545,44.8540971762515,34,43454,"Tyreek Hill"
"7580",2023100101,892,17.7396432163332,54.8932309334287,34.0105385064021,33,43454,"Tyreek Hill"
"7581",2023100101,974,0,0,0,28,43454,"Tyreek Hill"
"7582",2023100101,1009,20.4662648591976,74.0824410726878,25.543832108545,30,43454,"Tyreek Hill"
"7583",2023100101,1066,7.16139360881391,13.3794549582952,13.3794549582952,20,43454,"Tyreek Hill"
"7584",2023100101,1507,7.45164524515603,13.3881912860184,13.1429901188893,17,43454,"Tyreek Hill"
"7585",2023100101,1795,6.17462639359115,14.0080541775149,9.76409285772399,25,43454,"Tyreek Hill"
"7586",2023100101,1960,17.0797558926023,91.6824370104871,91.6824370104871,27,43454,"Tyreek Hill"
"7587",2023100101,1990,26.4573417482834,55.5144886802143,40.5383923294605,39,43454,"Tyreek Hill"
"7588",2023100101,2352,8.65353199933684,15.4791975528093,15.4791975528093,18,43454,"Tyreek Hill"
"7589",2023100101,2493,26.1423874181973,89.0337245990617,76.0801036403187,34,43454,"Tyreek Hill"
"7590",2023100101,2590,17.8510062461673,24.3365463644372,20.3498767179308,24,43454,"Tyreek Hill"
"7591",2023100101,2892,12.6196923791754,24.2056023798734,23.7942143576354,21,43454,"Tyreek Hill"
"7592",2023100101,3066,11.8237849481113,25.1549589469114,24.8267293832804,24,43454,"Tyreek Hill"
"7593",2023100101,3135,17.6579423016314,34.0176740143957,32.0647799201071,26,43454,"Tyreek Hill"
"7594",2023100101,3441,11.7715111231092,18.1331714378717,16.9557912671773,21,43454,"Tyreek Hill"
"7595",2023100101,3990,52.8169974655852,79.4384068391336,45.8550242021632,23,43454,"Tyreek Hill"
"7596",2023100804,366,-2.70351945516516,0.0919025969301617,-10.0820611634116,34,43454,"Tyreek Hill"
"7597",2023100804,389,6.85016794423633,10.4902920306145,5.76539773315766,46,43454,"Tyreek Hill"
"7598",2023100804,851,8.21216046070009,15.634413294473,15.634413294473,26,43454,"Tyreek Hill"
"7599",2023100804,1100,9.09737069043864,24.7832992654112,24.7832992654112,37,43454,"Tyreek Hill"
"7600",2023100804,1725,3.40830123127447,5.72478359281377,4.76493650275159,28,43454,"Tyreek Hill"
"7601",2023100804,1755,5.89009116741105,15.9264933019734,15.8211957883164,20,43454,"Tyreek Hill"
"7602",2023100804,2119,26.6399256711332,65.0795444792456,34.7800499208326,38,43454,"Tyreek Hill"
"7603",2023100804,2167,17.8916606143844,36.2356152220127,36.2356152220127,26,43454,"Tyreek Hill"
"7604",2023100804,2560,12.0387228835263,28.0319195896909,28.0319195896909,22,43454,"Tyreek Hill"
"7605",2023100804,2585,19.1403174712517,35.356513044838,28.7720070916613,30,43454,"Tyreek Hill"
"7606",2023100804,3128,18.6497758827124,27.2501311455769,27.2501311455769,31,43454,"Tyreek Hill"
"7607",2023100804,3467,10.7196174254042,25.4346696768744,24.7877338232655,34,43454,"Tyreek Hill"
"7608",2023101507,189,46.7962061192943,158.346142538744,158.346142538744,30,43454,"Tyreek Hill"
"7609",2023101507,472,6.26018519009154,17.7307087247716,17.7307087247716,19,43454,"Tyreek Hill"
"7610",2023101507,901,26.3705795354783,68.9248285693961,62.6184530864475,27,43454,"Tyreek Hill"
"7611",2023101507,946,29.8689674876616,78.397899796025,55.9704887187148,32,43454,"Tyreek Hill"
"7612",2023101507,994,16.4856824918597,19.6670451669312,14.9915202931276,16,43454,"Tyreek Hill"
"7613",2023101507,1078,16.3869575252992,22.864585893923,21.8346417344579,24,43454,"Tyreek Hill"
"7614",2023101507,1471,13.0364260993453,38.158843075627,38.158843075627,39,43454,"Tyreek Hill"
"7615",2023101507,1688,32.1515971585978,36.7387796594441,32.3457086333928,20,43454,"Tyreek Hill"
"7616",2023101507,1735,25.2428027275665,33.6781304088375,32.5605819863527,13,43454,"Tyreek Hill"
"7617",2023101507,1758,35.0434997805748,46.4506891792204,24.8311846010275,22,43454,"Tyreek Hill"
"7618",2023101507,1830,17.9823837892038,32.2633748390317,32.2633748390317,23,43454,"Tyreek Hill"
"7619",2023101507,2176,44.9677175492054,104.500499623669,104.500499623669,27,43454,"Tyreek Hill"
"7620",2023101507,2505,31.7023782153123,108.320676540436,92.7586156170322,28,43454,"Tyreek Hill"
"7621",2023101507,2930,38.3074395996199,125.362910778333,124.925814584891,30,43454,"Tyreek Hill"
"7622",2023101507,2992,23.9073342133436,67.0898620655182,67.0898620655182,25,43454,"Tyreek Hill"
"7623",2023101507,3015,34.4248957016005,51.0339461912352,51.0339461912352,18,43454,"Tyreek Hill"
"7624",2023101507,3107,26.0450201165489,61.5388625798922,51.281711493913,39,43454,"Tyreek Hill"
"7625",2023101507,3516,18.4718206412307,34.5115657324985,34.5115657324985,26,43454,"Tyreek Hill"
"7626",2023102210,462,42.5700048811881,96.5069707554613,70.6494205172326,38,43454,"Tyreek Hill"
"7627",2023102210,514,0,0,0,27,43454,"Tyreek Hill"
"7628",2023102210,723,14.7242071068354,24.1618622177688,24.1618622177688,25,43454,"Tyreek Hill"
"7629",2023102210,775,15.5766984011486,31.0165945100256,29.3729374107408,30,43454,"Tyreek Hill"
"7630",2023102210,837,20.8977533863717,29.3268139578078,23.6970360243937,20,43454,"Tyreek Hill"
"7631",2023102210,1301,6.67877613327564,24.4555482693956,24.407118603759,18,43454,"Tyreek Hill"
"7632",2023102210,1331,8.99435131448219,13.9778058010761,12.082668096061,24,43454,"Tyreek Hill"
"7633",2023102210,1852,74.7344275726371,222.052499967964,222.052499967964,38,43454,"Tyreek Hill"
"7634",2023102210,1882,17.8479277609419,29.6910252591812,29.5313197936639,21,43454,"Tyreek Hill"
"7635",2023102210,1919,18.5355724019458,33.7351442420132,33.7351442420132,19,43454,"Tyreek Hill"
"7636",2023102210,1944,16.3790533036642,20.2936001404504,17.8110666934527,23,43454,"Tyreek Hill"
"7637",2023102210,1994,13.1594330526989,18.7893838957927,18.7893838957927,25,43454,"Tyreek Hill"
"7638",2023102210,2150,10.2547546302547,21.5134169701489,21.5134169701489,22,43454,"Tyreek Hill"
"7639",2023102210,2229,14.5756150045201,32.2752753352398,24.0630760450676,38,43454,"Tyreek Hill"
"7640",2023102210,2606,5.64411094138981,10.3720253054726,8.96201230162127,16,43454,"Tyreek Hill"
"7641",2023102210,2653,9.97387085860824,22.4682177210081,22.4682177210081,20,43454,"Tyreek Hill"
"7642",2023102210,3016,0.501439456595679,2.32481151375264,0,23,43454,"Tyreek Hill"
"7643",2023102210,3114,8.64863453271073,12.6609715566744,12.6609715566744,22,43454,"Tyreek Hill"
"7644",2023102210,3137,6.50312982262396,16.5698728350356,16.5698728350356,21,43454,"Tyreek Hill"
"7645",2023102210,3237,7.50671809721717,14.0869405521092,14.0869405521092,27,43454,"Tyreek Hill"
"7646",2023102210,3683,10.0714091898879,17.3414272342275,17.3414272342275,22,43454,"Tyreek Hill"
"7647",2023102210,3748,8.52351152786528,17.6009415086483,17.0036439734863,25,43454,"Tyreek Hill"
"7648",2023102904,180,12.601469500343,27.9946157161201,27.9946157161201,25,43454,"Tyreek Hill"
"7649",2023102904,203,17.8567482428489,28.5953265441106,28.5953265441106,24,43454,"Tyreek Hill"
"7650",2023102904,228,19.226629059582,35.2777020917061,35.2777020917061,18,43454,"Tyreek Hill"
"7651",2023102904,302,19.1532647157172,31.0061876206496,31.0061876206496,19,43454,"Tyreek Hill"
"7652",2023102904,492,3.3608451009958,9.80746335765969,8.48954402562197,29,43454,"Tyreek Hill"
"7653",2023102904,566,19.112956648508,25.8270850540576,18.9954395139079,27,43454,"Tyreek Hill"
"7654",2023102904,707,7.34986339148233,19.8942776659585,19.8942776659585,30,43454,"Tyreek Hill"
"7655",2023102904,764,6.37228818001679,11.4723235604341,9.05374928983003,28,43454,"Tyreek Hill"
"7656",2023102904,838,39.4949217983359,160.416963104426,160.416963104426,27,43454,"Tyreek Hill"
"7657",2023102904,1131,11.1305647755807,17.2112179823263,17.2112179823263,29,43454,"Tyreek Hill"
"7658",2023102904,1255,22.3098183654899,39.6630559910212,29.9806090328375,35,43454,"Tyreek Hill"
"7659",2023102904,1417,12.7571130042868,22.4673576401793,13.8457440817476,43,43454,"Tyreek Hill"
"7660",2023102904,1474,9.08017816928228,16.2899791141603,16.2899791141603,15,43454,"Tyreek Hill"
"7661",2023102904,1781,9.1171056659403,14.3166628341915,14.3166628341915,21,43454,"Tyreek Hill"
"7662",2023102904,1809,14.4996273370259,54.8020771177254,54.8020771177254,22,43454,"Tyreek Hill"
"7663",2023102904,1871,13.1707285707348,19.1227952735539,19.1227952735539,16,43454,"Tyreek Hill"
"7664",2023102904,1903,25.307295542328,33.7672412268436,33.7672412268436,22,43454,"Tyreek Hill"
"7665",2023102904,1928,4.18393362490887,10.7480912614896,10.7480912614896,20,43454,"Tyreek Hill"
"7666",2023102904,1958,9.9894641841074,18.66963790795,18.66963790795,18,43454,"Tyreek Hill"
"7667",2023102904,1983,12.012045184961,18.6280830530884,18.6280830530884,25,43454,"Tyreek Hill"
"7668",2023102904,2272,11.5546911837883,28.3674913954864,28.3674913954864,23,43454,"Tyreek Hill"
"7669",2023102904,2343,7.89080795171598,18.2895987695951,18.2895987695951,22,43454,"Tyreek Hill"
"7670",2023102904,2366,45.1616528918903,171.479231490568,171.479231490568,36,43454,"Tyreek Hill"
"7671",2023102904,2469,7.90988685799113,13.3423196028862,13.0516431377041,15,43454,"Tyreek Hill"
"7672",2023102904,2717,25.6334268845308,105.967955003726,105.967955003726,32,43454,"Tyreek Hill"
"7673",2023102904,2843,14.5248934075015,23.1678773060938,23.1514728614357,21,43454,"Tyreek Hill"
"7674",2023102904,2971,47.7302019235895,151.591554111145,151.591554111145,26,43454,"Tyreek Hill"
"7675",2023102904,3156,17.4064051631577,40.9881366799976,32.0671716184066,36,43454,"Tyreek Hill"
"7676",2023102904,3630,39.6638422334829,101.139522044444,84.110646274633,36,43454,"Tyreek Hill"
"7677",2023102904,3709,21.4469915565416,78.0220462461498,78.0220462461498,30,43454,"Tyreek Hill"
"7678",2023102904,3732,19.1161389057352,24.3550619505303,18.9633756385012,20,43454,"Tyreek Hill"
"7679",2023102904,3779,18.4287318702076,39.5400092052108,39.2693067460376,32,43454,"Tyreek Hill"
"7680",2023102904,3848,11.964922783112,21.1984130803332,15.7031559291915,23,43454,"Tyreek Hill"
"7681",2023110500,314,29.8539882828437,118.38833794286,118.38833794286,29,43454,"Tyreek Hill"
"7682",2023110500,723,10.9586249374436,16.5989571819381,11.2070168780285,27,43454,"Tyreek Hill"
"7683",2023110500,748,0.0240746183760015,0.238000995785517,0.238000995785517,19,43454,"Tyreek Hill"
"7684",2023110500,1102,10.7474542714853,80.7482587967615,80.7482587967615,34,43454,"Tyreek Hill"
"7685",2023110500,1125,8.33687719936896,18.3978191803332,18.3978191803332,20,43454,"Tyreek Hill"
"7686",2023110500,1370,84.1039587405094,188.206172907712,75.0670869472687,54,43454,"Tyreek Hill"
"7687",2023110500,1907,10.3992940685696,22.7551804117486,22.7551804117486,19,43454,"Tyreek Hill"
"7688",2023110500,1932,15.0453478248797,22.073136297877,19.5374973195143,22,43454,"Tyreek Hill"
"7689",2023110500,1964,9.76397641155597,18.8019076305657,8.70870423095023,26,43454,"Tyreek Hill"
"7690",2023110500,2075,14.7846324723514,33.1063864567536,33.1063864567536,26,43454,"Tyreek Hill"
"7691",2023110500,2100,13.5473822637684,21.4686317857509,21.4686317857509,21,43454,"Tyreek Hill"
"7692",2023110500,2313,12.0309445414485,20.2845598576112,20.080562614346,24,43454,"Tyreek Hill"
"7693",2023110500,2566,9.36040646770464,28.8871632221974,23.6238219468608,30,43454,"Tyreek Hill"
"7694",2023110500,2598,19.1819599947091,31.5364233425829,31.4413802457659,22,43454,"Tyreek Hill"
"7695",2023110500,2645,2.32430998988596,6.12316147831919,6.12316147831919,32,43454,"Tyreek Hill"
"7696",2023110500,2692,16.1257758086677,27.8300221917346,27.8300221917346,22,43454,"Tyreek Hill"
"7697",2023110500,2783,17.0781925988694,44.5453302267145,44.5453302267145,31,43454,"Tyreek Hill"
"7698",2023110500,3092,11.6163116570014,17.1446478125453,17.1446478125453,24,43454,"Tyreek Hill"
"7699",2023110500,3115,45.470820251059,81.8760183926963,81.8760183926963,37,43454,"Tyreek Hill"
"7700",2023110500,3536,22.2239024796402,40.163730084324,40.163730084324,35,43454,"Tyreek Hill"
"7701",2023110500,3564,8.9809654579027,14.7630307655336,13.5330671801644,21,43454,"Tyreek Hill"
"7702",2023110500,3665,9.54863502368192,14.8043221900822,14.8043221900822,18,43454,"Tyreek Hill"
"7703",2023110500,3929,13.5238734950204,21.5070652172771,21.5070652172771,36,43454,"Tyreek Hill"
"7704",2023110500,3952,6.55994381185735,8.28511360240528,7.05312594086777,24,43454,"Tyreek Hill"
"7705",2023110500,3975,17.893595013626,21.8150499391154,21.8150499391154,20,43454,"Tyreek Hill"
"7706",2023111906,329,11.1785752175363,14.7437009358561,11.6706231773974,14,43454,"Tyreek Hill"
"7707",2023111906,733,-4.80381079931957,-1.28061536627937,-8.66642671122659,22,43454,"Tyreek Hill"
"7708",2023111906,838,10.9047705675671,20.539401818028,20.539401818028,21,43454,"Tyreek Hill"
"7709",2023111906,863,0,0,0,15,43454,"Tyreek Hill"
"7710",2023111906,886,13.635327776269,21.1937743536557,21.1937743536557,19,43454,"Tyreek Hill"
"7711",2023111906,1180,15.0580299498492,20.5046354195958,20.3343093621758,23,43454,"Tyreek Hill"
"7712",2023111906,1315,15.0953790500921,22.6523085778308,16.9632846801102,15,43454,"Tyreek Hill"
"7713",2023111906,1398,22.5166768838814,31.2481960800831,29.0539003162295,16,43454,"Tyreek Hill"
"7714",2023111906,1971,11.0707508147372,16.6092348999401,16.1054092106248,18,43454,"Tyreek Hill"
"7715",2023111906,2187,14.2592340258664,36.609235889011,24.88208622268,35,43454,"Tyreek Hill"
"7716",2023111906,2338,42.3627585961114,164.84916839039,164.84916839039,30,43454,"Tyreek Hill"
"7717",2023111906,2390,20.7678254420849,56.3264655326827,52.3466038311895,33,43454,"Tyreek Hill"
"7718",2023111906,2437,29.0907693880331,92.7601446264137,92.7601446264137,32,43454,"Tyreek Hill"
"7719",2023111906,2585,14.2083587691222,33.7818913633561,33.7818913633561,16,43454,"Tyreek Hill"
"7720",2023111906,2659,12.4590098319492,20.1975908832041,20.1975908832041,23,43454,"Tyreek Hill"
"7721",2023111906,2860,27.2278957535291,83.4092464168498,83.4092464168498,32,43454,"Tyreek Hill"
"7722",2023111906,2917,11.1570397186549,15.9742622480323,15.1980961709886,24,43454,"Tyreek Hill"
"7723",2023111906,2942,28.1114364946734,44.2188211798713,33.4162399932823,21,43454,"Tyreek Hill"
"7724",2023111906,3001,9.85647590550623,15.7674329832762,8.2377950937488,36,43454,"Tyreek Hill"
"7725",2023111906,3678,19.2751400015807,23.4915905422707,23.4915905422707,29,43454,"Tyreek Hill"
"7726",2023112400,277,40.2090382817391,109.665886001565,106.549652510696,37,43454,"Tyreek Hill"
"7727",2023112400,391,9.20818889578114,16.4660274370957,16.3347444989818,21,43454,"Tyreek Hill"
"7728",2023112400,582,13.663798693444,27.0607529992916,27.0607529992916,14,43454,"Tyreek Hill"
"7729",2023112400,799,0.286450393343272,2.20308106963145,2.20308106963145,25,43454,"Tyreek Hill"
"7730",2023112400,829,14.5014062747847,34.1489175820802,33.4335397133684,19,43454,"Tyreek Hill"
"7731",2023112400,1085,22.7823343037506,71.0060125458537,71.0060125458537,33,43454,"Tyreek Hill"
"7732",2023112400,1121,8.95854822234225,12.9146653665579,11.9570295785808,29,43454,"Tyreek Hill"
"7733",2023112400,1166,12.9688087703094,25.3589053802268,25.3589053802268,25,43454,"Tyreek Hill"
"7734",2023112400,1235,13.1143721939793,23.8999568575728,17.4473463611579,29,43454,"Tyreek Hill"
"7735",2023112400,1289,3.39182744380033,14.2027277202763,14.2027277202763,18,43454,"Tyreek Hill"
"7736",2023112400,1772,17.0106549589773,22.2042283286688,20.4510919747627,21,43454,"Tyreek Hill"
"7737",2023112400,1917,14.046678333676,18.4246009559539,17.003562255955,20,43454,"Tyreek Hill"
"7738",2023112400,1977,22.6735594677196,29.1620027343197,20.0989322631748,25,43454,"Tyreek Hill"
"7739",2023112400,2007,13.6939652228415,29.5268240587717,29.5268240587717,38,43454,"Tyreek Hill"
"7740",2023112400,2145,9.35167971543515,13.9308519514672,13.9308519514672,19,43454,"Tyreek Hill"
"7741",2023112400,2170,11.4855359162774,21.5340425070487,20.7326108749301,20,43454,"Tyreek Hill"
"7742",2023112400,2489,6.70164695672434,11.2071112428218,9.02960686528294,20,43454,"Tyreek Hill"
"7743",2023112400,2817,6.42807896471925,12.9648007815889,12.9614138394754,31,43454,"Tyreek Hill"
"7744",2023120306,329,15.9579606457713,84.2204440230002,84.2204440230002,29,43454,"Tyreek Hill"
"7745",2023120306,388,10.910340458945,19.7173910625844,19.7173910625844,24,43454,"Tyreek Hill"
"7746",2023120306,603,0,0,0,21,43454,"Tyreek Hill"
"7747",2023120306,672,49.617422412576,115.214941089812,91.3672079649466,36,43454,"Tyreek Hill"
"7748",2023120306,852,51.6346670404462,106.986378691078,28.3056076507345,64,43454,"Tyreek Hill"
"7749",2023120306,1428,27.2609016481537,56.9922180868615,33.1169629777,36,43454,"Tyreek Hill"
"7750",2023120306,1480,41.0852707364228,159.083091540799,159.083091540799,26,43454,"Tyreek Hill"
"7751",2023120306,1838,18.0410694655061,27.1282917451123,23.3640272893525,24,43454,"Tyreek Hill"
"7752",2023120306,1980,30.498049301762,42.5091956401043,30.311441856461,36,43454,"Tyreek Hill"
"7753",2023120306,2224,16.6316699780197,35.1756057436849,33.3024415527301,28,43454,"Tyreek Hill"
"7754",2023120306,2249,21.5159527642525,62.0314013949851,48.0722800238845,31,43454,"Tyreek Hill"
"7755",2023120306,2346,22.8523094129216,64.7102833496126,63.7659722011809,27,43454,"Tyreek Hill"
"7756",2023120306,2753,54.908606749632,127.799937251552,101.909015471438,36,43454,"Tyreek Hill"
"7757",2023120306,2776,52.5099145880182,136.060141343264,131.436311811967,35,43454,"Tyreek Hill"
"7758",2023120306,3120,14.7724551193302,20.4469416552265,20.4469416552265,24,43454,"Tyreek Hill"
"7759",2023121100,190,38.3033664075026,120.371085544637,120.371085544637,30,43454,"Tyreek Hill"
"7760",2023121100,272,20.9874549382569,124.41112232622,124.41112232622,23,43454,"Tyreek Hill"
"7761",2023121100,297,19.7837436458099,31.5052979072079,23.48463425685,20,43454,"Tyreek Hill"
"7762",2023121100,738,9.99320414024755,22.9530382285846,22.9530382285846,16,43454,"Tyreek Hill"
"7763",2023121100,2697,7.36388392264605,15.8227092537438,14.8498519798798,25,43454,"Tyreek Hill"
"7764",2023121100,2734,1.76712216253113,8.0907170400356,8.0907170400356,23,43454,"Tyreek Hill"
"7765",2023121100,2757,16.3835042132209,27.3021722585483,21.5625642149976,26,43454,"Tyreek Hill"
"7766",2023121100,3267,39.6953004048392,108.39973457585,108.39973457585,32,43454,"Tyreek Hill"
"7767",2023121100,3366,25.8830885619702,96.5273030486606,96.5273030486606,32,43454,"Tyreek Hill"
"7768",2023121100,3680,32.1627711162167,70.0671932302406,70.0671932302406,34,43454,"Tyreek Hill"
"7769",2023121100,3705,20.2862441168593,78.6550110805967,78.6550110805967,27,43454,"Tyreek Hill"
"7770",2023121100,3775,15.5447965398403,42.5958615877499,42.5958615877499,32,43454,"Tyreek Hill"
"7771",2023121100,4752,13.7061716660022,25.5980348845834,8.74605469438527,32,43454,"Tyreek Hill"
"7772",2023121100,4775,13.2749044936676,21.7363772144104,21.7363772144104,17,43454,"Tyreek Hill"
"7773",2023122410,504,16.212345698219,35.0563850962439,35.0563850962439,23,43454,"Tyreek Hill"
"7774",2023122410,551,18.9436697682199,60.4082513815709,60.4082513815709,29,43454,"Tyreek Hill"
"7775",2023122410,625,5.60185083749189,19.1879950315871,19.1879950315871,22,43454,"Tyreek Hill"
"7776",2023122410,655,40.9670545852537,130.453821587503,130.453821587503,31,43454,"Tyreek Hill"
"7777",2023122410,884,11.6675125479504,31.8304589152687,31.1539036503846,19,43454,"Tyreek Hill"
"7778",2023122410,932,31.0319447539411,112.209406334264,112.209406334264,37,43454,"Tyreek Hill"
"7779",2023122410,1056,8.337442026753,21.7429319986635,19.4048342425623,22,43454,"Tyreek Hill"
"7780",2023122410,1191,11.5698955625259,21.633860513889,19.2682907445017,17,43454,"Tyreek Hill"
"7781",2023122410,1452,14.4482955106691,27.8650718079216,27.2997335836541,23,43454,"Tyreek Hill"
"7782",2023122410,1524,2.28611153588359,5.15748037285904,5.15748037285904,16,43454,"Tyreek Hill"
"7783",2023122410,1709,14.2028621557128,22.8223029160906,19.7221566527138,26,43454,"Tyreek Hill"
"7784",2023122410,1734,18.1867303047127,54.723251366407,40.2629237377673,26,43454,"Tyreek Hill"
"7785",2023122410,1757,18.1526701362511,21.4451077384708,21.2672052460136,19,43454,"Tyreek Hill"
"7786",2023122410,1811,21.5348086703786,41.9597585351323,39.361234988765,23,43454,"Tyreek Hill"
"7787",2023122410,1836,9.04801066024223,15.0516455212135,14.6113024167471,13,43454,"Tyreek Hill"
"7788",2023122410,1861,23.4319411401099,41.6009396700651,36.0726164727191,14,43454,"Tyreek Hill"
"7789",2023122410,1939,5.51978791967613,7.46639912316956,7.18875032242584,24,43454,"Tyreek Hill"
"7790",2023122410,2141,14.5010068804724,19.1246186544433,19.0284714073206,19,43454,"Tyreek Hill"
"7791",2023122410,2278,16.5191910412494,26.3069097792893,22.5159188437555,22,43454,"Tyreek Hill"
"7792",2023122410,2332,13.3335102202117,21.2070505646765,17.6938796385856,18,43454,"Tyreek Hill"
"7793",2023122410,2636,30.3728504465397,85.6856461464514,61.4749879129889,29,43454,"Tyreek Hill"
"7794",2023122410,2661,11.6938674276067,23.8426231141963,21.2749867474926,22,43454,"Tyreek Hill"
"7795",2023122410,2691,29.4630339532089,96.2310487590258,96.2310487590258,35,43454,"Tyreek Hill"
"7796",2023122410,2744,8.54826687292527,14.9900385511262,14.9900385511262,24,43454,"Tyreek Hill"
"7797",2023122410,2823,9.98362673405315,14.7941253890017,14.7941253890017,23,43454,"Tyreek Hill"
"7798",2023122410,3227,11.0715912237138,19.9274670063677,19.8947040261802,17,43454,"Tyreek Hill"
"7799",2023122410,3861,14.9436550049552,32.2320238934109,32.2320238934109,18,43454,"Tyreek Hill"
"7800",2023122410,3893,16.088616029664,24.7553547322397,17.0308519492272,15,43454,"Tyreek Hill"
"7801",2023122410,3922,12.2897061382699,23.2877959650266,23.2877959650266,17,43454,"Tyreek Hill"
"7802",2023122410,3945,15.4531104791782,30.3783248547536,14.9684658566574,27,43454,"Tyreek Hill"
"7803",2023123101,106,6.32428086156906,12.7661671760158,12.0187747553459,18,43454,"Tyreek Hill"
"7804",2023123101,135,8.22179511301048,22.6679670154721,22.6679670154721,25,43454,"Tyreek Hill"
"7805",2023123101,214,6.93884209597497,19.463043666331,19.4217273463142,27,43454,"Tyreek Hill"
"7806",2023123101,237,11.1493286781392,14.9972869918425,14.2223034126329,25,43454,"Tyreek Hill"
"7807",2023123101,576,8.36519668844078,12.8657349844706,12.0870826642912,23,43454,"Tyreek Hill"
"7808",2023123101,672,17.1949322901784,32.088794346079,21.2398492254998,22,43454,"Tyreek Hill"
"7809",2023123101,903,2.68933965664271,16.3910502216955,16.1914707660738,19,43454,"Tyreek Hill"
"7810",2023123101,968,6.52735628485832,9.25818523260175,9.25818523260175,19,43454,"Tyreek Hill"
"7811",2023123101,1038,21.3650158722426,35.7781257420129,35.7781257420129,25,43454,"Tyreek Hill"
"7812",2023123101,1486,20.9638460469573,32.615716719438,32.3755459581848,22,43454,"Tyreek Hill"
"7813",2023123101,1556,8.22427661301812,18.6876567607738,18.6876567607738,17,43454,"Tyreek Hill"
"7814",2023123101,1579,12.7615949407721,29.2434409739877,29.2434409739877,22,43454,"Tyreek Hill"
"7815",2023123101,1654,22.6438664570512,33.6607464909627,26.0151983491847,21,43454,"Tyreek Hill"
"7816",2023123101,2040,6.02178032642856,18.387597778416,18.387597778416,22,43454,"Tyreek Hill"
"7817",2023123101,2065,12.6378288768676,20.830714741496,11.1940337738183,21,43454,"Tyreek Hill"
"7818",2023123101,2090,19.36522351145,33.1275765069781,29.8072093184626,14,43454,"Tyreek Hill"
"7819",2023123101,2126,35.7587471062169,125.959560117624,125.959560117624,29,43454,"Tyreek Hill"
"7820",2023123101,2149,19.5441712745759,32.141256322042,20.5092302943487,19,43454,"Tyreek Hill"
"7821",2023123101,2568,14.22551805192,22.6198394840972,20.5028802268671,20,43454,"Tyreek Hill"
"7822",2023123101,2785,7.72481300419963,12.2717824223673,11.3025854143054,23,43454,"Tyreek Hill"
"7823",2023123101,2946,5.97357991892051,14.2154733442817,13.7215912113816,24,43454,"Tyreek Hill"
"7824",2023123101,3102,7.74701696494256,12.4720116185982,10.3701764544974,22,43454,"Tyreek Hill"
"7825",2023123101,3173,17.1203509443723,62.4845870768432,62.4845870768432,24,43454,"Tyreek Hill"
"7826",2023123101,3198,8.05613382586629,13.4950070596088,13.4950070596088,21,43454,"Tyreek Hill"
"7827",2024010713,55,-0.427135031629237,0,-1.13492916407792,24,43454,"Tyreek Hill"
"7828",2024010713,133,17.4601302769792,23.4376731005065,19.917746625552,17,43454,"Tyreek Hill"
"7829",2024010713,158,40.8717064239997,160.490959716673,160.490959716673,26,43454,"Tyreek Hill"
"7830",2024010713,599,33.3724318977932,105.963515795526,91.238057187101,30,43454,"Tyreek Hill"
"7831",2024010713,696,14.6462671824209,22.9847296687781,21.6029706507319,28,43454,"Tyreek Hill"
"7832",2024010713,965,17.0248262459868,22.8210479489427,22.8210479489427,18,43454,"Tyreek Hill"
"7833",2024010713,1037,17.7046149081661,44.6295478460652,44.6295478460652,24,43454,"Tyreek Hill"
"7834",2024010713,1533,11.596758927217,21.9202251260306,20.865921215733,24,43454,"Tyreek Hill"
"7835",2024010713,1609,4.69016807413322,10.8749755311109,10.8749755311109,26,43454,"Tyreek Hill"
"7836",2024010713,1722,15.8318045423605,29.8724594175839,29.8724594175839,14,43454,"Tyreek Hill"
"7837",2024010713,2395,41.8431399144196,166.093213391588,166.093213391588,31,43454,"Tyreek Hill"
"7838",2024010713,2827,9.19926649587453,22.9711433201792,22.9711433201792,24,43454,"Tyreek Hill"
"7839",2024010713,2905,18.3899679742519,23.0667809616754,21.993278394873,22,43454,"Tyreek Hill"
"7840",2024010713,3026,22.6691044277629,38.1955211488741,35.6144089672849,23,43454,"Tyreek Hill"
"7841",2024010713,3175,19.8426207305152,29.8988352255338,29.7870105179743,26,43454,"Tyreek Hill"
"7842",2024010713,3467,14.9943060452551,61.7399240073066,51.3806727707474,32,43454,"Tyreek Hill"
"7843",2024010713,3515,31.4379645169308,41.529214960653,32.7527910341692,15,43454,"Tyreek Hill"
"7844",2024010713,3906,15.293141113221,29.000949956694,27.3481981696608,19,43454,"Tyreek Hill"
"7845",2024010713,3936,9.27665748260209,14.339567411724,13.0868920405031,18,43454,"Tyreek Hill"
"7846",2024010713,3995,20.4748393542462,74.149025329578,72.9203975482595,28,43454,"Tyreek Hill"
"7847",2023091004,196,27.2925294418658,55.3174912379618,42.9444035036155,33,41233,"Mike Evans"
"7848",2023091004,219,20.410769902348,29.2714673471841,7.00978495733995,33,41233,"Mike Evans"
"7849",2023091004,542,5.53280960535625,14.562714420236,14.562714420236,18,41233,"Mike Evans"
"7850",2023091004,592,13.6836605050762,19.2731049569021,15.4741485414642,19,41233,"Mike Evans"
"7851",2023091004,695,20.1024691480577,86.80958459066,86.80958459066,28,41233,"Mike Evans"
"7852",2023091004,821,9.38308986081038,33.6080985387076,33.6080985387076,25,41233,"Mike Evans"
"7853",2023091004,1839,8.09847747145398,17.2568828991987,17.2568828991987,32,41233,"Mike Evans"
"7854",2023091004,2077,9.68430917412996,24.9703614987115,24.9703614987115,21,41233,"Mike Evans"
"7855",2023091004,2102,13.4966653626455,27.1795863120564,24.0354380629735,31,41233,"Mike Evans"
"7856",2023091004,2154,27.6390920516816,45.1674045545587,45.1674045545587,25,41233,"Mike Evans"
"7857",2023091004,2177,33.9691840183765,117.756864268899,117.246480510137,33,41233,"Mike Evans"
"7858",2023091004,2505,25.576758710619,38.1522390012776,34.5330186423065,15,41233,"Mike Evans"
"7859",2023091004,2607,12.799034019089,17.2693740843028,14.4699685914824,23,41233,"Mike Evans"
"7860",2023091004,2701,1.61018161868952,17.5877259957179,17.5877259957179,15,41233,"Mike Evans"
"7861",2023091004,2724,10.6071532958362,16.5334955051634,16.5334955051634,29,41233,"Mike Evans"
"7862",2023091004,2749,25.993261281756,61.2449478883982,27.5309970058351,39,41233,"Mike Evans"
"7863",2023091004,2827,14.5067140875608,27.4718249685473,27.4718249685473,24,41233,"Mike Evans"
"7864",2023091004,2850,24.2218775411544,31.2439537884367,19.9536505883528,35,41233,"Mike Evans"
"7865",2023091004,3429,12.2702924051081,21.3032685660445,18.4678529176406,29,41233,"Mike Evans"
"7866",2023091004,3690,0.549479882271086,7.8867168000112,7.27490394813045,18,41233,"Mike Evans"
"7867",2023091004,3849,18.3096591590333,26.6861712760314,26.6861712760314,22,41233,"Mike Evans"
"7868",2023091004,3874,14.2902367376972,24.8641508156333,21.591623493793,17,41233,"Mike Evans"
"7869",2023091004,4122,1.7827022158782,2.08320239817908,2.08320239817908,9,41233,"Mike Evans"
"7870",2023091004,4249,37.6632262276475,63.7984353082904,63.7984353082904,21,41233,"Mike Evans"
"7871",2023091706,77,7.8385695508014,12.0371515195652,9.17427710213923,25,41233,"Mike Evans"
"7872",2023091706,100,23.8874585613256,29.7349821658597,27.2219431879954,26,41233,"Mike Evans"
"7873",2023091706,237,50.3246659842005,87.3661120408073,65.3994645025911,29,41233,"Mike Evans"
"7874",2023091706,329,25.8672767917526,45.5366982763754,39.2069125984814,29,41233,"Mike Evans"
"7875",2023091706,676,10.9243677538659,16.4169806239014,13.9532111725312,31,41233,"Mike Evans"
"7876",2023091706,726,17.6004122986291,42.3605375514801,40.0562434614848,41,41233,"Mike Evans"
"7877",2023091706,844,14.1801660548567,26.6637851367529,25.4947456850151,22,41233,"Mike Evans"
"7878",2023091706,1028,36.9845881543214,96.0808212278681,62.7933722791213,36,41233,"Mike Evans"
"7879",2023091706,1361,16.9042165751934,27.9311344868762,27.9311344868762,27,41233,"Mike Evans"
"7880",2023091706,1797,11.6665968903423,19.002801480639,19.002801480639,22,41233,"Mike Evans"
"7881",2023091706,1829,13.2791430233021,16.9568327889461,15.8451649619585,21,41233,"Mike Evans"
"7882",2023091706,2321,7.14423242631839,11.594186387196,7.05207658264772,46,41233,"Mike Evans"
"7883",2023091706,2517,3.56365068636141,8.28585257198879,8.28585257198879,19,41233,"Mike Evans"
"7884",2023091706,2542,5.99601721876636,12.7771450039834,12.7404050466439,25,41233,"Mike Evans"
"7885",2023091706,2583,38.5867792515297,119.620707172339,119.434114568797,27,41233,"Mike Evans"
"7886",2023091706,2962,20.3384152945332,70.4270134039734,70.4270134039734,27,41233,"Mike Evans"
"7887",2023091706,3033,16.1672852035637,34.4407269733528,34.4407269733528,23,41233,"Mike Evans"
"7888",2023091706,3241,16.1069413654622,41.1306389912858,37.0853921651458,34,41233,"Mike Evans"
"7889",2023091706,3266,33.1635754237271,55.926249442141,39.7858356879862,41,41233,"Mike Evans"
"7890",2023091706,3751,26.2163960956583,52.2736901526254,52.2508923679345,26,41233,"Mike Evans"
"7891",2023092500,100,4.28169874643458,10.2022858427527,10.2022858427527,18,41233,"Mike Evans"
"7892",2023092500,180,48.8773354862565,131.943694647568,109.32868621863,29,41233,"Mike Evans"
"7893",2023092500,418,1.10813752999349,5.2324368936197,2.34019965831875,28,41233,"Mike Evans"
"7894",2023092500,450,7.00043705277187,12.2904794057958,8.55857348109367,16,41233,"Mike Evans"
"7895",2023092500,1081,-2.58132104585666,4.66775885255334,4.66775885255334,16,41233,"Mike Evans"
"7896",2023092500,1155,16.2929649589074,26.3412917076912,21.6774895308074,15,41233,"Mike Evans"
"7897",2023092500,1180,30.991317528751,162.911025859662,162.911025859662,32,41233,"Mike Evans"
"7898",2023092500,1235,13.055305434683,27.0089462278856,27.0089462278856,17,41233,"Mike Evans"
"7899",2023092500,1384,15.9001516145105,21.064064432733,21.064064432733,26,41233,"Mike Evans"
"7900",2023092500,2007,53.4440949119619,155.420717045768,146.719143498531,35,41233,"Mike Evans"
"7901",2023092500,2658,8.19559050179736,14.1301835372896,10.7742981234431,34,41233,"Mike Evans"
"7902",2023092500,2705,16.6014682451428,25.0067792403937,22.6846810193218,34,41233,"Mike Evans"
"7903",2023092500,2728,43.1513329321373,97.0550465763809,97.0550465763809,43,41233,"Mike Evans"
"7904",2023092500,3272,7.57909978717511,19.6226799233624,19.5848408370182,22,41233,"Mike Evans"
"7905",2023092500,3307,16.9799677725736,75.2923634305551,75.2923634305551,24,41233,"Mike Evans"
"7906",2023092500,3406,11.5870478856799,19.4725564775986,19.4725564775986,16,41233,"Mike Evans"
"7907",2023092500,3436,4.25704310268472,9.48808723529072,9.48808723529072,21,41233,"Mike Evans"
"7908",2023092500,3481,13.2665846138823,19.3815925225115,19.3815925225115,13,41233,"Mike Evans"
"7909",2023100107,408,8.14668032864564,58.634978131736,58.6244479132367,33,41233,"Mike Evans"
"7910",2023100107,609,16.6648201338952,33.0832292984969,33.0832292984969,34,41233,"Mike Evans"
"7911",2023100107,808,5.15925486904414,12.4388283742931,11.8002221356665,33,41233,"Mike Evans"
"7912",2023100107,831,10.2277440301969,17.3374809170923,14.2117396698447,35,41233,"Mike Evans"
"7913",2023100107,1195,1.78185964995294,7.88153786032003,6.82109854055318,28,41233,"Mike Evans"
"7914",2023100107,1220,5.71808055650384,15.2307384211294,15.2307384211294,20,41233,"Mike Evans"
"7915",2023100107,1289,2.653578113075,8.76010729380438,8.76010729380438,28,41233,"Mike Evans"
"7916",2023100107,1319,29.2825288899223,107.832287259908,97.8222169657269,30,41233,"Mike Evans"
"7917",2023100107,1564,15.8834671543824,23.5189071520014,18.5418680625914,23,41233,"Mike Evans"
"7918",2023100107,1634,10.368140475839,15.228890459142,14.7069322751673,39,41233,"Mike Evans"
"7919",2023100107,1936,6.22410221251294,11.0848604737221,9.56978469899391,18,41233,"Mike Evans"
"7920",2023100107,1968,8.11593397923064,13.8623486998977,13.3470635641799,24,41233,"Mike Evans"
"7921",2023101508,77,35.5840503886877,88.0017759076247,88.0017759076247,32,41233,"Mike Evans"
"7922",2023101508,147,10.8749396576385,18.6514612853275,18.6514612853275,28,41233,"Mike Evans"
"7923",2023101508,571,6.45117775352902,13.6876818903392,13.6876818903392,19,41233,"Mike Evans"
"7924",2023101508,596,12.1080787560036,24.0574311223316,1.118601597433,53,41233,"Mike Evans"
"7925",2023101508,925,10.6804500770931,21.9215893705621,21.9215893705621,21,41233,"Mike Evans"
"7926",2023101508,1014,31.7104005262533,59.570723899179,40.6175289819917,32,41233,"Mike Evans"
"7927",2023101508,1199,9.75294604067245,18.4982309967888,18.4982309967888,22,41233,"Mike Evans"
"7928",2023101508,1224,28.6895736898856,56.4016061529037,51.1202227964393,35,41233,"Mike Evans"
"7929",2023101508,1357,6.19210402064535,24.5669952265616,24.5669952265616,30,41233,"Mike Evans"
"7930",2023101508,1380,11.1003443852923,22.6617637250823,22.6617637250823,23,41233,"Mike Evans"
"7931",2023101508,1725,5.88371400960122,11.0593715922346,11.0593715922346,19,41233,"Mike Evans"
"7932",2023101508,1750,29.8934182848997,65.3890731054673,46.1730418670049,36,41233,"Mike Evans"
"7933",2023101508,2222,2.67663531540921,4.92730948287122,4.92730948287122,16,41233,"Mike Evans"
"7934",2023101508,2254,25.4140176444339,65.8772694257075,31.8948393317073,30,41233,"Mike Evans"
"7935",2023101508,2360,13.3805073859582,20.0907596251812,20.0907596251812,28,41233,"Mike Evans"
"7936",2023101508,3180,1.06137178397569,2.86809667841098,2.86809667841098,21,41233,"Mike Evans"
"7937",2023101508,3205,12.6693657218965,24.8458445101238,8.73997417365646,44,41233,"Mike Evans"
"7938",2023101508,3230,6.40982715616446,13.9066528025202,13.9066528025202,27,41233,"Mike Evans"
"7939",2023101508,3600,5.63634458606738,11.8726673385801,11.0434019058707,23,41233,"Mike Evans"
"7940",2023101508,3625,7.64581217346667,14.9878490704459,14.9878490704459,22,41233,"Mike Evans"
"7941",2023101508,3650,3.28523123902446,14.7423743274732,14.7423743274732,23,41233,"Mike Evans"
"7942",2023101508,3729,13.1104156392839,23.3092844788183,23.3092844788183,17,41233,"Mike Evans"
"7943",2023101508,3754,32.7184254733052,76.815757778092,68.4681337783171,42,41233,"Mike Evans"
"7944",2023101508,3857,15.1800707693894,30.1272958554387,22.0313480483035,39,41233,"Mike Evans"
"7945",2023101508,3880,43.9903174752458,103.275110936622,66.8449951880384,35,41233,"Mike Evans"
"7946",2023102205,55,4.40773755590333,14.0995875031549,14.0995875031549,23,41233,"Mike Evans"
"7947",2023102205,80,8.08869542122821,17.0530062392709,16.5968918630438,21,41233,"Mike Evans"
"7948",2023102205,279,41.5733795475643,136.746872052415,136.746872052415,41,41233,"Mike Evans"
"7949",2023102205,610,22.483127500276,101.611718686963,101.611718686963,40,41233,"Mike Evans"
"7950",2023102205,715,4.51906327109008,11.8297971060846,11.8297971060846,20,41233,"Mike Evans"
"7951",2023102205,784,10.7513419334038,28.2048078885054,28.2048078885054,27,41233,"Mike Evans"
"7952",2023102205,968,6.32023624799317,11.2853398779526,5.39305522564015,29,41233,"Mike Evans"
"7953",2023102205,1106,24.4385984099197,40.5602456671001,39.3691363595605,26,41233,"Mike Evans"
"7954",2023102205,1432,12.2551547539254,46.7291268124462,46.7291268124462,31,41233,"Mike Evans"
"7955",2023102205,1510,13.502257320554,21.5918470426138,19.4194707027451,34,41233,"Mike Evans"
"7956",2023102205,1590,7.21332504640876,19.4038172132261,19.4038172132261,23,41233,"Mike Evans"
"7957",2023102205,1689,27.6210958679882,64.285413519426,48.9509220088033,33,41233,"Mike Evans"
"7958",2023102205,1749,16.520523791051,21.2785785308902,13.4463508432863,24,41233,"Mike Evans"
"7959",2023102205,1772,10.5023579262065,13.4510622007828,13.4510622007828,26,41233,"Mike Evans"
"7960",2023102205,2406,25.5067743129123,77.4955362266961,68.8811404173954,33,41233,"Mike Evans"
"7961",2023102205,2458,10.8501205871082,24.6810023284379,24.6810023284379,29,41233,"Mike Evans"
"7962",2023102205,2846,4.33037760121804,10.7941679209227,10.5149004295931,22,41233,"Mike Evans"
"7963",2023102205,3147,23.7482281091272,81.3895370494103,81.3895370494103,35,41233,"Mike Evans"
"7964",2023102205,3293,11.5666105697606,17.0069357518231,11.6769815031653,25,41233,"Mike Evans"
"7965",2023102205,3318,12.8789528133681,19.4671099997808,12.1197874329129,34,41233,"Mike Evans"
"7966",2023102205,3671,7.34621719427247,22.1536194170163,22.1536194170163,21,41233,"Mike Evans"
"7967",2023102205,3744,16.9922997696979,23.9113364014252,10.3614610140764,30,41233,"Mike Evans"
"7968",2023102205,3769,13.7566345550753,26.8745435468881,26.8745435468881,26,41233,"Mike Evans"
"7969",2023102205,3821,10.3725612999478,22.4341958607897,22.3113098746074,33,41233,"Mike Evans"
"7970",2023102205,3959,2.26715109756669,7.84577694328854,5.77669693227933,24,41233,"Mike Evans"
"7971",2023102205,3982,14.2932199291399,31.0141457433007,31.0141457433007,30,41233,"Mike Evans"
"7972",2023102205,4063,13.3292372892126,52.6217328604123,52.6217328604123,26,41233,"Mike Evans"
"7973",2023102205,4149,17.7828526231163,21.2548862818813,14.6815542744773,24,41233,"Mike Evans"
"7974",2023102600,109,7.6003281378426,20.4366746574952,20.4366746574952,24,41233,"Mike Evans"
"7975",2023102600,138,7.40963242338224,75.3447939318648,75.3447939318648,26,41233,"Mike Evans"
"7976",2023102600,210,22.6961155955083,36.313188556968,24.8313916403707,18,41233,"Mike Evans"
"7977",2023102600,743,20.3909936563733,32.5110486694428,21.3965317208069,16,41233,"Mike Evans"
"7978",2023102600,1093,2.04611559565328,13.4833544416113,13.4833544416113,48,41233,"Mike Evans"
"7979",2023102600,1116,3.83785196580977,15.255021662191,14.9697791780207,27,41233,"Mike Evans"
"7980",2023102600,1363,25.5723170731008,72.8013241699955,72.8013241699955,29,41233,"Mike Evans"
"7981",2023102600,1482,13.9647951488015,32.1229470260537,32.1229470260537,20,41233,"Mike Evans"
"7982",2023102600,1644,6.78199613137808,14.0061009119073,14.0061009119073,22,41233,"Mike Evans"
"7983",2023102600,1997,11.3904628248929,17.5106215077352,17.2950820178851,20,41233,"Mike Evans"
"7984",2023102600,2055,8.88877435209334,15.9773117875628,15.9773117875628,19,41233,"Mike Evans"
"7985",2023102600,2080,10.4998095788013,15.8409197921175,15.8409197921175,21,41233,"Mike Evans"
"7986",2023102600,2163,25.3650873135238,29.7406197230004,21.2156556973005,24,41233,"Mike Evans"
"7987",2023102600,2992,2.06337228617264,7.0164813355995,6.05472230616864,24,41233,"Mike Evans"
"7988",2023102600,3444,20.9491620030585,62.7331621882278,62.7331621882278,35,41233,"Mike Evans"
"7989",2023102600,3729,5.42294630677289,8.64415494596551,6.78506908922246,22,41233,"Mike Evans"
"7990",2023102600,3752,34.308646962582,89.1388517978122,87.2145319214372,34,41233,"Mike Evans"
"7991",2023102600,3868,20.049156069777,44.4191862877944,38.7012298037037,31,41233,"Mike Evans"
"7992",2023102600,3928,5.95180348554379,18.2406648648716,18.2406648648716,19,41233,"Mike Evans"
"7993",2023102600,3953,13.564442985396,25.1104280578013,22.4854491181091,20,41233,"Mike Evans"
"7994",2023102600,4096,20.120518300639,69.7925800218791,64.2902208626281,39,41233,"Mike Evans"
"7995",2023102600,4175,24.0102316455134,54.4160304772178,53.1226084203398,30,41233,"Mike Evans"
"7996",2023102600,4260,22.107492552285,46.477301803721,46.477301803721,37,41233,"Mike Evans"
"7997",2023102600,4577,18.1006674850257,77.3446510105597,77.3446510105597,35,41233,"Mike Evans"
"7998",2023102600,4607,45.9298788408995,88.1174258982828,32.0149064045581,46,41233,"Mike Evans"
"7999",2023102600,4644,43.3206243412217,53.9571496447756,37.4096813628837,21,41233,"Mike Evans"
"8000",2023110505,145,10.4224516199994,18.1656779091551,17.9941861758975,22,41233,"Mike Evans"
"8001",2023110505,203,9.21273656949618,20.6832125129362,20.6832125129362,25,41233,"Mike Evans"
"8002",2023110505,226,21.8115265534129,47.9060674476536,44.4233128594355,46,41233,"Mike Evans"
"8003",2023110505,508,29.0149328719604,105.901805459029,105.901805459029,32,41233,"Mike Evans"
"8004",2023110505,577,11.3499435390679,21.0486614419756,20.2805579951582,18,41233,"Mike Evans"
"8005",2023110505,709,12.8775979415112,15.8445989574185,14.6637437241746,19,41233,"Mike Evans"
"8006",2023110505,768,18.6193297162996,30.0176223516758,30.0176223516758,28,41233,"Mike Evans"
"8007",2023110505,837,7.20708578858755,11.0841299620069,7.5500785670981,34,41233,"Mike Evans"
"8008",2023110505,1111,39.1435995199443,79.5888766606268,41.5000053025459,40,41233,"Mike Evans"
"8009",2023110505,1282,25.8759883751591,88.1791437518302,68.1221792645335,30,41233,"Mike Evans"
"8010",2023110505,1386,21.1687731417239,36.6693690974508,33.7277948337366,28,41233,"Mike Evans"
"8011",2023110505,1768,14.0077148900042,23.266548519286,17.057543633272,25,41233,"Mike Evans"
"8012",2023110505,2138,6.24652752168104,9.01922234490261,7.34357567391466,24,41233,"Mike Evans"
"8013",2023110505,2174,35.7191665835044,91.3281694003826,72.5369242209907,36,41233,"Mike Evans"
"8014",2023110505,2499,6.94800216265956,10.1442356205257,7.44788529842435,21,41233,"Mike Evans"
"8015",2023110505,2853,6.61970222865258,19.6672930168473,19.6672930168473,34,41233,"Mike Evans"
"8016",2023110505,3257,42.2369230396476,97.3434663387874,96.56406930281,37,41233,"Mike Evans"
"8017",2023110505,3304,57.4205380089499,202.872760290393,202.872760290393,37,41233,"Mike Evans"
"8018",2023110505,3725,10.5312554986369,16.7479360631385,16.7479360631385,31,41233,"Mike Evans"
"8019",2023110505,3955,11.2950894201301,14.2447482802564,12.3608915957668,23,41233,"Mike Evans"
"8020",2023110505,4103,39.1183106635941,63.3306533858983,31.5028796241107,39,41233,"Mike Evans"
"8021",2023110505,4179,19.3899989164572,84.454159752387,84.454159752387,33,41233,"Mike Evans"
"8022",2023110505,4222,16.4094622705035,20.4469378419434,19.8616073156005,23,41233,"Mike Evans"
"8023",2023111206,397,2.8797274018397,8.88248880029572,8.65332038600706,24,41233,"Mike Evans"
"8024",2023111206,444,25.3867240451004,80.3825075054531,80.3825075054531,32,41233,"Mike Evans"
"8025",2023111206,782,5.62581772161018,19.284313675649,18.3482546914842,22,41233,"Mike Evans"
"8026",2023111206,976,15.7213346321893,23.1320015839577,22.2194433767263,27,41233,"Mike Evans"
"8027",2023111206,1001,8.03196849544391,13.5619563579789,6.97825305625563,29,41233,"Mike Evans"
"8028",2023111206,1235,14.7336002939998,22.5403405716656,21.5317930199673,24,41233,"Mike Evans"
"8029",2023111206,1282,14.6360088355191,22.7896086913548,16.34209679328,21,41233,"Mike Evans"
"8030",2023111206,1307,13.2110668185743,97.4438917534487,97.4438917534487,27,41233,"Mike Evans"
"8031",2023111206,1522,44.0995418664247,138.112480167732,138.112480167732,32,41233,"Mike Evans"
"8032",2023111206,1664,15.0884401725609,20.4064150233786,18.607157824906,31,41233,"Mike Evans"
"8033",2023111206,1825,0.713526534576175,10.819344272397,10.819344272397,18,41233,"Mike Evans"
"8034",2023111206,1877,15.0087210005439,20.6738356611765,19.7927287553739,21,41233,"Mike Evans"
"8035",2023111206,1977,50.6151709541717,187.808397983757,187.808397983757,28,41233,"Mike Evans"
"8036",2023111206,2071,9.19737886914188,22.0781044160095,22.0781044160095,26,41233,"Mike Evans"
"8037",2023111206,2094,14.8074577957732,19.5728476726361,14.0736194836047,19,41233,"Mike Evans"
"8038",2023111206,2403,8.77045280252983,13.9599478785321,13.9599478785321,25,41233,"Mike Evans"
"8039",2023111206,2475,31.850000350413,113.838020459622,113.838020459622,56,41233,"Mike Evans"
"8040",2023111206,2527,30.3022751885986,75.6362333481284,49.9546256039262,34,41233,"Mike Evans"
"8041",2023111206,3005,35.8975718249785,133.942647365153,133.942647365153,30,41233,"Mike Evans"
"8042",2023111206,3308,13.6269181486312,35.2235308642641,35.2235308642641,25,41233,"Mike Evans"
"8043",2023111908,207,33.2143106754399,95.7811735509157,58.6721597253732,32,41233,"Mike Evans"
"8044",2023111908,259,28.883826554963,51.75366478596,9.14530337054312,31,41233,"Mike Evans"
"8045",2023111908,1322,37.9270558265744,93.4510020398867,85.112860645266,36,41233,"Mike Evans"
"8046",2023111908,1369,11.433452815796,36.6579990041106,36.6579990041106,33,41233,"Mike Evans"
"8047",2023111908,1578,4.64025336516898,6.35288932239285,6.35288932239285,19,41233,"Mike Evans"
"8048",2023111908,1993,31.4895272732225,125.860212834439,125.860212834439,31,41233,"Mike Evans"
"8049",2023111908,2041,8.26007726959474,13.1288123323452,13.1288123323452,23,41233,"Mike Evans"
"8050",2023111908,2274,18.8984750085818,78.8248844512954,39.9323760617782,32,41233,"Mike Evans"
"8051",2023111908,2304,55.6269038967434,174.879407498895,174.879407498895,35,41233,"Mike Evans"
"8052",2023111908,2382,29.3806579855932,51.5580109583676,30.0469830140399,30,41233,"Mike Evans"
"8053",2023111908,2727,0.227483716809275,10.0305921390311,8.16620580087278,19,41233,"Mike Evans"
"8054",2023111908,2774,12.9107028984039,20.3794571246932,17.4219067817563,18,41233,"Mike Evans"
"8055",2023111908,2819,8.13596254481396,18.3870525105763,18.3870525105763,26,41233,"Mike Evans"
"8056",2023111908,3083,-2.28589764188124,-0.195340085469984,-6.46751369496371,29,41233,"Mike Evans"
"8057",2023111908,3113,8.22854171428975,15.29539602664,15.29539602664,28,41233,"Mike Evans"
"8058",2023111908,3143,4.1826396236852,18.8786951247146,18.8786951247146,22,41233,"Mike Evans"
"8059",2023111908,3190,11.8185402125551,42.5773541887407,30.7435232678629,33,41233,"Mike Evans"
"8060",2023111908,3215,9.53230797516858,21.6271256615964,21.6271256615964,24,41233,"Mike Evans"
"8061",2023111908,3240,9.07778074212321,14.3317457830172,11.8798776925539,24,41233,"Mike Evans"
"8062",2023111908,3265,12.4816305022862,25.6824755843829,25.6824755843829,28,41233,"Mike Evans"
"8063",2023111908,3345,24.8070442099009,75.2352966325218,75.2352966325218,30,41233,"Mike Evans"
"8064",2023111908,3391,11.7183981210939,20.8550507091617,20.8550507091617,30,41233,"Mike Evans"
"8065",2023111908,3476,21.2105285248705,28.7960521621471,20.3384714199267,25,41233,"Mike Evans"
"8066",2023111908,3631,10.44214939447,22.6471965175817,22.6471965175817,30,41233,"Mike Evans"
"8067",2023111908,3659,6.58723607765705,9.56803020082944,9.56803020082944,21,41233,"Mike Evans"
"8068",2023111908,3903,7.30911759380232,15.2482446507984,15.2482446507984,20,41233,"Mike Evans"
"8069",2023111908,4016,29.7924308409017,48.7677548916135,46.3476598650793,33,41233,"Mike Evans"
"8070",2023112603,80,3.64565593735288,15.0117638329889,7.22186975400814,24,41233,"Mike Evans"
"8071",2023112603,105,12.1430747508964,26.7809866328093,26.7809866328093,28,41233,"Mike Evans"
"8072",2023112603,174,7.84007613730984,28.1998190268094,24.672224114064,32,41233,"Mike Evans"
"8073",2023112603,219,6.43050060656122,13.7809411181809,13.7809411181809,23,41233,"Mike Evans"
"8074",2023112603,299,27.317839492043,38.2442255236055,36.2570940720978,19,41233,"Mike Evans"
"8075",2023112603,444,13.842578921168,22.4890097061923,22.4890097061923,26,41233,"Mike Evans"
"8076",2023112603,813,1.61488395855094,8.0357413483151,8.0357413483151,20,41233,"Mike Evans"
"8077",2023112603,876,18.6186495646374,57.8728608409425,11.4290499822225,35,41233,"Mike Evans"
"8078",2023112603,1521,14.3286359375598,23.033821094499,23.033821094499,25,41233,"Mike Evans"
"8079",2023112603,1667,13.9964844179811,27.3854735949823,18.6698527767505,48,41233,"Mike Evans"
"8080",2023112603,1692,9.64495817814989,22.2670102982678,22.2670102982678,21,41233,"Mike Evans"
"8081",2023112603,2058,16.9697090793129,29.6318180909078,29.6318180909078,20,41233,"Mike Evans"
"8082",2023112603,2628,28.2950476939148,86.8330082119766,82.7454587928964,33,41233,"Mike Evans"
"8083",2023112603,2717,18.5848753039867,29.393453937394,26.8594518310125,21,41233,"Mike Evans"
"8084",2023112603,2740,20.7254532403206,26.1096457246822,19.8133801858736,20,41233,"Mike Evans"
"8085",2023112603,3164,12.8312617149895,26.3616844605936,26.3616844605936,23,41233,"Mike Evans"
"8086",2023112603,3199,17.9406571717869,29.8855518077028,29.8855518077028,26,41233,"Mike Evans"
"8087",2023112603,3222,48.1301069106081,70.1395753794759,68.0471508948367,31,41233,"Mike Evans"
"8088",2023112603,3668,8.91763597219868,19.5929097308187,18.9916779819507,26,41233,"Mike Evans"
"8089",2023112603,3725,19.1846556677929,33.9293909763977,33.9293909763977,38,41233,"Mike Evans"
"8090",2023112603,3750,7.08860931445942,20.0534825152824,20.0534825152824,26,41233,"Mike Evans"
"8091",2023112603,4004,11.9565614375941,76.1588788118186,76.1588788118186,33,41233,"Mike Evans"
"8092",2023120304,77,5.25277758995312,19.8140317540308,19.8140317540308,18,41233,"Mike Evans"
"8093",2023120304,254,30.2674665996481,41.2405893735123,32.5227274681074,18,41233,"Mike Evans"
"8094",2023120304,443,2.84291785896331,8.5778014242991,5.24283701960798,18,41233,"Mike Evans"
"8095",2023120304,490,13.3256519585096,18.6573504590965,16.9864464054007,22,41233,"Mike Evans"
"8096",2023120304,565,28.937492899507,104.551130027411,102.164199669216,32,41233,"Mike Evans"
"8097",2023120304,1371,24.3228100507177,32.5364411163579,30.5598399238082,25,41233,"Mike Evans"
"8098",2023120304,1626,6.6540514163409,17.3686251036338,17.3686251036338,21,41233,"Mike Evans"
"8099",2023120304,1700,8.05129675500783,26.2951728099044,26.2951728099044,26,41233,"Mike Evans"
"8100",2023120304,1850,7.20375172104201,24.4614276238809,23.5591036122294,22,41233,"Mike Evans"
"8101",2023120304,1880,10.4485601687433,21.0933192616655,19.5610144604832,18,41233,"Mike Evans"
"8102",2023120304,1905,17.7092659708799,25.5820226377676,25.5820226377676,24,41233,"Mike Evans"
"8103",2023120304,2004,12.7928964933569,20.1232458801125,14.6457678937977,29,41233,"Mike Evans"
"8104",2023120304,2429,21.8999956070625,27.8936328363,18.9857173624579,25,41233,"Mike Evans"
"8105",2023120304,2588,5.62564370512933,9.82888712343706,6.90690523731413,37,41233,"Mike Evans"
"8106",2023120304,2894,8.04384054884905,14.7413325876167,13.4236333328945,25,41233,"Mike Evans"
"8107",2023120304,3166,26.0454744786637,54.0589753511839,24.6862526465811,31,41233,"Mike Evans"
"8108",2023120304,3442,22.2027296776125,69.6643178999992,68.0717868176166,40,41233,"Mike Evans"
"8109",2023120304,3960,5.9276077307578,15.4330663908944,15.4309053689517,18,41233,"Mike Evans"
"8110",2023120304,4035,30.1222707212382,93.7658860767016,79.2283856285776,29,41233,"Mike Evans"
"8111",2023120304,4206,15.1178367272145,25.72093531342,24.2092461174909,13,41233,"Mike Evans"
"8112",2023121000,77,10.0382134841412,20.7578248327807,20.7578248327807,26,41233,"Mike Evans"
"8113",2023121000,124,23.4782272279427,55.4297530464199,55.4297530464199,42,41233,"Mike Evans"
"8114",2023121000,149,9.62749873617989,17.6478887263068,16.0634922673576,35,41233,"Mike Evans"
"8115",2023121000,707,1.14409687594199,6.7110495550411,6.7110495550411,18,41233,"Mike Evans"
"8116",2023121000,752,11.0620288043409,17.5847055357712,15.2182626847798,32,41233,"Mike Evans"
"8117",2023121000,1176,11.3863060928881,19.8241545938452,18.7968492696591,27,41233,"Mike Evans"
"8118",2023121000,1245,5.71451666412312,8.33638554641389,6.0589561548987,26,41233,"Mike Evans"
"8119",2023121000,1322,13.193540803274,48.0233127503273,46.4697934041799,35,41233,"Mike Evans"
"8120",2023121000,1523,8.47501057685231,18.2174436988815,18.2174436988815,34,41233,"Mike Evans"
"8121",2023121000,1724,24.0927675392281,50.1391785806374,15.0442404056329,70,41233,"Mike Evans"
"8122",2023121000,2193,8.65240679155399,26.666449007543,26.6559800501504,35,41233,"Mike Evans"
"8123",2023121000,2449,6.72468904776521,11.235719726279,9.78938898519892,34,41233,"Mike Evans"
"8124",2023121000,2746,12.3256573621938,31.3724453780166,31.3724453780166,27,41233,"Mike Evans"
"8125",2023121000,2793,16.1009567957854,34.0302372592882,33.9417427362376,39,41233,"Mike Evans"
"8126",2023121000,3158,9.41361582078002,18.2751823908848,18.2751823908848,28,41233,"Mike Evans"
"8127",2023121000,3578,10.8506847684006,20.0302974770035,19.7190307401455,28,41233,"Mike Evans"
"8128",2023121000,3630,13.8989850432129,36.8327877674846,36.41276118103,34,41233,"Mike Evans"
"8129",2023121000,3675,25.7434591096381,75.6973953031996,48.7346630118044,60,41233,"Mike Evans"
"8130",2023121000,4119,8.48932503916486,19.7979020659687,19.7979020659687,27,41233,"Mike Evans"
"8131",2023121000,4165,16.9459580083988,53.6713576670465,53.6713576670465,30,41233,"Mike Evans"
"8132",2023121700,56,7.12331049907077,17.8876269410705,17.4887359875059,18,41233,"Mike Evans"
"8133",2023121700,108,10.1224272048018,20.4765429966515,20.2623221599453,32,41233,"Mike Evans"
"8134",2023121700,182,9.41080025422782,17.8711559773301,17.8711559773301,20,41233,"Mike Evans"
"8135",2023121700,781,10.0353871742469,17.3378088108721,10.8937844346124,20,41233,"Mike Evans"
"8136",2023121700,806,11.7287560322849,39.7276589892728,36.0838334805387,32,41233,"Mike Evans"
"8137",2023121700,878,24.4975912347786,75.3015633894779,67.5744889908913,28,41233,"Mike Evans"
"8138",2023121700,1566,6.53196606533523,12.6255799337111,12.511160182899,17,41233,"Mike Evans"
"8139",2023121700,1598,5.5509956278952,10.9042980044923,10.9042980044923,21,41233,"Mike Evans"
"8140",2023121700,1623,10.4425137305616,48.6868222227641,48.6868222227641,26,41233,"Mike Evans"
"8141",2023121700,1648,14.8757037168724,30.8300575601195,30.8300575601195,26,41233,"Mike Evans"
"8142",2023121700,1741,26.5893697691799,34.3540891207904,29.4556927330327,32,41233,"Mike Evans"
"8143",2023121700,2039,8.40518981035934,13.6015191404736,11.2503041178073,33,41233,"Mike Evans"
"8144",2023121700,2062,26.4389376379482,76.156896119343,71.0107567030793,36,41233,"Mike Evans"
"8145",2023121700,2182,14.7524667953911,31.52264154,31.52264154,27,41233,"Mike Evans"
"8146",2023121700,2618,7.38299450188179,16.6102639076279,16.6102639076279,18,41233,"Mike Evans"
"8147",2023121700,2663,9.92161509922125,14.126042826992,14.126042826992,24,41233,"Mike Evans"
"8148",2023121700,2710,5.14275287831321,12.3267741657944,12.3267741657944,19,41233,"Mike Evans"
"8149",2023121700,2789,26.5750683805357,44.0416441647812,41.1341309291722,28,41233,"Mike Evans"
"8150",2023121700,2814,5.53341043391718,15.3646407190684,15.3646407190684,23,41233,"Mike Evans"
"8151",2023121700,2846,6.79499825368532,10.3809568155747,6.44206571695932,23,41233,"Mike Evans"
"8152",2023121700,3261,23.0382243460383,58.4456378920234,58.4456378920234,29,41233,"Mike Evans"
"8153",2023121700,3330,11.6328152984868,21.2114783467105,21.2114783467105,19,41233,"Mike Evans"
"8154",2023122408,100,32.0467391767488,35.5148451452041,27.621843378833,23,41233,"Mike Evans"
"8155",2023122408,258,14.6878311842435,20.34152280775,19.2613120712463,30,41233,"Mike Evans"
"8156",2023122408,327,21.6928889605942,27.3876622040225,22.4093881002569,24,41233,"Mike Evans"
"8157",2023122408,644,6.91134322875804,9.63344271235119,9.57182503822449,21,41233,"Mike Evans"
"8158",2023122408,669,26.6110353521825,56.0936463704193,37.9274194263477,34,41233,"Mike Evans"
"8159",2023122408,837,18.0891828058215,22.3870451856313,16.8162135904378,27,41233,"Mike Evans"
"8160",2023122408,882,8.99463120894741,15.8715454857679,15.8715454857679,27,41233,"Mike Evans"
"8161",2023122408,1220,19.0852171864192,54.5255906712782,51.2773622281793,27,41233,"Mike Evans"
"8162",2023122408,1252,10.3209029865254,14.882010765004,9.58524293135546,29,41233,"Mike Evans"
"8163",2023122408,1327,15.3525437629256,23.4244836800984,23.4244836800984,20,41233,"Mike Evans"
"8164",2023122408,1428,35.1398272741316,72.864301952741,68.59675575922,29,41233,"Mike Evans"
"8165",2023122408,1610,5.38193415649186,8.36922718213399,8.3183647392526,20,41233,"Mike Evans"
"8166",2023122408,1640,7.74664361704733,14.4296481742514,14.4296481742514,17,41233,"Mike Evans"
"8167",2023122408,1670,15.4445272084754,30.8967101710655,27.2342125365561,27,41233,"Mike Evans"
"8168",2023122408,1777,20.3996771484845,36.8976139111928,30.1743912932316,18,41233,"Mike Evans"
"8169",2023122408,1802,14.5673585160027,71.4005755684699,68.5580731339873,27,41233,"Mike Evans"
"8170",2023122408,2150,22.0707598822949,59.6338969727711,59.0024727902158,31,41233,"Mike Evans"
"8171",2023122408,2173,17.2561238158054,66.820550931616,66.820550931616,25,41233,"Mike Evans"
"8172",2023122408,2198,5.84226902047823,58.0676044516942,58.0676044516942,30,41233,"Mike Evans"
"8173",2023122408,2536,28.3157448768153,52.5459819508046,36.1056326348201,35,41233,"Mike Evans"
"8174",2023122408,2605,6.62997923607581,12.269487899669,12.269487899669,24,41233,"Mike Evans"
"8175",2023122408,3139,17.5588556958256,33.1208974527242,33.1208974527242,22,41233,"Mike Evans"
"8176",2023122408,3352,31.3812590206786,49.5192845734651,23.4904969778153,20,41233,"Mike Evans"
"8177",2023122408,3377,33.6706062842107,86.8691084516394,76.7674650551698,57,41233,"Mike Evans"
"8178",2023122408,4169,22.1640862890834,32.1876423345766,30.6712407413446,23,41233,"Mike Evans"
"8179",2023122408,4245,17.7299792893881,48.25043394831,48.25043394831,27,41233,"Mike Evans"
"8180",2023123109,460,12.0419534923838,34.5171256373709,28.7732968485724,37,41233,"Mike Evans"
"8181",2023123109,631,21.893615250267,108.99587997201,108.99587997201,28,41233,"Mike Evans"
"8182",2023123109,766,47.2579097762192,98.2151999831564,69.7849229896037,31,41233,"Mike Evans"
"8183",2023123109,1234,7.9050146999449,43.5582600542782,42.5362421398262,32,41233,"Mike Evans"
"8184",2023123109,1314,16.2365873307253,34.5422894030881,34.1054546953993,31,41233,"Mike Evans"
"8185",2023123109,1616,7.15505646493006,22.0101154240166,22.0101154240166,24,41233,"Mike Evans"
"8186",2023123109,1639,6.4484439837172,11.2754071746207,10.5374623561352,30,41233,"Mike Evans"
"8187",2023123109,1970,5.44323346820675,15.8287732520825,15.8287732520825,22,41233,"Mike Evans"
"8188",2023123109,2015,33.7562734045835,133.230338777336,133.000442863966,44,41233,"Mike Evans"
"8189",2023123109,2235,11.460724083754,23.0387255029343,23.0387255029343,21,41233,"Mike Evans"
"8190",2023123109,2282,44.5968145374799,76.2121040768673,59.1958871191981,60,41233,"Mike Evans"
"8191",2023123109,2653,8.7052617726686,12.0924874460481,8.5409802021607,21,41233,"Mike Evans"
"8192",2023123109,2678,31.586672595421,65.4864994356797,61.7285053343889,45,41233,"Mike Evans"
"8193",2023123109,2728,16.3576907181291,46.7038787672062,46.7038787672062,30,41233,"Mike Evans"
"8194",2023123109,2977,25.6306061371358,83.9690636610598,78.4262705714958,30,41233,"Mike Evans"
"8195",2023123109,3009,8.254849085793,16.3148017091884,16.3148017091884,25,41233,"Mike Evans"
"8196",2023123109,3057,20.818820515936,65.5977995808174,65.5977995808174,28,41233,"Mike Evans"
"8197",2023123109,3087,9.27225936821943,28.2643554812486,28.2643554812486,23,41233,"Mike Evans"
"8198",2023123109,3210,8.19251184866361,58.1715214674277,58.1715214674277,30,41233,"Mike Evans"
"8199",2023123109,3240,25.5410314965901,65.8865821348255,65.8865821348255,42,41233,"Mike Evans"
"8200",2023123109,3364,18.510672144409,24.2764832667296,22.6384410487363,23,41233,"Mike Evans"
"8201",2023123109,3389,13.7156971145177,30.3095485898445,30.3095485898445,24,41233,"Mike Evans"
"8202",2023123109,3741,11.6235345029177,36.5676229347303,36.4516176864362,29,41233,"Mike Evans"
"8203",2023123109,3883,21.6489558019515,51.389716049029,51.389716049029,29,41233,"Mike Evans"
"8204",2023123109,3920,22.16143236617,39.7568257484761,39.7568257484761,46,41233,"Mike Evans"
"8205",2024010705,55,5.09733612719828,13.4351035998111,9.09670673521929,19,41233,"Mike Evans"
"8206",2024010705,80,10.7915923732468,18.8394184855653,17.403091865836,16,41233,"Mike Evans"
"8207",2024010705,153,21.1779306690691,28.3173632370558,17.1875528999796,27,41233,"Mike Evans"
"8208",2024010705,200,12.968186521269,16.7050690362714,14.8722067373542,25,41233,"Mike Evans"
"8209",2024010705,223,26.9510799481739,65.1342840144641,57.8573311477608,26,41233,"Mike Evans"
"8210",2024010705,418,2.57229924328937,7.15045464952987,7.15045464952987,23,41233,"Mike Evans"
"8211",2024010705,494,12.7512358211652,19.9788082654882,19.9788082654882,26,41233,"Mike Evans"
"8212",2024010705,519,39.2510528977292,163.364446938667,163.364446938667,33,41233,"Mike Evans"
"8213",2024010705,812,27.1705250759251,41.8673169139607,40.7346870513907,25,41233,"Mike Evans"
"8214",2024010705,1115,-0.33522945092087,3.58641804746326,1.379837082592,27,41233,"Mike Evans"
"8215",2024010705,1385,7.64811460633051,23.3288348563521,23.3288348563521,26,41233,"Mike Evans"
"8216",2024010705,1462,21.5944083555007,34.0927344089439,22.3626175412326,30,41233,"Mike Evans"
"8217",2024010705,1683,11.7956354155111,26.5592190538553,25.0971515070553,22,41233,"Mike Evans"
"8218",2024010705,1715,19.7021729906724,46.9166999154417,41.8123737703266,28,41233,"Mike Evans"
"8219",2024010705,1859,15.9356461650592,25.999340445709,25.999340445709,20,41233,"Mike Evans"
"8220",2024010705,1884,31.2353996447594,41.3694791812219,31.4158115318012,31,41233,"Mike Evans"
"8221",2024010705,1936,14.0910806249425,24.5238291480716,23.0924818398731,17,41233,"Mike Evans"
"8222",2024010705,1973,29.5465798698817,94.3137319528819,48.4208194858491,33,41233,"Mike Evans"
"8223",2024010705,2027,10.5020120043723,16.2687727150424,15.3017442379386,19,41233,"Mike Evans"
"8224",2024010705,2440,5.9904676971599,12.6706865907856,12.6706865907856,19,41233,"Mike Evans"
"8225",2024010705,2874,12.4043640031251,30.4979047099766,30.4979047099766,20,41233,"Mike Evans"
"8226",2024010705,2975,-0.625942747905933,4.32724822259439,4.32724822259439,13,41233,"Mike Evans"
"8227",2024010705,3000,13.6424506303855,48.7391768624955,48.7391768624955,32,41233,"Mike Evans"
"8228",2024010705,3462,17.7325532958773,24.5718931964884,22.0852409649896,19,41233,"Mike Evans"
